analytical_period,period_start,org_code,org_name,recovery_rate
pre_pandemic,2019-02-01,00C,NHS DARLINGTON CCG,46.0
pre_pandemic,2019-02-01,00D,"NHS DURHAM DALES, EASINGTON AND SEDGEFIELD CCG",49.0
pre_pandemic,2019-02-01,00J,NHS NORTH DURHAM CCG,56.0
pre_pandemic,2019-02-01,00K,NHS HARTLEPOOL AND STOCKTON-ON-TEES CCG,52.0
pre_pandemic,2019-02-01,00L,NHS NORTHUMBERLAND CCG,62.0
pre_pandemic,2019-02-01,00M,NHS SOUTH TEES CCG,53.0
pre_pandemic,2019-02-01,00N,NHS SOUTH TYNESIDE CCG,52.0
pre_pandemic,2019-02-01,00P,NHS SUNDERLAND CCG,56.0
pre_pandemic,2019-02-01,00Q,NHS BLACKBURN WITH DARWEN CCG,54.0
pre_pandemic,2019-02-01,00R,NHS BLACKPOOL CCG,56.0
pre_pandemic,2019-02-01,00T,NHS BOLTON CCG,52.0
pre_pandemic,2019-02-01,00V,NHS BURY CCG,53.0
pre_pandemic,2019-02-01,00X,NHS CHORLEY AND SOUTH RIBBLE CCG,60.0
pre_pandemic,2019-02-01,00Y,NHS OLDHAM CCG,58.0
pre_pandemic,2019-02-01,01A,NHS EAST LANCASHIRE CCG,51.0
pre_pandemic,2019-02-01,01C,NHS EASTERN CHESHIRE CCG,50.0
pre_pandemic,2019-02-01,01D,"NHS HEYWOOD, MIDDLETON AND ROCHDALE CCG",48.0
pre_pandemic,2019-02-01,01E,NHS GREATER PRESTON CCG,53.0
pre_pandemic,2019-02-01,01F,NHS HALTON CCG,52.0
pre_pandemic,2019-02-01,01G,NHS SALFORD CCG,49.0
pre_pandemic,2019-02-01,01H,NHS NORTH CUMBRIA CCG,48.0
pre_pandemic,2019-02-01,01J,NHS KNOWSLEY CCG,49.0
pre_pandemic,2019-02-01,01K,NHS MORECAMBE BAY CCG,54.0
pre_pandemic,2019-02-01,01R,NHS SOUTH CHESHIRE CCG,60.0
pre_pandemic,2019-02-01,01T,NHS SOUTH SEFTON CCG,47.0
pre_pandemic,2019-02-01,01V,NHS SOUTHPORT AND FORMBY CCG,61.0
pre_pandemic,2019-02-01,01W,NHS STOCKPORT CCG,57.0
pre_pandemic,2019-02-01,01X,NHS ST HELENS CCG,46.0
pre_pandemic,2019-02-01,01Y,NHS TAMESIDE AND GLOSSOP CCG,48.0
pre_pandemic,2019-02-01,02A,NHS TRAFFORD CCG,54.0
pre_pandemic,2019-02-01,02D,NHS VALE ROYAL CCG,30.0
pre_pandemic,2019-02-01,02E,NHS WARRINGTON CCG,56.0
pre_pandemic,2019-02-01,02F,NHS WEST CHESHIRE CCG,54.0
pre_pandemic,2019-02-01,02G,NHS WEST LANCASHIRE CCG,49.0
pre_pandemic,2019-02-01,02H,NHS WIGAN BOROUGH CCG,56.0
pre_pandemic,2019-02-01,02M,NHS FYLDE AND WYRE CCG,57.0
pre_pandemic,2019-02-01,02N,"NHS AIREDALE, WHARFEDALE AND CRAVEN CCG",58.0
pre_pandemic,2019-02-01,02P,NHS BARNSLEY CCG,50.0
pre_pandemic,2019-02-01,02Q,NHS BASSETLAW CCG,55.0
pre_pandemic,2019-02-01,02R,NHS BRADFORD DISTRICTS CCG,59.0
pre_pandemic,2019-02-01,02T,NHS CALDERDALE CCG,59.0
pre_pandemic,2019-02-01,02W,NHS BRADFORD CITY CCG,46.0
pre_pandemic,2019-02-01,02X,NHS DONCASTER CCG,56.0
pre_pandemic,2019-02-01,02Y,NHS EAST RIDING OF YORKSHIRE CCG,55.0
pre_pandemic,2019-02-01,03A,NHS GREATER HUDDERSFIELD CCG,54.0
pre_pandemic,2019-02-01,03D,"NHS HAMBLETON, RICHMONDSHIRE AND WHITBY CCG",55.0
pre_pandemic,2019-02-01,03E,NHS HARROGATE AND RURAL DISTRICT CCG,69.0
pre_pandemic,2019-02-01,03F,NHS HULL CCG,59.0
pre_pandemic,2019-02-01,03H,NHS NORTH EAST LINCOLNSHIRE CCG,41.0
pre_pandemic,2019-02-01,03J,NHS NORTH KIRKLEES CCG,59.0
pre_pandemic,2019-02-01,03K,NHS NORTH LINCOLNSHIRE CCG,46.0
pre_pandemic,2019-02-01,03L,NHS ROTHERHAM CCG,59.0
pre_pandemic,2019-02-01,03M,NHS SCARBOROUGH AND RYEDALE CCG,53.0
pre_pandemic,2019-02-01,03N,NHS SHEFFIELD CCG,52.0
pre_pandemic,2019-02-01,03Q,NHS VALE OF YORK CCG,53.0
pre_pandemic,2019-02-01,03R,NHS WAKEFIELD CCG,51.0
pre_pandemic,2019-02-01,03T,NHS LINCOLNSHIRE EAST CCG,52.0
pre_pandemic,2019-02-01,03V,NHS CORBY CCG,52.0
pre_pandemic,2019-02-01,03W,NHS EAST LEICESTERSHIRE AND RUTLAND CCG,56.0
pre_pandemic,2019-02-01,03X,NHS EREWASH CCG,59.0
pre_pandemic,2019-02-01,03Y,NHS HARDWICK CCG,60.0
pre_pandemic,2019-02-01,04C,NHS LEICESTER CITY CCG,54.0
pre_pandemic,2019-02-01,04D,NHS LINCOLNSHIRE WEST CCG,49.0
pre_pandemic,2019-02-01,04E,NHS MANSFIELD AND ASHFIELD CCG,55.0
pre_pandemic,2019-02-01,04F,NHS MILTON KEYNES CCG,45.0
pre_pandemic,2019-02-01,04G,NHS NENE CCG,51.0
pre_pandemic,2019-02-01,04H,NHS NEWARK AND SHERWOOD CCG,62.0
pre_pandemic,2019-02-01,04J,NHS NORTH DERBYSHIRE CCG,61.0
pre_pandemic,2019-02-01,04K,NHS NOTTINGHAM CITY CCG,56.0
pre_pandemic,2019-02-01,04L,NHS NOTTINGHAM NORTH AND EAST CCG,61.0
pre_pandemic,2019-02-01,04M,NHS NOTTINGHAM WEST CCG,55.0
pre_pandemic,2019-02-01,04N,NHS RUSHCLIFFE CCG,63.0
pre_pandemic,2019-02-01,04Q,NHS SOUTH WEST LINCOLNSHIRE CCG,55.0
pre_pandemic,2019-02-01,04R,NHS SOUTHERN DERBYSHIRE CCG,58.0
pre_pandemic,2019-02-01,04V,NHS WEST LEICESTERSHIRE CCG,48.0
pre_pandemic,2019-02-01,04Y,NHS CANNOCK CHASE CCG,59.0
pre_pandemic,2019-02-01,05A,NHS COVENTRY AND RUGBY CCG,60.0
pre_pandemic,2019-02-01,05C,NHS DUDLEY CCG,43.0
pre_pandemic,2019-02-01,05D,NHS EAST STAFFORDSHIRE CCG,58.0
pre_pandemic,2019-02-01,05F,NHS HEREFORDSHIRE CCG,51.0
pre_pandemic,2019-02-01,05G,NHS NORTH STAFFORDSHIRE CCG,62.0
pre_pandemic,2019-02-01,05H,NHS WARWICKSHIRE NORTH CCG,65.0
pre_pandemic,2019-02-01,05J,NHS REDDITCH AND BROMSGROVE CCG,53.0
pre_pandemic,2019-02-01,05L,NHS SANDWELL AND WEST BIRMINGHAM CCG,61.0
pre_pandemic,2019-02-01,05N,NHS SHROPSHIRE CCG,52.0
pre_pandemic,2019-02-01,05Q,NHS SOUTH EAST STAFFORDSHIRE AND SEISDON PENINSULA CCG,53.0
pre_pandemic,2019-02-01,05R,NHS SOUTH WARWICKSHIRE CCG,58.0
pre_pandemic,2019-02-01,05T,NHS SOUTH WORCESTERSHIRE CCG,56.0
pre_pandemic,2019-02-01,05V,NHS STAFFORD AND SURROUNDS CCG,52.0
pre_pandemic,2019-02-01,05W,NHS STOKE ON TRENT CCG,63.0
pre_pandemic,2019-02-01,05X,NHS TELFORD AND WREKIN CCG,66.0
pre_pandemic,2019-02-01,05Y,NHS WALSALL CCG,49.0
pre_pandemic,2019-02-01,06A,NHS WOLVERHAMPTON CCG,60.0
pre_pandemic,2019-02-01,06D,NHS WYRE FOREST CCG,64.0
pre_pandemic,2019-02-01,06F,NHS BEDFORDSHIRE CCG,53.0
pre_pandemic,2019-02-01,06H,NHS CAMBRIDGESHIRE AND PETERBOROUGH CCG,51.0
pre_pandemic,2019-02-01,06K,NHS EAST AND NORTH HERTFORDSHIRE CCG,54.0
pre_pandemic,2019-02-01,06L,NHS IPSWICH AND EAST SUFFOLK CCG,52.0
pre_pandemic,2019-02-01,06M,NHS GREAT YARMOUTH AND WAVENEY CCG,66.0
pre_pandemic,2019-02-01,06N,NHS HERTS VALLEYS CCG,54.0
pre_pandemic,2019-02-01,06P,NHS LUTON CCG,51.0
pre_pandemic,2019-02-01,06Q,NHS MID ESSEX CCG,52.0
pre_pandemic,2019-02-01,06T,NHS NORTH EAST ESSEX CCG,58.0
pre_pandemic,2019-02-01,06V,NHS NORTH NORFOLK CCG,56.0
pre_pandemic,2019-02-01,06W,NHS NORWICH CCG,53.0
pre_pandemic,2019-02-01,06Y,NHS SOUTH NORFOLK CCG,66.0
pre_pandemic,2019-02-01,07G,NHS THURROCK CCG,56.0
pre_pandemic,2019-02-01,07H,NHS WEST ESSEX CCG,50.0
pre_pandemic,2019-02-01,07J,NHS WEST NORFOLK CCG,53.0
pre_pandemic,2019-02-01,07K,NHS WEST SUFFOLK CCG,51.0
pre_pandemic,2019-02-01,07L,NHS BARKING AND DAGENHAM CCG,47.0
pre_pandemic,2019-02-01,07M,NHS BARNET CCG,52.0
pre_pandemic,2019-02-01,07N,NHS BEXLEY CCG,50.0
pre_pandemic,2019-02-01,07P,NHS BRENT CCG,52.0
pre_pandemic,2019-02-01,07Q,NHS BROMLEY CCG,60.0
pre_pandemic,2019-02-01,07R,NHS CAMDEN CCG,49.0
pre_pandemic,2019-02-01,07T,NHS CITY AND HACKNEY CCG,59.0
pre_pandemic,2019-02-01,07V,NHS CROYDON CCG,48.0
pre_pandemic,2019-02-01,07W,NHS EALING CCG,49.0
pre_pandemic,2019-02-01,07X,NHS ENFIELD CCG,52.0
pre_pandemic,2019-02-01,07Y,NHS HOUNSLOW CCG,53.0
pre_pandemic,2019-02-01,08A,NHS GREENWICH CCG,51.0
pre_pandemic,2019-02-01,08C,NHS HAMMERSMITH AND FULHAM CCG,55.0
pre_pandemic,2019-02-01,08D,NHS HARINGEY CCG,64.0
pre_pandemic,2019-02-01,08E,NHS HARROW CCG,56.0
pre_pandemic,2019-02-01,08F,NHS HAVERING CCG,52.0
pre_pandemic,2019-02-01,08G,NHS HILLINGDON CCG,52.0
pre_pandemic,2019-02-01,08H,NHS ISLINGTON CCG,43.0
pre_pandemic,2019-02-01,08J,NHS KINGSTON CCG,56.0
pre_pandemic,2019-02-01,08K,NHS LAMBETH CCG,55.0
pre_pandemic,2019-02-01,08L,NHS LEWISHAM CCG,49.0
pre_pandemic,2019-02-01,08M,NHS NEWHAM CCG,50.0
pre_pandemic,2019-02-01,08N,NHS REDBRIDGE CCG,49.0
pre_pandemic,2019-02-01,08Q,NHS SOUTHWARK CCG,51.0
pre_pandemic,2019-02-01,08R,NHS MERTON CCG,49.0
pre_pandemic,2019-02-01,08T,NHS SUTTON CCG,46.0
pre_pandemic,2019-02-01,08V,NHS TOWER HAMLETS CCG,52.0
pre_pandemic,2019-02-01,08W,NHS WALTHAM FOREST CCG,54.0
pre_pandemic,2019-02-01,08X,NHS WANDSWORTH CCG,55.0
pre_pandemic,2019-02-01,08Y,NHS WEST LONDON CCG,53.0
pre_pandemic,2019-02-01,09A,NHS CENTRAL LONDON (WESTMINSTER) CCG,61.0
pre_pandemic,2019-02-01,09C,NHS ASHFORD CCG,44.0
pre_pandemic,2019-02-01,09D,NHS BRIGHTON AND HOVE CCG,44.0
pre_pandemic,2019-02-01,09E,NHS CANTERBURY AND COASTAL CCG,55.0
pre_pandemic,2019-02-01,09F,"NHS EASTBOURNE, HAILSHAM AND SEAFORD CCG",49.0
pre_pandemic,2019-02-01,09G,NHS COASTAL WEST SUSSEX CCG,60.0
pre_pandemic,2019-02-01,09H,NHS CRAWLEY CCG,55.0
pre_pandemic,2019-02-01,09J,"NHS DARTFORD, GRAVESHAM AND SWANLEY CCG",49.0
pre_pandemic,2019-02-01,09L,NHS EAST SURREY CCG,54.0
pre_pandemic,2019-02-01,09N,NHS GUILDFORD AND WAVERLEY CCG,55.0
pre_pandemic,2019-02-01,09P,NHS HASTINGS AND ROTHER CCG,48.0
pre_pandemic,2019-02-01,09W,NHS MEDWAY CCG,58.0
pre_pandemic,2019-02-01,09X,NHS HORSHAM AND MID SUSSEX CCG,61.0
pre_pandemic,2019-02-01,09Y,NHS NORTH WEST SURREY CCG,53.0
pre_pandemic,2019-02-01,10A,NHS SOUTH KENT COAST CCG,58.0
pre_pandemic,2019-02-01,10C,NHS SURREY HEATH CCG,60.0
pre_pandemic,2019-02-01,10D,NHS SWALE CCG,51.0
pre_pandemic,2019-02-01,10E,NHS THANET CCG,55.0
pre_pandemic,2019-02-01,10J,NHS NORTH HAMPSHIRE CCG,59.0
pre_pandemic,2019-02-01,10K,NHS FAREHAM AND GOSPORT CCG,55.0
pre_pandemic,2019-02-01,10L,NHS ISLE OF WIGHT CCG,61.0
pre_pandemic,2019-02-01,10Q,NHS OXFORDSHIRE CCG,51.0
pre_pandemic,2019-02-01,10R,NHS PORTSMOUTH CCG,53.0
pre_pandemic,2019-02-01,10V,NHS SOUTH EASTERN HAMPSHIRE CCG,58.0
pre_pandemic,2019-02-01,10X,NHS SOUTHAMPTON CCG,49.0
pre_pandemic,2019-02-01,11A,NHS WEST HAMPSHIRE CCG,55.0
pre_pandemic,2019-02-01,11E,NHS BATH AND NORTH EAST SOMERSET CCG,55.0
pre_pandemic,2019-02-01,11J,NHS DORSET CCG,55.0
pre_pandemic,2019-02-01,11M,NHS GLOUCESTERSHIRE CCG,51.0
pre_pandemic,2019-02-01,11N,NHS KERNOW CCG,36.0
pre_pandemic,2019-02-01,11X,NHS SOMERSET CCG,57.0
pre_pandemic,2019-02-01,12D,NHS SWINDON CCG,50.0
pre_pandemic,2019-02-01,12F,NHS WIRRAL CCG,31.0
pre_pandemic,2019-02-01,13Q,NATIONAL COMMISSIONING HUB 1,67.0
pre_pandemic,2019-02-01,13T,NHS NEWCASTLE GATESHEAD CCG,46.0
pre_pandemic,2019-02-01,14E,EAST OF ENGLAND COMMISSIONING HUB,54.0
pre_pandemic,2019-02-01,14L,NHS MANCHESTER CCG,46.0
pre_pandemic,2019-02-01,14Y,NHS BUCKINGHAMSHIRE CCG,60.0
pre_pandemic,2019-02-01,15A,NHS BERKSHIRE WEST CCG,59.0
pre_pandemic,2019-02-01,15C,"NHS BRISTOL, NORTH SOMERSET AND SOUTH GLOUCESTERSHIRE CCG",48.0
pre_pandemic,2019-02-01,15D,NHS EAST BERKSHIRE CCG,53.0
pre_pandemic,2019-02-01,15E,NHS BIRMINGHAM AND SOLIHULL CCG,58.0
pre_pandemic,2019-02-01,15F,NHS LEEDS CCG,55.0
pre_pandemic,2019-02-01,15M,NHS DERBY AND DERBYSHIRE CCG,-0.0
pre_pandemic,2019-02-01,15N,NHS DEVON CCG,-0.0
pre_pandemic,2019-02-01,99A,NHS LIVERPOOL CCG,50.0
pre_pandemic,2019-02-01,99C,NHS NORTH TYNESIDE CCG,61.0
pre_pandemic,2019-02-01,99D,NHS SOUTH LINCOLNSHIRE CCG,50.0
pre_pandemic,2019-02-01,99E,NHS BASILDON AND BRENTWOOD CCG,69.0
pre_pandemic,2019-02-01,99F,NHS CASTLE POINT AND ROCHFORD CCG,80.0
pre_pandemic,2019-02-01,99G,NHS SOUTHEND CCG,89.0
pre_pandemic,2019-02-01,99H,NHS SURREY DOWNS CCG,54.0
pre_pandemic,2019-02-01,99J,NHS WEST KENT CCG,44.0
pre_pandemic,2019-02-01,99K,NHS HIGH WEALD LEWES HAVENS CCG,55.0
pre_pandemic,2019-02-01,99M,NHS NORTH EAST HAMPSHIRE AND FARNHAM CCG,60.0
pre_pandemic,2019-02-01,99N,NHS WILTSHIRE CCG,53.0
pre_pandemic,2019-02-01,99P,"NHS NORTHERN, EASTERN AND WESTERN DEVON CCG",47.0
pre_pandemic,2019-02-01,99Q,NHS SOUTH DEVON AND TORBAY CCG,47.0
pre_pandemic,2019-03-01,00C,NHS DARLINGTON CCG,53.0
pre_pandemic,2019-03-01,00D,"NHS DURHAM DALES, EASINGTON AND SEDGEFIELD CCG",45.0
pre_pandemic,2019-03-01,00J,NHS NORTH DURHAM CCG,47.0
pre_pandemic,2019-03-01,00K,NHS HARTLEPOOL AND STOCKTON-ON-TEES CCG,55.0
pre_pandemic,2019-03-01,00L,NHS NORTHUMBERLAND CCG,61.0
pre_pandemic,2019-03-01,00M,NHS SOUTH TEES CCG,49.0
pre_pandemic,2019-03-01,00N,NHS SOUTH TYNESIDE CCG,56.0
pre_pandemic,2019-03-01,00P,NHS SUNDERLAND CCG,55.0
pre_pandemic,2019-03-01,00Q,NHS BLACKBURN WITH DARWEN CCG,54.0
pre_pandemic,2019-03-01,00R,NHS BLACKPOOL CCG,58.0
pre_pandemic,2019-03-01,00T,NHS BOLTON CCG,56.0
pre_pandemic,2019-03-01,00V,NHS BURY CCG,51.0
pre_pandemic,2019-03-01,00X,NHS CHORLEY AND SOUTH RIBBLE CCG,52.0
pre_pandemic,2019-03-01,00Y,NHS OLDHAM CCG,54.0
pre_pandemic,2019-03-01,01A,NHS EAST LANCASHIRE CCG,52.0
pre_pandemic,2019-03-01,01C,NHS EASTERN CHESHIRE CCG,43.0
pre_pandemic,2019-03-01,01D,"NHS HEYWOOD, MIDDLETON AND ROCHDALE CCG",50.0
pre_pandemic,2019-03-01,01E,NHS GREATER PRESTON CCG,46.0
pre_pandemic,2019-03-01,01F,NHS HALTON CCG,55.0
pre_pandemic,2019-03-01,01G,NHS SALFORD CCG,43.0
pre_pandemic,2019-03-01,01H,NHS NORTH CUMBRIA CCG,53.0
pre_pandemic,2019-03-01,01J,NHS KNOWSLEY CCG,51.0
pre_pandemic,2019-03-01,01K,NHS MORECAMBE BAY CCG,59.0
pre_pandemic,2019-03-01,01R,NHS SOUTH CHESHIRE CCG,49.0
pre_pandemic,2019-03-01,01T,NHS SOUTH SEFTON CCG,44.0
pre_pandemic,2019-03-01,01V,NHS SOUTHPORT AND FORMBY CCG,48.0
pre_pandemic,2019-03-01,01W,NHS STOCKPORT CCG,56.0
pre_pandemic,2019-03-01,01X,NHS ST HELENS CCG,49.0
pre_pandemic,2019-03-01,01Y,NHS TAMESIDE AND GLOSSOP CCG,49.0
pre_pandemic,2019-03-01,02A,NHS TRAFFORD CCG,53.0
pre_pandemic,2019-03-01,02D,NHS VALE ROYAL CCG,35.0
pre_pandemic,2019-03-01,02E,NHS WARRINGTON CCG,52.0
pre_pandemic,2019-03-01,02F,NHS WEST CHESHIRE CCG,52.0
pre_pandemic,2019-03-01,02G,NHS WEST LANCASHIRE CCG,49.0
pre_pandemic,2019-03-01,02H,NHS WIGAN BOROUGH CCG,54.0
pre_pandemic,2019-03-01,02M,NHS FYLDE AND WYRE CCG,57.0
pre_pandemic,2019-03-01,02N,"NHS AIREDALE, WHARFEDALE AND CRAVEN CCG",57.0
pre_pandemic,2019-03-01,02P,NHS BARNSLEY CCG,52.0
pre_pandemic,2019-03-01,02Q,NHS BASSETLAW CCG,58.0
pre_pandemic,2019-03-01,02R,NHS BRADFORD DISTRICTS CCG,52.0
pre_pandemic,2019-03-01,02T,NHS CALDERDALE CCG,59.0
pre_pandemic,2019-03-01,02W,NHS BRADFORD CITY CCG,44.0
pre_pandemic,2019-03-01,02X,NHS DONCASTER CCG,63.0
pre_pandemic,2019-03-01,02Y,NHS EAST RIDING OF YORKSHIRE CCG,62.0
pre_pandemic,2019-03-01,03A,NHS GREATER HUDDERSFIELD CCG,59.0
pre_pandemic,2019-03-01,03D,"NHS HAMBLETON, RICHMONDSHIRE AND WHITBY CCG",54.0
pre_pandemic,2019-03-01,03E,NHS HARROGATE AND RURAL DISTRICT CCG,65.0
pre_pandemic,2019-03-01,03F,NHS HULL CCG,56.0
pre_pandemic,2019-03-01,03H,NHS NORTH EAST LINCOLNSHIRE CCG,49.0
pre_pandemic,2019-03-01,03J,NHS NORTH KIRKLEES CCG,53.0
pre_pandemic,2019-03-01,03K,NHS NORTH LINCOLNSHIRE CCG,46.0
pre_pandemic,2019-03-01,03L,NHS ROTHERHAM CCG,55.0
pre_pandemic,2019-03-01,03M,NHS SCARBOROUGH AND RYEDALE CCG,55.0
pre_pandemic,2019-03-01,03N,NHS SHEFFIELD CCG,54.0
pre_pandemic,2019-03-01,03Q,NHS VALE OF YORK CCG,48.0
pre_pandemic,2019-03-01,03R,NHS WAKEFIELD CCG,51.0
pre_pandemic,2019-03-01,03T,NHS LINCOLNSHIRE EAST CCG,52.0
pre_pandemic,2019-03-01,03V,NHS CORBY CCG,49.0
pre_pandemic,2019-03-01,03W,NHS EAST LEICESTERSHIRE AND RUTLAND CCG,47.0
pre_pandemic,2019-03-01,03X,NHS EREWASH CCG,60.0
pre_pandemic,2019-03-01,03Y,NHS HARDWICK CCG,55.0
pre_pandemic,2019-03-01,04C,NHS LEICESTER CITY CCG,53.0
pre_pandemic,2019-03-01,04D,NHS LINCOLNSHIRE WEST CCG,50.0
pre_pandemic,2019-03-01,04E,NHS MANSFIELD AND ASHFIELD CCG,50.0
pre_pandemic,2019-03-01,04F,NHS MILTON KEYNES CCG,54.0
pre_pandemic,2019-03-01,04G,NHS NENE CCG,50.0
pre_pandemic,2019-03-01,04H,NHS NEWARK AND SHERWOOD CCG,51.0
pre_pandemic,2019-03-01,04J,NHS NORTH DERBYSHIRE CCG,57.0
pre_pandemic,2019-03-01,04K,NHS NOTTINGHAM CITY CCG,51.0
pre_pandemic,2019-03-01,04L,NHS NOTTINGHAM NORTH AND EAST CCG,52.0
pre_pandemic,2019-03-01,04M,NHS NOTTINGHAM WEST CCG,60.0
pre_pandemic,2019-03-01,04N,NHS RUSHCLIFFE CCG,54.0
pre_pandemic,2019-03-01,04Q,NHS SOUTH WEST LINCOLNSHIRE CCG,57.0
pre_pandemic,2019-03-01,04R,NHS SOUTHERN DERBYSHIRE CCG,60.0
pre_pandemic,2019-03-01,04V,NHS WEST LEICESTERSHIRE CCG,47.0
pre_pandemic,2019-03-01,04Y,NHS CANNOCK CHASE CCG,55.0
pre_pandemic,2019-03-01,05A,NHS COVENTRY AND RUGBY CCG,61.0
pre_pandemic,2019-03-01,05C,NHS DUDLEY CCG,50.0
pre_pandemic,2019-03-01,05D,NHS EAST STAFFORDSHIRE CCG,62.0
pre_pandemic,2019-03-01,05F,NHS HEREFORDSHIRE CCG,55.0
pre_pandemic,2019-03-01,05G,NHS NORTH STAFFORDSHIRE CCG,60.0
pre_pandemic,2019-03-01,05H,NHS WARWICKSHIRE NORTH CCG,57.0
pre_pandemic,2019-03-01,05J,NHS REDDITCH AND BROMSGROVE CCG,43.0
pre_pandemic,2019-03-01,05L,NHS SANDWELL AND WEST BIRMINGHAM CCG,62.0
pre_pandemic,2019-03-01,05N,NHS SHROPSHIRE CCG,56.0
pre_pandemic,2019-03-01,05Q,NHS SOUTH EAST STAFFORDSHIRE AND SEISDON PENINSULA CCG,59.0
pre_pandemic,2019-03-01,05R,NHS SOUTH WARWICKSHIRE CCG,59.0
pre_pandemic,2019-03-01,05T,NHS SOUTH WORCESTERSHIRE CCG,49.0
pre_pandemic,2019-03-01,05V,NHS STAFFORD AND SURROUNDS CCG,61.0
pre_pandemic,2019-03-01,05W,NHS STOKE ON TRENT CCG,67.0
pre_pandemic,2019-03-01,05X,NHS TELFORD AND WREKIN CCG,61.0
pre_pandemic,2019-03-01,05Y,NHS WALSALL CCG,52.0
pre_pandemic,2019-03-01,06A,NHS WOLVERHAMPTON CCG,52.0
pre_pandemic,2019-03-01,06D,NHS WYRE FOREST CCG,68.0
pre_pandemic,2019-03-01,06F,NHS BEDFORDSHIRE CCG,53.0
pre_pandemic,2019-03-01,06H,NHS CAMBRIDGESHIRE AND PETERBOROUGH CCG,52.0
pre_pandemic,2019-03-01,06K,NHS EAST AND NORTH HERTFORDSHIRE CCG,49.0
pre_pandemic,2019-03-01,06L,NHS IPSWICH AND EAST SUFFOLK CCG,53.0
pre_pandemic,2019-03-01,06M,NHS GREAT YARMOUTH AND WAVENEY CCG,53.0
pre_pandemic,2019-03-01,06N,NHS HERTS VALLEYS CCG,50.0
pre_pandemic,2019-03-01,06P,NHS LUTON CCG,49.0
pre_pandemic,2019-03-01,06Q,NHS MID ESSEX CCG,54.0
pre_pandemic,2019-03-01,06T,NHS NORTH EAST ESSEX CCG,53.0
pre_pandemic,2019-03-01,06V,NHS NORTH NORFOLK CCG,53.0
pre_pandemic,2019-03-01,06W,NHS NORWICH CCG,50.0
pre_pandemic,2019-03-01,06Y,NHS SOUTH NORFOLK CCG,60.0
pre_pandemic,2019-03-01,07G,NHS THURROCK CCG,61.0
pre_pandemic,2019-03-01,07H,NHS WEST ESSEX CCG,50.0
pre_pandemic,2019-03-01,07J,NHS WEST NORFOLK CCG,59.0
pre_pandemic,2019-03-01,07K,NHS WEST SUFFOLK CCG,53.0
pre_pandemic,2019-03-01,07L,NHS BARKING AND DAGENHAM CCG,58.0
pre_pandemic,2019-03-01,07M,NHS BARNET CCG,56.0
pre_pandemic,2019-03-01,07N,NHS BEXLEY CCG,49.0
pre_pandemic,2019-03-01,07P,NHS BRENT CCG,58.0
pre_pandemic,2019-03-01,07Q,NHS BROMLEY CCG,55.0
pre_pandemic,2019-03-01,07R,NHS CAMDEN CCG,49.0
pre_pandemic,2019-03-01,07T,NHS CITY AND HACKNEY CCG,58.0
pre_pandemic,2019-03-01,07V,NHS CROYDON CCG,60.0
pre_pandemic,2019-03-01,07W,NHS EALING CCG,46.0
pre_pandemic,2019-03-01,07X,NHS ENFIELD CCG,55.0
pre_pandemic,2019-03-01,07Y,NHS HOUNSLOW CCG,50.0
pre_pandemic,2019-03-01,08A,NHS GREENWICH CCG,57.0
pre_pandemic,2019-03-01,08C,NHS HAMMERSMITH AND FULHAM CCG,54.0
pre_pandemic,2019-03-01,08D,NHS HARINGEY CCG,61.0
pre_pandemic,2019-03-01,08E,NHS HARROW CCG,56.0
pre_pandemic,2019-03-01,08F,NHS HAVERING CCG,53.0
pre_pandemic,2019-03-01,08G,NHS HILLINGDON CCG,53.0
pre_pandemic,2019-03-01,08H,NHS ISLINGTON CCG,57.0
pre_pandemic,2019-03-01,08J,NHS KINGSTON CCG,55.0
pre_pandemic,2019-03-01,08K,NHS LAMBETH CCG,51.0
pre_pandemic,2019-03-01,08L,NHS LEWISHAM CCG,61.0
pre_pandemic,2019-03-01,08M,NHS NEWHAM CCG,56.0
pre_pandemic,2019-03-01,08N,NHS REDBRIDGE CCG,57.0
pre_pandemic,2019-03-01,08P,NHS RICHMOND CCG,50.0
pre_pandemic,2019-03-01,08Q,NHS SOUTHWARK CCG,51.0
pre_pandemic,2019-03-01,08R,NHS MERTON CCG,51.0
pre_pandemic,2019-03-01,08T,NHS SUTTON CCG,46.0
pre_pandemic,2019-03-01,08V,NHS TOWER HAMLETS CCG,53.0
pre_pandemic,2019-03-01,08W,NHS WALTHAM FOREST CCG,56.0
pre_pandemic,2019-03-01,08X,NHS WANDSWORTH CCG,55.0
pre_pandemic,2019-03-01,08Y,NHS WEST LONDON CCG,48.0
pre_pandemic,2019-03-01,09A,NHS CENTRAL LONDON (WESTMINSTER) CCG,58.0
pre_pandemic,2019-03-01,09C,NHS ASHFORD CCG,56.0
pre_pandemic,2019-03-01,09D,NHS BRIGHTON AND HOVE CCG,48.0
pre_pandemic,2019-03-01,09E,NHS CANTERBURY AND COASTAL CCG,51.0
pre_pandemic,2019-03-01,09F,"NHS EASTBOURNE, HAILSHAM AND SEAFORD CCG",53.0
pre_pandemic,2019-03-01,09G,NHS COASTAL WEST SUSSEX CCG,61.0
pre_pandemic,2019-03-01,09H,NHS CRAWLEY CCG,54.0
pre_pandemic,2019-03-01,09J,"NHS DARTFORD, GRAVESHAM AND SWANLEY CCG",51.0
pre_pandemic,2019-03-01,09L,NHS EAST SURREY CCG,55.0
pre_pandemic,2019-03-01,09N,NHS GUILDFORD AND WAVERLEY CCG,51.0
pre_pandemic,2019-03-01,09P,NHS HASTINGS AND ROTHER CCG,52.0
pre_pandemic,2019-03-01,09W,NHS MEDWAY CCG,61.0
pre_pandemic,2019-03-01,09X,NHS HORSHAM AND MID SUSSEX CCG,65.0
pre_pandemic,2019-03-01,09Y,NHS NORTH WEST SURREY CCG,56.0
pre_pandemic,2019-03-01,10A,NHS SOUTH KENT COAST CCG,64.0
pre_pandemic,2019-03-01,10C,NHS SURREY HEATH CCG,53.0
pre_pandemic,2019-03-01,10D,NHS SWALE CCG,56.0
pre_pandemic,2019-03-01,10E,NHS THANET CCG,66.0
pre_pandemic,2019-03-01,10J,NHS NORTH HAMPSHIRE CCG,45.0
pre_pandemic,2019-03-01,10K,NHS FAREHAM AND GOSPORT CCG,52.0
pre_pandemic,2019-03-01,10L,NHS ISLE OF WIGHT CCG,56.0
pre_pandemic,2019-03-01,10Q,NHS OXFORDSHIRE CCG,50.0
pre_pandemic,2019-03-01,10R,NHS PORTSMOUTH CCG,62.0
pre_pandemic,2019-03-01,10V,NHS SOUTH EASTERN HAMPSHIRE CCG,54.0
pre_pandemic,2019-03-01,10X,NHS SOUTHAMPTON CCG,55.0
pre_pandemic,2019-03-01,11A,NHS WEST HAMPSHIRE CCG,53.0
pre_pandemic,2019-03-01,11E,NHS BATH AND NORTH EAST SOMERSET CCG,57.0
pre_pandemic,2019-03-01,11J,NHS DORSET CCG,53.0
pre_pandemic,2019-03-01,11M,NHS GLOUCESTERSHIRE CCG,55.0
pre_pandemic,2019-03-01,11N,NHS KERNOW CCG,47.0
pre_pandemic,2019-03-01,11X,NHS SOMERSET CCG,62.0
pre_pandemic,2019-03-01,12D,NHS SWINDON CCG,47.0
pre_pandemic,2019-03-01,12F,NHS WIRRAL CCG,35.0
pre_pandemic,2019-03-01,13Q,NATIONAL COMMISSIONING HUB 1,59.0
pre_pandemic,2019-03-01,13T,NHS NEWCASTLE GATESHEAD CCG,52.0
pre_pandemic,2019-03-01,14E,EAST OF ENGLAND COMMISSIONING HUB,53.0
pre_pandemic,2019-03-01,14L,NHS MANCHESTER CCG,50.0
pre_pandemic,2019-03-01,14Y,NHS BUCKINGHAMSHIRE CCG,61.0
pre_pandemic,2019-03-01,15A,NHS BERKSHIRE WEST CCG,56.0
pre_pandemic,2019-03-01,15C,"NHS BRISTOL, NORTH SOMERSET AND SOUTH GLOUCESTERSHIRE CCG",44.0
pre_pandemic,2019-03-01,15D,NHS EAST BERKSHIRE CCG,54.0
pre_pandemic,2019-03-01,15E,NHS BIRMINGHAM AND SOLIHULL CCG,53.0
pre_pandemic,2019-03-01,15F,NHS LEEDS CCG,54.0
pre_pandemic,2019-03-01,15M,NHS DERBY AND DERBYSHIRE CCG,-0.0
pre_pandemic,2019-03-01,15N,NHS DEVON CCG,-0.0
pre_pandemic,2019-03-01,99A,NHS LIVERPOOL CCG,29.0
pre_pandemic,2019-03-01,99C,NHS NORTH TYNESIDE CCG,55.0
pre_pandemic,2019-03-01,99D,NHS SOUTH LINCOLNSHIRE CCG,49.0
pre_pandemic,2019-03-01,99E,NHS BASILDON AND BRENTWOOD CCG,35.0
pre_pandemic,2019-03-01,99F,NHS CASTLE POINT AND ROCHFORD CCG,53.0
pre_pandemic,2019-03-01,99G,NHS SOUTHEND CCG,58.0
pre_pandemic,2019-03-01,99H,NHS SURREY DOWNS CCG,54.0
pre_pandemic,2019-03-01,99J,NHS WEST KENT CCG,50.0
pre_pandemic,2019-03-01,99K,NHS HIGH WEALD LEWES HAVENS CCG,55.0
pre_pandemic,2019-03-01,99M,NHS NORTH EAST HAMPSHIRE AND FARNHAM CCG,61.0
pre_pandemic,2019-03-01,99N,NHS WILTSHIRE CCG,53.0
pre_pandemic,2019-03-01,99P,"NHS NORTHERN, EASTERN AND WESTERN DEVON CCG",44.0
pre_pandemic,2019-03-01,99Q,NHS SOUTH DEVON AND TORBAY CCG,41.0
pre_pandemic,2019-04-01,00C,NHS DARLINGTON CCG,54.0
pre_pandemic,2019-04-01,00D,"NHS DURHAM DALES, EASINGTON AND SEDGEFIELD CCG",49.0
pre_pandemic,2019-04-01,00J,NHS NORTH DURHAM CCG,54.0
pre_pandemic,2019-04-01,00K,NHS HARTLEPOOL AND STOCKTON-ON-TEES CCG,54.0
pre_pandemic,2019-04-01,00L,NHS NORTHUMBERLAND CCG,60.0
pre_pandemic,2019-04-01,00M,NHS SOUTH TEES CCG,52.0
pre_pandemic,2019-04-01,00N,NHS SOUTH TYNESIDE CCG,52.0
pre_pandemic,2019-04-01,00P,NHS SUNDERLAND CCG,51.0
pre_pandemic,2019-04-01,00Q,NHS BLACKBURN WITH DARWEN CCG,42.0
pre_pandemic,2019-04-01,00R,NHS BLACKPOOL CCG,54.0
pre_pandemic,2019-04-01,00T,NHS BOLTON CCG,50.0
pre_pandemic,2019-04-01,00V,NHS BURY CCG,54.0
pre_pandemic,2019-04-01,00X,NHS CHORLEY AND SOUTH RIBBLE CCG,54.0
pre_pandemic,2019-04-01,00Y,NHS OLDHAM CCG,54.0
pre_pandemic,2019-04-01,01A,NHS EAST LANCASHIRE CCG,52.0
pre_pandemic,2019-04-01,01C,NHS EASTERN CHESHIRE CCG,43.0
pre_pandemic,2019-04-01,01D,"NHS HEYWOOD, MIDDLETON AND ROCHDALE CCG",55.0
pre_pandemic,2019-04-01,01E,NHS GREATER PRESTON CCG,54.0
pre_pandemic,2019-04-01,01F,NHS HALTON CCG,54.0
pre_pandemic,2019-04-01,01G,NHS SALFORD CCG,48.0
pre_pandemic,2019-04-01,01H,NHS NORTH CUMBRIA CCG,53.0
pre_pandemic,2019-04-01,01J,NHS KNOWSLEY CCG,50.0
pre_pandemic,2019-04-01,01K,NHS MORECAMBE BAY CCG,58.0
pre_pandemic,2019-04-01,01R,NHS SOUTH CHESHIRE CCG,28.0
pre_pandemic,2019-04-01,01T,NHS SOUTH SEFTON CCG,39.0
pre_pandemic,2019-04-01,01V,NHS SOUTHPORT AND FORMBY CCG,55.0
pre_pandemic,2019-04-01,01W,NHS STOCKPORT CCG,55.0
pre_pandemic,2019-04-01,01X,NHS ST HELENS CCG,42.0
pre_pandemic,2019-04-01,01Y,NHS TAMESIDE AND GLOSSOP CCG,50.0
pre_pandemic,2019-04-01,02A,NHS TRAFFORD CCG,66.0
pre_pandemic,2019-04-01,02D,NHS VALE ROYAL CCG,42.0
pre_pandemic,2019-04-01,02E,NHS WARRINGTON CCG,52.0
pre_pandemic,2019-04-01,02F,NHS WEST CHESHIRE CCG,45.0
pre_pandemic,2019-04-01,02G,NHS WEST LANCASHIRE CCG,50.0
pre_pandemic,2019-04-01,02H,NHS WIGAN BOROUGH CCG,53.0
pre_pandemic,2019-04-01,02M,NHS FYLDE AND WYRE CCG,49.0
pre_pandemic,2019-04-01,02N,"NHS AIREDALE, WHARFEDALE AND CRAVEN CCG",60.0
pre_pandemic,2019-04-01,02P,NHS BARNSLEY CCG,52.0
pre_pandemic,2019-04-01,02Q,NHS BASSETLAW CCG,58.0
pre_pandemic,2019-04-01,02R,NHS BRADFORD DISTRICTS CCG,59.0
pre_pandemic,2019-04-01,02T,NHS CALDERDALE CCG,60.0
pre_pandemic,2019-04-01,02W,NHS BRADFORD CITY CCG,42.0
pre_pandemic,2019-04-01,02X,NHS DONCASTER CCG,59.0
pre_pandemic,2019-04-01,02Y,NHS EAST RIDING OF YORKSHIRE CCG,54.0
pre_pandemic,2019-04-01,03A,NHS GREATER HUDDERSFIELD CCG,51.0
pre_pandemic,2019-04-01,03D,"NHS HAMBLETON, RICHMONDSHIRE AND WHITBY CCG",49.0
pre_pandemic,2019-04-01,03E,NHS HARROGATE AND RURAL DISTRICT CCG,65.0
pre_pandemic,2019-04-01,03F,NHS HULL CCG,61.0
pre_pandemic,2019-04-01,03H,NHS NORTH EAST LINCOLNSHIRE CCG,39.0
pre_pandemic,2019-04-01,03J,NHS NORTH KIRKLEES CCG,56.0
pre_pandemic,2019-04-01,03K,NHS NORTH LINCOLNSHIRE CCG,46.0
pre_pandemic,2019-04-01,03L,NHS ROTHERHAM CCG,60.0
pre_pandemic,2019-04-01,03M,NHS SCARBOROUGH AND RYEDALE CCG,53.0
pre_pandemic,2019-04-01,03N,NHS SHEFFIELD CCG,51.0
pre_pandemic,2019-04-01,03Q,NHS VALE OF YORK CCG,48.0
pre_pandemic,2019-04-01,03R,NHS WAKEFIELD CCG,49.0
pre_pandemic,2019-04-01,03T,NHS LINCOLNSHIRE EAST CCG,49.0
pre_pandemic,2019-04-01,03V,NHS CORBY CCG,52.0
pre_pandemic,2019-04-01,03W,NHS EAST LEICESTERSHIRE AND RUTLAND CCG,50.0
pre_pandemic,2019-04-01,03X,NHS EREWASH CCG,-0.0
pre_pandemic,2019-04-01,03Y,NHS HARDWICK CCG,-0.0
pre_pandemic,2019-04-01,04C,NHS LEICESTER CITY CCG,46.0
pre_pandemic,2019-04-01,04D,NHS LINCOLNSHIRE WEST CCG,49.0
pre_pandemic,2019-04-01,04E,NHS MANSFIELD AND ASHFIELD CCG,54.0
pre_pandemic,2019-04-01,04F,NHS MILTON KEYNES CCG,55.0
pre_pandemic,2019-04-01,04G,NHS NENE CCG,53.0
pre_pandemic,2019-04-01,04H,NHS NEWARK AND SHERWOOD CCG,56.0
pre_pandemic,2019-04-01,04J,NHS NORTH DERBYSHIRE CCG,-0.0
pre_pandemic,2019-04-01,04K,NHS NOTTINGHAM CITY CCG,48.0
pre_pandemic,2019-04-01,04L,NHS NOTTINGHAM NORTH AND EAST CCG,57.0
pre_pandemic,2019-04-01,04M,NHS NOTTINGHAM WEST CCG,60.0
pre_pandemic,2019-04-01,04N,NHS RUSHCLIFFE CCG,65.0
pre_pandemic,2019-04-01,04Q,NHS SOUTH WEST LINCOLNSHIRE CCG,51.0
pre_pandemic,2019-04-01,04R,NHS SOUTHERN DERBYSHIRE CCG,-0.0
pre_pandemic,2019-04-01,04V,NHS WEST LEICESTERSHIRE CCG,45.0
pre_pandemic,2019-04-01,04Y,NHS CANNOCK CHASE CCG,63.0
pre_pandemic,2019-04-01,05A,NHS COVENTRY AND RUGBY CCG,55.0
pre_pandemic,2019-04-01,05C,NHS DUDLEY CCG,52.0
pre_pandemic,2019-04-01,05D,NHS EAST STAFFORDSHIRE CCG,68.0
pre_pandemic,2019-04-01,05F,NHS HEREFORDSHIRE CCG,52.0
pre_pandemic,2019-04-01,05G,NHS NORTH STAFFORDSHIRE CCG,55.0
pre_pandemic,2019-04-01,05H,NHS WARWICKSHIRE NORTH CCG,51.0
pre_pandemic,2019-04-01,05J,NHS REDDITCH AND BROMSGROVE CCG,47.0
pre_pandemic,2019-04-01,05L,NHS SANDWELL AND WEST BIRMINGHAM CCG,58.0
pre_pandemic,2019-04-01,05N,NHS SHROPSHIRE CCG,59.0
pre_pandemic,2019-04-01,05Q,NHS SOUTH EAST STAFFORDSHIRE AND SEISDON PENINSULA CCG,54.0
pre_pandemic,2019-04-01,05R,NHS SOUTH WARWICKSHIRE CCG,47.0
pre_pandemic,2019-04-01,05T,NHS SOUTH WORCESTERSHIRE CCG,54.0
pre_pandemic,2019-04-01,05V,NHS STAFFORD AND SURROUNDS CCG,55.0
pre_pandemic,2019-04-01,05W,NHS STOKE ON TRENT CCG,62.0
pre_pandemic,2019-04-01,05X,NHS TELFORD AND WREKIN CCG,70.0
pre_pandemic,2019-04-01,05Y,NHS WALSALL CCG,54.0
pre_pandemic,2019-04-01,06A,NHS WOLVERHAMPTON CCG,51.0
pre_pandemic,2019-04-01,06D,NHS WYRE FOREST CCG,58.0
pre_pandemic,2019-04-01,06F,NHS BEDFORDSHIRE CCG,51.0
pre_pandemic,2019-04-01,06H,NHS CAMBRIDGESHIRE AND PETERBOROUGH CCG,51.0
pre_pandemic,2019-04-01,06K,NHS EAST AND NORTH HERTFORDSHIRE CCG,57.0
pre_pandemic,2019-04-01,06L,NHS IPSWICH AND EAST SUFFOLK CCG,51.0
pre_pandemic,2019-04-01,06M,NHS GREAT YARMOUTH AND WAVENEY CCG,61.0
pre_pandemic,2019-04-01,06N,NHS HERTS VALLEYS CCG,50.0
pre_pandemic,2019-04-01,06P,NHS LUTON CCG,51.0
pre_pandemic,2019-04-01,06Q,NHS MID ESSEX CCG,50.0
pre_pandemic,2019-04-01,06T,NHS NORTH EAST ESSEX CCG,56.0
pre_pandemic,2019-04-01,06V,NHS NORTH NORFOLK CCG,60.0
pre_pandemic,2019-04-01,06W,NHS NORWICH CCG,56.0
pre_pandemic,2019-04-01,06Y,NHS SOUTH NORFOLK CCG,54.0
pre_pandemic,2019-04-01,07G,NHS THURROCK CCG,53.0
pre_pandemic,2019-04-01,07H,NHS WEST ESSEX CCG,52.0
pre_pandemic,2019-04-01,07J,NHS WEST NORFOLK CCG,58.0
pre_pandemic,2019-04-01,07K,NHS WEST SUFFOLK CCG,53.0
pre_pandemic,2019-04-01,07L,NHS BARKING AND DAGENHAM CCG,37.0
pre_pandemic,2019-04-01,07M,NHS BARNET CCG,53.0
pre_pandemic,2019-04-01,07N,NHS BEXLEY CCG,52.0
pre_pandemic,2019-04-01,07P,NHS BRENT CCG,56.0
pre_pandemic,2019-04-01,07R,NHS CAMDEN CCG,48.0
pre_pandemic,2019-04-01,07T,NHS CITY AND HACKNEY CCG,57.0
pre_pandemic,2019-04-01,07V,NHS CROYDON CCG,51.0
pre_pandemic,2019-04-01,07W,NHS EALING CCG,54.0
pre_pandemic,2019-04-01,07X,NHS ENFIELD CCG,50.0
pre_pandemic,2019-04-01,07Y,NHS HOUNSLOW CCG,50.0
pre_pandemic,2019-04-01,08A,NHS GREENWICH CCG,56.0
pre_pandemic,2019-04-01,08C,NHS HAMMERSMITH AND FULHAM CCG,54.0
pre_pandemic,2019-04-01,08D,NHS HARINGEY CCG,62.0
pre_pandemic,2019-04-01,08E,NHS HARROW CCG,57.0
pre_pandemic,2019-04-01,08F,NHS HAVERING CCG,64.0
pre_pandemic,2019-04-01,08G,NHS HILLINGDON CCG,54.0
pre_pandemic,2019-04-01,08H,NHS ISLINGTON CCG,54.0
pre_pandemic,2019-04-01,08J,NHS KINGSTON CCG,55.0
pre_pandemic,2019-04-01,08K,NHS LAMBETH CCG,53.0
pre_pandemic,2019-04-01,08L,NHS LEWISHAM CCG,52.0
pre_pandemic,2019-04-01,08M,NHS NEWHAM CCG,54.0
pre_pandemic,2019-04-01,08N,NHS REDBRIDGE CCG,55.0
pre_pandemic,2019-04-01,08P,NHS RICHMOND CCG,60.0
pre_pandemic,2019-04-01,08Q,NHS SOUTHWARK CCG,52.0
pre_pandemic,2019-04-01,08R,NHS MERTON CCG,49.0
pre_pandemic,2019-04-01,08T,NHS SUTTON CCG,48.0
pre_pandemic,2019-04-01,08V,NHS TOWER HAMLETS CCG,50.0
pre_pandemic,2019-04-01,08W,NHS WALTHAM FOREST CCG,51.0
pre_pandemic,2019-04-01,08X,NHS WANDSWORTH CCG,50.0
pre_pandemic,2019-04-01,08Y,NHS WEST LONDON CCG,54.0
pre_pandemic,2019-04-01,09A,NHS CENTRAL LONDON (WESTMINSTER) CCG,55.0
pre_pandemic,2019-04-01,09C,NHS ASHFORD CCG,55.0
pre_pandemic,2019-04-01,09D,NHS BRIGHTON AND HOVE CCG,48.0
pre_pandemic,2019-04-01,09E,NHS CANTERBURY AND COASTAL CCG,53.0
pre_pandemic,2019-04-01,09F,"NHS EASTBOURNE, HAILSHAM AND SEAFORD CCG",60.0
pre_pandemic,2019-04-01,09G,NHS COASTAL WEST SUSSEX CCG,61.0
pre_pandemic,2019-04-01,09H,NHS CRAWLEY CCG,49.0
pre_pandemic,2019-04-01,09J,"NHS DARTFORD, GRAVESHAM AND SWANLEY CCG",48.0
pre_pandemic,2019-04-01,09L,NHS EAST SURREY CCG,53.0
pre_pandemic,2019-04-01,09N,NHS GUILDFORD AND WAVERLEY CCG,55.0
pre_pandemic,2019-04-01,09P,NHS HASTINGS AND ROTHER CCG,47.0
pre_pandemic,2019-04-01,09W,NHS MEDWAY CCG,54.0
pre_pandemic,2019-04-01,09X,NHS HORSHAM AND MID SUSSEX CCG,53.0
pre_pandemic,2019-04-01,09Y,NHS NORTH WEST SURREY CCG,51.0
pre_pandemic,2019-04-01,10A,NHS SOUTH KENT COAST CCG,63.0
pre_pandemic,2019-04-01,10C,NHS SURREY HEATH CCG,50.0
pre_pandemic,2019-04-01,10D,NHS SWALE CCG,53.0
pre_pandemic,2019-04-01,10E,NHS THANET CCG,59.0
pre_pandemic,2019-04-01,10J,NHS NORTH HAMPSHIRE CCG,57.0
pre_pandemic,2019-04-01,10K,NHS FAREHAM AND GOSPORT CCG,62.0
pre_pandemic,2019-04-01,10L,NHS ISLE OF WIGHT CCG,53.0
pre_pandemic,2019-04-01,10Q,NHS OXFORDSHIRE CCG,47.0
pre_pandemic,2019-04-01,10R,NHS PORTSMOUTH CCG,62.0
pre_pandemic,2019-04-01,10V,NHS SOUTH EASTERN HAMPSHIRE CCG,52.0
pre_pandemic,2019-04-01,10X,NHS SOUTHAMPTON CCG,55.0
pre_pandemic,2019-04-01,11A,NHS WEST HAMPSHIRE CCG,53.0
pre_pandemic,2019-04-01,11E,NHS BATH AND NORTH EAST SOMERSET CCG,53.0
pre_pandemic,2019-04-01,11J,NHS DORSET CCG,51.0
pre_pandemic,2019-04-01,11M,NHS GLOUCESTERSHIRE CCG,49.0
pre_pandemic,2019-04-01,11N,NHS KERNOW CCG,48.0
pre_pandemic,2019-04-01,11X,NHS SOMERSET CCG,61.0
pre_pandemic,2019-04-01,12D,NHS SWINDON CCG,51.0
pre_pandemic,2019-04-01,13Q,NATIONAL COMMISSIONING HUB 1,64.0
pre_pandemic,2019-04-01,13T,NHS NEWCASTLE GATESHEAD CCG,44.0
pre_pandemic,2019-04-01,14A,NORTH MIDLANDS COMMISSIONING HUB,-0.0
pre_pandemic,2019-04-01,14E,EAST OF ENGLAND COMMISSIONING HUB,68.0
pre_pandemic,2019-04-01,14L,NHS MANCHESTER CCG,47.0
pre_pandemic,2019-04-01,14Y,NHS BUCKINGHAMSHIRE CCG,56.0
pre_pandemic,2019-04-01,15A,NHS BERKSHIRE WEST CCG,56.0
pre_pandemic,2019-04-01,15C,"NHS BRISTOL, NORTH SOMERSET AND SOUTH GLOUCESTERSHIRE CCG",46.0
pre_pandemic,2019-04-01,15D,NHS EAST BERKSHIRE CCG,56.0
pre_pandemic,2019-04-01,15E,NHS BIRMINGHAM AND SOLIHULL CCG,54.0
pre_pandemic,2019-04-01,15F,NHS LEEDS CCG,51.0
pre_pandemic,2019-04-01,15M,NHS DERBY AND DERBYSHIRE CCG,58.0
pre_pandemic,2019-04-01,15N,NHS DEVON CCG,41.0
pre_pandemic,2019-04-01,99A,NHS LIVERPOOL CCG,39.0
pre_pandemic,2019-04-01,99C,NHS NORTH TYNESIDE CCG,63.0
pre_pandemic,2019-04-01,99D,NHS SOUTH LINCOLNSHIRE CCG,62.0
pre_pandemic,2019-04-01,99E,NHS BASILDON AND BRENTWOOD CCG,48.0
pre_pandemic,2019-04-01,99F,NHS CASTLE POINT AND ROCHFORD CCG,54.0
pre_pandemic,2019-04-01,99G,NHS SOUTHEND CCG,60.0
pre_pandemic,2019-04-01,99H,NHS SURREY DOWNS CCG,53.0
pre_pandemic,2019-04-01,99J,NHS WEST KENT CCG,45.0
pre_pandemic,2019-04-01,99K,NHS HIGH WEALD LEWES HAVENS CCG,52.0
pre_pandemic,2019-04-01,99M,NHS NORTH EAST HAMPSHIRE AND FARNHAM CCG,58.0
pre_pandemic,2019-04-01,99N,NHS WILTSHIRE CCG,51.0
pre_pandemic,2019-04-01,99P,"NHS NORTHERN, EASTERN AND WESTERN DEVON CCG",-0.0
pre_pandemic,2019-04-01,99Q,NHS SOUTH DEVON AND TORBAY CCG,-0.0
pre_pandemic,2019-05-01,00C,NHS DARLINGTON CCG,54.0
pre_pandemic,2019-05-01,00D,"NHS DURHAM DALES, EASINGTON AND SEDGEFIELD CCG",52.0
pre_pandemic,2019-05-01,00J,NHS NORTH DURHAM CCG,50.0
pre_pandemic,2019-05-01,00K,NHS HARTLEPOOL AND STOCKTON-ON-TEES CCG,54.0
pre_pandemic,2019-05-01,00L,NHS NORTHUMBERLAND CCG,59.0
pre_pandemic,2019-05-01,00M,NHS SOUTH TEES CCG,52.0
pre_pandemic,2019-05-01,00N,NHS SOUTH TYNESIDE CCG,57.0
pre_pandemic,2019-05-01,00P,NHS SUNDERLAND CCG,55.0
pre_pandemic,2019-05-01,00Q,NHS BLACKBURN WITH DARWEN CCG,48.0
pre_pandemic,2019-05-01,00R,NHS BLACKPOOL CCG,46.0
pre_pandemic,2019-05-01,00T,NHS BOLTON CCG,51.0
pre_pandemic,2019-05-01,00V,NHS BURY CCG,50.0
pre_pandemic,2019-05-01,00X,NHS CHORLEY AND SOUTH RIBBLE CCG,53.0
pre_pandemic,2019-05-01,00Y,NHS OLDHAM CCG,63.0
pre_pandemic,2019-05-01,01A,NHS EAST LANCASHIRE CCG,49.0
pre_pandemic,2019-05-01,01C,NHS EASTERN CHESHIRE CCG,45.0
pre_pandemic,2019-05-01,01D,"NHS HEYWOOD, MIDDLETON AND ROCHDALE CCG",53.0
pre_pandemic,2019-05-01,01E,NHS GREATER PRESTON CCG,55.0
pre_pandemic,2019-05-01,01F,NHS HALTON CCG,50.0
pre_pandemic,2019-05-01,01G,NHS SALFORD CCG,47.0
pre_pandemic,2019-05-01,01H,NHS NORTH CUMBRIA CCG,57.0
pre_pandemic,2019-05-01,01J,NHS KNOWSLEY CCG,51.0
pre_pandemic,2019-05-01,01K,NHS MORECAMBE BAY CCG,57.0
pre_pandemic,2019-05-01,01R,NHS SOUTH CHESHIRE CCG,41.0
pre_pandemic,2019-05-01,01T,NHS SOUTH SEFTON CCG,48.0
pre_pandemic,2019-05-01,01V,NHS SOUTHPORT AND FORMBY CCG,53.0
pre_pandemic,2019-05-01,01W,NHS STOCKPORT CCG,59.0
pre_pandemic,2019-05-01,01X,NHS ST HELENS CCG,37.0
pre_pandemic,2019-05-01,01Y,NHS TAMESIDE AND GLOSSOP CCG,49.0
pre_pandemic,2019-05-01,02A,NHS TRAFFORD CCG,63.0
pre_pandemic,2019-05-01,02D,NHS VALE ROYAL CCG,42.0
pre_pandemic,2019-05-01,02E,NHS WARRINGTON CCG,51.0
pre_pandemic,2019-05-01,02F,NHS WEST CHESHIRE CCG,50.0
pre_pandemic,2019-05-01,02G,NHS WEST LANCASHIRE CCG,50.0
pre_pandemic,2019-05-01,02H,NHS WIGAN BOROUGH CCG,53.0
pre_pandemic,2019-05-01,02M,NHS FYLDE AND WYRE CCG,48.0
pre_pandemic,2019-05-01,02N,"NHS AIREDALE, WHARFEDALE AND CRAVEN CCG",59.0
pre_pandemic,2019-05-01,02P,NHS BARNSLEY CCG,53.0
pre_pandemic,2019-05-01,02Q,NHS BASSETLAW CCG,54.0
pre_pandemic,2019-05-01,02R,NHS BRADFORD DISTRICTS CCG,54.0
pre_pandemic,2019-05-01,02T,NHS CALDERDALE CCG,54.0
pre_pandemic,2019-05-01,02W,NHS BRADFORD CITY CCG,50.0
pre_pandemic,2019-05-01,02X,NHS DONCASTER CCG,49.0
pre_pandemic,2019-05-01,02Y,NHS EAST RIDING OF YORKSHIRE CCG,55.0
pre_pandemic,2019-05-01,03A,NHS GREATER HUDDERSFIELD CCG,55.0
pre_pandemic,2019-05-01,03D,"NHS HAMBLETON, RICHMONDSHIRE AND WHITBY CCG",52.0
pre_pandemic,2019-05-01,03E,NHS HARROGATE AND RURAL DISTRICT CCG,58.0
pre_pandemic,2019-05-01,03F,NHS HULL CCG,59.0
pre_pandemic,2019-05-01,03H,NHS NORTH EAST LINCOLNSHIRE CCG,38.0
pre_pandemic,2019-05-01,03J,NHS NORTH KIRKLEES CCG,50.0
pre_pandemic,2019-05-01,03K,NHS NORTH LINCOLNSHIRE CCG,48.0
pre_pandemic,2019-05-01,03L,NHS ROTHERHAM CCG,50.0
pre_pandemic,2019-05-01,03M,NHS SCARBOROUGH AND RYEDALE CCG,53.0
pre_pandemic,2019-05-01,03N,NHS SHEFFIELD CCG,51.0
pre_pandemic,2019-05-01,03Q,NHS VALE OF YORK CCG,50.0
pre_pandemic,2019-05-01,03R,NHS WAKEFIELD CCG,51.0
pre_pandemic,2019-05-01,03T,NHS LINCOLNSHIRE EAST CCG,48.0
pre_pandemic,2019-05-01,03V,NHS CORBY CCG,51.0
pre_pandemic,2019-05-01,03W,NHS EAST LEICESTERSHIRE AND RUTLAND CCG,47.0
pre_pandemic,2019-05-01,03X,NHS EREWASH CCG,-0.0
pre_pandemic,2019-05-01,03Y,NHS HARDWICK CCG,-0.0
pre_pandemic,2019-05-01,04C,NHS LEICESTER CITY CCG,55.0
pre_pandemic,2019-05-01,04D,NHS LINCOLNSHIRE WEST CCG,53.0
pre_pandemic,2019-05-01,04E,NHS MANSFIELD AND ASHFIELD CCG,47.0
pre_pandemic,2019-05-01,04F,NHS MILTON KEYNES CCG,43.0
pre_pandemic,2019-05-01,04G,NHS NENE CCG,49.0
pre_pandemic,2019-05-01,04H,NHS NEWARK AND SHERWOOD CCG,53.0
pre_pandemic,2019-05-01,04J,NHS NORTH DERBYSHIRE CCG,-0.0
pre_pandemic,2019-05-01,04K,NHS NOTTINGHAM CITY CCG,49.0
pre_pandemic,2019-05-01,04L,NHS NOTTINGHAM NORTH AND EAST CCG,58.0
pre_pandemic,2019-05-01,04M,NHS NOTTINGHAM WEST CCG,60.0
pre_pandemic,2019-05-01,04N,NHS RUSHCLIFFE CCG,62.0
pre_pandemic,2019-05-01,04Q,NHS SOUTH WEST LINCOLNSHIRE CCG,57.0
pre_pandemic,2019-05-01,04R,NHS SOUTHERN DERBYSHIRE CCG,-0.0
pre_pandemic,2019-05-01,04V,NHS WEST LEICESTERSHIRE CCG,46.0
pre_pandemic,2019-05-01,04Y,NHS CANNOCK CHASE CCG,58.0
pre_pandemic,2019-05-01,05A,NHS COVENTRY AND RUGBY CCG,53.0
pre_pandemic,2019-05-01,05C,NHS DUDLEY CCG,55.0
pre_pandemic,2019-05-01,05D,NHS EAST STAFFORDSHIRE CCG,70.0
pre_pandemic,2019-05-01,05F,NHS HEREFORDSHIRE CCG,50.0
pre_pandemic,2019-05-01,05G,NHS NORTH STAFFORDSHIRE CCG,56.0
pre_pandemic,2019-05-01,05H,NHS WARWICKSHIRE NORTH CCG,64.0
pre_pandemic,2019-05-01,05J,NHS REDDITCH AND BROMSGROVE CCG,57.0
pre_pandemic,2019-05-01,05L,NHS SANDWELL AND WEST BIRMINGHAM CCG,62.0
pre_pandemic,2019-05-01,05N,NHS SHROPSHIRE CCG,55.0
pre_pandemic,2019-05-01,05Q,NHS SOUTH EAST STAFFORDSHIRE AND SEISDON PENINSULA CCG,51.0
pre_pandemic,2019-05-01,05R,NHS SOUTH WARWICKSHIRE CCG,50.0
pre_pandemic,2019-05-01,05T,NHS SOUTH WORCESTERSHIRE CCG,52.0
pre_pandemic,2019-05-01,05V,NHS STAFFORD AND SURROUNDS CCG,58.0
pre_pandemic,2019-05-01,05W,NHS STOKE ON TRENT CCG,57.0
pre_pandemic,2019-05-01,05X,NHS TELFORD AND WREKIN CCG,57.0
pre_pandemic,2019-05-01,05Y,NHS WALSALL CCG,51.0
pre_pandemic,2019-05-01,06A,NHS WOLVERHAMPTON CCG,52.0
pre_pandemic,2019-05-01,06D,NHS WYRE FOREST CCG,54.0
pre_pandemic,2019-05-01,06F,NHS BEDFORDSHIRE CCG,51.0
pre_pandemic,2019-05-01,06H,NHS CAMBRIDGESHIRE AND PETERBOROUGH CCG,50.0
pre_pandemic,2019-05-01,06K,NHS EAST AND NORTH HERTFORDSHIRE CCG,49.0
pre_pandemic,2019-05-01,06L,NHS IPSWICH AND EAST SUFFOLK CCG,51.0
pre_pandemic,2019-05-01,06M,NHS GREAT YARMOUTH AND WAVENEY CCG,54.0
pre_pandemic,2019-05-01,06N,NHS HERTS VALLEYS CCG,48.0
pre_pandemic,2019-05-01,06P,NHS LUTON CCG,50.0
pre_pandemic,2019-05-01,06Q,NHS MID ESSEX CCG,51.0
pre_pandemic,2019-05-01,06T,NHS NORTH EAST ESSEX CCG,47.0
pre_pandemic,2019-05-01,06V,NHS NORTH NORFOLK CCG,69.0
pre_pandemic,2019-05-01,06W,NHS NORWICH CCG,57.0
pre_pandemic,2019-05-01,06Y,NHS SOUTH NORFOLK CCG,60.0
pre_pandemic,2019-05-01,07G,NHS THURROCK CCG,54.0
pre_pandemic,2019-05-01,07H,NHS WEST ESSEX CCG,51.0
pre_pandemic,2019-05-01,07J,NHS WEST NORFOLK CCG,61.0
pre_pandemic,2019-05-01,07K,NHS WEST SUFFOLK CCG,53.0
pre_pandemic,2019-05-01,07L,NHS BARKING AND DAGENHAM CCG,58.0
pre_pandemic,2019-05-01,07M,NHS BARNET CCG,48.0
pre_pandemic,2019-05-01,07N,NHS BEXLEY CCG,49.0
pre_pandemic,2019-05-01,07P,NHS BRENT CCG,63.0
pre_pandemic,2019-05-01,07Q,NHS BROMLEY CCG,52.0
pre_pandemic,2019-05-01,07R,NHS CAMDEN CCG,45.0
pre_pandemic,2019-05-01,07T,NHS CITY AND HACKNEY CCG,60.0
pre_pandemic,2019-05-01,07V,NHS CROYDON CCG,56.0
pre_pandemic,2019-05-01,07W,NHS EALING CCG,48.0
pre_pandemic,2019-05-01,07X,NHS ENFIELD CCG,48.0
pre_pandemic,2019-05-01,07Y,NHS HOUNSLOW CCG,51.0
pre_pandemic,2019-05-01,08A,NHS GREENWICH CCG,56.0
pre_pandemic,2019-05-01,08C,NHS HAMMERSMITH AND FULHAM CCG,49.0
pre_pandemic,2019-05-01,08D,NHS HARINGEY CCG,54.0
pre_pandemic,2019-05-01,08E,NHS HARROW CCG,53.0
pre_pandemic,2019-05-01,08F,NHS HAVERING CCG,54.0
pre_pandemic,2019-05-01,08G,NHS HILLINGDON CCG,50.0
pre_pandemic,2019-05-01,08H,NHS ISLINGTON CCG,54.0
pre_pandemic,2019-05-01,08J,NHS KINGSTON CCG,49.0
pre_pandemic,2019-05-01,08K,NHS LAMBETH CCG,52.0
pre_pandemic,2019-05-01,08L,NHS LEWISHAM CCG,49.0
pre_pandemic,2019-05-01,08M,NHS NEWHAM CCG,51.0
pre_pandemic,2019-05-01,08N,NHS REDBRIDGE CCG,48.0
pre_pandemic,2019-05-01,08P,NHS RICHMOND CCG,53.0
pre_pandemic,2019-05-01,08Q,NHS SOUTHWARK CCG,51.0
pre_pandemic,2019-05-01,08R,NHS MERTON CCG,54.0
pre_pandemic,2019-05-01,08T,NHS SUTTON CCG,44.0
pre_pandemic,2019-05-01,08V,NHS TOWER HAMLETS CCG,46.0
pre_pandemic,2019-05-01,08W,NHS WALTHAM FOREST CCG,54.0
pre_pandemic,2019-05-01,08X,NHS WANDSWORTH CCG,52.0
pre_pandemic,2019-05-01,08Y,NHS WEST LONDON CCG,54.0
pre_pandemic,2019-05-01,09A,NHS CENTRAL LONDON (WESTMINSTER) CCG,54.0
pre_pandemic,2019-05-01,09C,NHS ASHFORD CCG,51.0
pre_pandemic,2019-05-01,09D,NHS BRIGHTON AND HOVE CCG,43.0
pre_pandemic,2019-05-01,09E,NHS CANTERBURY AND COASTAL CCG,56.0
pre_pandemic,2019-05-01,09F,"NHS EASTBOURNE, HAILSHAM AND SEAFORD CCG",49.0
pre_pandemic,2019-05-01,09G,NHS COASTAL WEST SUSSEX CCG,56.0
pre_pandemic,2019-05-01,09H,NHS CRAWLEY CCG,51.0
pre_pandemic,2019-05-01,09J,"NHS DARTFORD, GRAVESHAM AND SWANLEY CCG",46.0
pre_pandemic,2019-05-01,09L,NHS EAST SURREY CCG,52.0
pre_pandemic,2019-05-01,09N,NHS GUILDFORD AND WAVERLEY CCG,58.0
pre_pandemic,2019-05-01,09P,NHS HASTINGS AND ROTHER CCG,49.0
pre_pandemic,2019-05-01,09W,NHS MEDWAY CCG,55.0
pre_pandemic,2019-05-01,09X,NHS HORSHAM AND MID SUSSEX CCG,52.0
pre_pandemic,2019-05-01,09Y,NHS NORTH WEST SURREY CCG,52.0
pre_pandemic,2019-05-01,10A,NHS SOUTH KENT COAST CCG,59.0
pre_pandemic,2019-05-01,10C,NHS SURREY HEATH CCG,53.0
pre_pandemic,2019-05-01,10D,NHS SWALE CCG,59.0
pre_pandemic,2019-05-01,10E,NHS THANET CCG,64.0
pre_pandemic,2019-05-01,10J,NHS NORTH HAMPSHIRE CCG,54.0
pre_pandemic,2019-05-01,10K,NHS FAREHAM AND GOSPORT CCG,61.0
pre_pandemic,2019-05-01,10L,NHS ISLE OF WIGHT CCG,52.0
pre_pandemic,2019-05-01,10Q,NHS OXFORDSHIRE CCG,53.0
pre_pandemic,2019-05-01,10R,NHS PORTSMOUTH CCG,55.0
pre_pandemic,2019-05-01,10V,NHS SOUTH EASTERN HAMPSHIRE CCG,46.0
pre_pandemic,2019-05-01,10X,NHS SOUTHAMPTON CCG,49.0
pre_pandemic,2019-05-01,11A,NHS WEST HAMPSHIRE CCG,58.0
pre_pandemic,2019-05-01,11E,NHS BATH AND NORTH EAST SOMERSET CCG,56.0
pre_pandemic,2019-05-01,11J,NHS DORSET CCG,55.0
pre_pandemic,2019-05-01,11M,NHS GLOUCESTERSHIRE CCG,49.0
pre_pandemic,2019-05-01,11N,NHS KERNOW CCG,47.0
pre_pandemic,2019-05-01,11X,NHS SOMERSET CCG,59.0
pre_pandemic,2019-05-01,12D,NHS SWINDON CCG,51.0
pre_pandemic,2019-05-01,12F,NHS WIRRAL CCG,39.0
pre_pandemic,2019-05-01,13Q,NATIONAL COMMISSIONING HUB 1,61.0
pre_pandemic,2019-05-01,13T,NHS NEWCASTLE GATESHEAD CCG,48.0
pre_pandemic,2019-05-01,14A,NORTH MIDLANDS COMMISSIONING HUB,-0.0
pre_pandemic,2019-05-01,14E,EAST OF ENGLAND COMMISSIONING HUB,66.0
pre_pandemic,2019-05-01,14L,NHS MANCHESTER CCG,43.0
pre_pandemic,2019-05-01,14Y,NHS BUCKINGHAMSHIRE CCG,62.0
pre_pandemic,2019-05-01,15A,NHS BERKSHIRE WEST CCG,57.0
pre_pandemic,2019-05-01,15C,"NHS BRISTOL, NORTH SOMERSET AND SOUTH GLOUCESTERSHIRE CCG",41.0
pre_pandemic,2019-05-01,15D,NHS EAST BERKSHIRE CCG,55.0
pre_pandemic,2019-05-01,15E,NHS BIRMINGHAM AND SOLIHULL CCG,51.0
pre_pandemic,2019-05-01,15F,NHS LEEDS CCG,49.0
pre_pandemic,2019-05-01,15M,NHS DERBY AND DERBYSHIRE CCG,56.0
pre_pandemic,2019-05-01,15N,NHS DEVON CCG,49.0
pre_pandemic,2019-05-01,99A,NHS LIVERPOOL CCG,38.0
pre_pandemic,2019-05-01,99C,NHS NORTH TYNESIDE CCG,57.0
pre_pandemic,2019-05-01,99D,NHS SOUTH LINCOLNSHIRE CCG,49.0
pre_pandemic,2019-05-01,99E,NHS BASILDON AND BRENTWOOD CCG,46.0
pre_pandemic,2019-05-01,99F,NHS CASTLE POINT AND ROCHFORD CCG,52.0
pre_pandemic,2019-05-01,99G,NHS SOUTHEND CCG,53.0
pre_pandemic,2019-05-01,99H,NHS SURREY DOWNS CCG,52.0
pre_pandemic,2019-05-01,99J,NHS WEST KENT CCG,45.0
pre_pandemic,2019-05-01,99K,NHS HIGH WEALD LEWES HAVENS CCG,55.0
pre_pandemic,2019-05-01,99M,NHS NORTH EAST HAMPSHIRE AND FARNHAM CCG,53.0
pre_pandemic,2019-05-01,99N,NHS WILTSHIRE CCG,50.0
pre_pandemic,2019-05-01,99P,"NHS NORTHERN, EASTERN AND WESTERN DEVON CCG",-0.0
pre_pandemic,2019-05-01,99Q,NHS SOUTH DEVON AND TORBAY CCG,-0.0
pre_pandemic,2019-06-01,00C,NHS DARLINGTON CCG,48.0
pre_pandemic,2019-06-01,00D,"NHS DURHAM DALES, EASINGTON AND SEDGEFIELD CCG",48.0
pre_pandemic,2019-06-01,00J,NHS NORTH DURHAM CCG,58.0
pre_pandemic,2019-06-01,00K,NHS HARTLEPOOL AND STOCKTON-ON-TEES CCG,53.0
pre_pandemic,2019-06-01,00L,NHS NORTHUMBERLAND CCG,52.0
pre_pandemic,2019-06-01,00M,NHS SOUTH TEES CCG,50.0
pre_pandemic,2019-06-01,00N,NHS SOUTH TYNESIDE CCG,52.0
pre_pandemic,2019-06-01,00P,NHS SUNDERLAND CCG,51.0
pre_pandemic,2019-06-01,00Q,NHS BLACKBURN WITH DARWEN CCG,48.0
pre_pandemic,2019-06-01,00R,NHS BLACKPOOL CCG,55.0
pre_pandemic,2019-06-01,00T,NHS BOLTON CCG,48.0
pre_pandemic,2019-06-01,00V,NHS BURY CCG,51.0
pre_pandemic,2019-06-01,00X,NHS CHORLEY AND SOUTH RIBBLE CCG,54.0
pre_pandemic,2019-06-01,00Y,NHS OLDHAM CCG,52.0
pre_pandemic,2019-06-01,01A,NHS EAST LANCASHIRE CCG,50.0
pre_pandemic,2019-06-01,01C,NHS EASTERN CHESHIRE CCG,60.0
pre_pandemic,2019-06-01,01D,"NHS HEYWOOD, MIDDLETON AND ROCHDALE CCG",50.0
pre_pandemic,2019-06-01,01E,NHS GREATER PRESTON CCG,54.0
pre_pandemic,2019-06-01,01F,NHS HALTON CCG,45.0
pre_pandemic,2019-06-01,01G,NHS SALFORD CCG,42.0
pre_pandemic,2019-06-01,01H,NHS NORTH CUMBRIA CCG,49.0
pre_pandemic,2019-06-01,01J,NHS KNOWSLEY CCG,51.0
pre_pandemic,2019-06-01,01K,NHS MORECAMBE BAY CCG,58.0
pre_pandemic,2019-06-01,01R,NHS SOUTH CHESHIRE CCG,23.0
pre_pandemic,2019-06-01,01T,NHS SOUTH SEFTON CCG,38.0
pre_pandemic,2019-06-01,01V,NHS SOUTHPORT AND FORMBY CCG,43.0
pre_pandemic,2019-06-01,01W,NHS STOCKPORT CCG,52.0
pre_pandemic,2019-06-01,01X,NHS ST HELENS CCG,32.0
pre_pandemic,2019-06-01,01Y,NHS TAMESIDE AND GLOSSOP CCG,44.0
pre_pandemic,2019-06-01,02A,NHS TRAFFORD CCG,54.0
pre_pandemic,2019-06-01,02D,NHS VALE ROYAL CCG,44.0
pre_pandemic,2019-06-01,02E,NHS WARRINGTON CCG,50.0
pre_pandemic,2019-06-01,02F,NHS WEST CHESHIRE CCG,41.0
pre_pandemic,2019-06-01,02G,NHS WEST LANCASHIRE CCG,38.0
pre_pandemic,2019-06-01,02H,NHS WIGAN BOROUGH CCG,53.0
pre_pandemic,2019-06-01,02M,NHS FYLDE AND WYRE CCG,53.0
pre_pandemic,2019-06-01,02N,"NHS AIREDALE, WHARFEDALE AND CRAVEN CCG",60.0
pre_pandemic,2019-06-01,02P,NHS BARNSLEY CCG,51.0
pre_pandemic,2019-06-01,02Q,NHS BASSETLAW CCG,55.0
pre_pandemic,2019-06-01,02R,NHS BRADFORD DISTRICTS CCG,52.0
pre_pandemic,2019-06-01,02T,NHS CALDERDALE CCG,58.0
pre_pandemic,2019-06-01,02W,NHS BRADFORD CITY CCG,65.0
pre_pandemic,2019-06-01,02X,NHS DONCASTER CCG,61.0
pre_pandemic,2019-06-01,02Y,NHS EAST RIDING OF YORKSHIRE CCG,54.0
pre_pandemic,2019-06-01,03A,NHS GREATER HUDDERSFIELD CCG,42.0
pre_pandemic,2019-06-01,03D,"NHS HAMBLETON, RICHMONDSHIRE AND WHITBY CCG",54.0
pre_pandemic,2019-06-01,03E,NHS HARROGATE AND RURAL DISTRICT CCG,63.0
pre_pandemic,2019-06-01,03F,NHS HULL CCG,58.0
pre_pandemic,2019-06-01,03H,NHS NORTH EAST LINCOLNSHIRE CCG,43.0
pre_pandemic,2019-06-01,03J,NHS NORTH KIRKLEES CCG,45.0
pre_pandemic,2019-06-01,03K,NHS NORTH LINCOLNSHIRE CCG,52.0
pre_pandemic,2019-06-01,03L,NHS ROTHERHAM CCG,54.0
pre_pandemic,2019-06-01,03M,NHS SCARBOROUGH AND RYEDALE CCG,45.0
pre_pandemic,2019-06-01,03N,NHS SHEFFIELD CCG,49.0
pre_pandemic,2019-06-01,03Q,NHS VALE OF YORK CCG,49.0
pre_pandemic,2019-06-01,03R,NHS WAKEFIELD CCG,51.0
pre_pandemic,2019-06-01,03T,NHS LINCOLNSHIRE EAST CCG,52.0
pre_pandemic,2019-06-01,03V,NHS CORBY CCG,53.0
pre_pandemic,2019-06-01,03W,NHS EAST LEICESTERSHIRE AND RUTLAND CCG,55.0
pre_pandemic,2019-06-01,03X,NHS EREWASH CCG,-0.0
pre_pandemic,2019-06-01,03Y,NHS HARDWICK CCG,-0.0
pre_pandemic,2019-06-01,04C,NHS LEICESTER CITY CCG,45.0
pre_pandemic,2019-06-01,04D,NHS LINCOLNSHIRE WEST CCG,52.0
pre_pandemic,2019-06-01,04E,NHS MANSFIELD AND ASHFIELD CCG,45.0
pre_pandemic,2019-06-01,04F,NHS MILTON KEYNES CCG,49.0
pre_pandemic,2019-06-01,04G,NHS NENE CCG,52.0
pre_pandemic,2019-06-01,04H,NHS NEWARK AND SHERWOOD CCG,65.0
pre_pandemic,2019-06-01,04J,NHS NORTH DERBYSHIRE CCG,-0.0
pre_pandemic,2019-06-01,04K,NHS NOTTINGHAM CITY CCG,45.0
pre_pandemic,2019-06-01,04L,NHS NOTTINGHAM NORTH AND EAST CCG,55.0
pre_pandemic,2019-06-01,04M,NHS NOTTINGHAM WEST CCG,53.0
pre_pandemic,2019-06-01,04N,NHS RUSHCLIFFE CCG,72.0
pre_pandemic,2019-06-01,04Q,NHS SOUTH WEST LINCOLNSHIRE CCG,53.0
pre_pandemic,2019-06-01,04R,NHS SOUTHERN DERBYSHIRE CCG,-0.0
pre_pandemic,2019-06-01,04V,NHS WEST LEICESTERSHIRE CCG,50.0
pre_pandemic,2019-06-01,04Y,NHS CANNOCK CHASE CCG,55.0
pre_pandemic,2019-06-01,05A,NHS COVENTRY AND RUGBY CCG,50.0
pre_pandemic,2019-06-01,05C,NHS DUDLEY CCG,45.0
pre_pandemic,2019-06-01,05D,NHS EAST STAFFORDSHIRE CCG,61.0
pre_pandemic,2019-06-01,05F,NHS HEREFORDSHIRE CCG,49.0
pre_pandemic,2019-06-01,05G,NHS NORTH STAFFORDSHIRE CCG,55.0
pre_pandemic,2019-06-01,05H,NHS WARWICKSHIRE NORTH CCG,55.0
pre_pandemic,2019-06-01,05J,NHS REDDITCH AND BROMSGROVE CCG,57.0
pre_pandemic,2019-06-01,05L,NHS SANDWELL AND WEST BIRMINGHAM CCG,52.0
pre_pandemic,2019-06-01,05N,NHS SHROPSHIRE CCG,49.0
pre_pandemic,2019-06-01,05Q,NHS SOUTH EAST STAFFORDSHIRE AND SEISDON PENINSULA CCG,55.0
pre_pandemic,2019-06-01,05R,NHS SOUTH WARWICKSHIRE CCG,53.0
pre_pandemic,2019-06-01,05T,NHS SOUTH WORCESTERSHIRE CCG,49.0
pre_pandemic,2019-06-01,05V,NHS STAFFORD AND SURROUNDS CCG,54.0
pre_pandemic,2019-06-01,05W,NHS STOKE ON TRENT CCG,54.0
pre_pandemic,2019-06-01,05X,NHS TELFORD AND WREKIN CCG,60.0
pre_pandemic,2019-06-01,05Y,NHS WALSALL CCG,50.0
pre_pandemic,2019-06-01,06A,NHS WOLVERHAMPTON CCG,42.0
pre_pandemic,2019-06-01,06D,NHS WYRE FOREST CCG,60.0
pre_pandemic,2019-06-01,06F,NHS BEDFORDSHIRE CCG,50.0
pre_pandemic,2019-06-01,06H,NHS CAMBRIDGESHIRE AND PETERBOROUGH CCG,52.0
pre_pandemic,2019-06-01,06K,NHS EAST AND NORTH HERTFORDSHIRE CCG,46.0
pre_pandemic,2019-06-01,06L,NHS IPSWICH AND EAST SUFFOLK CCG,51.0
pre_pandemic,2019-06-01,06M,NHS GREAT YARMOUTH AND WAVENEY CCG,57.0
pre_pandemic,2019-06-01,06N,NHS HERTS VALLEYS CCG,48.0
pre_pandemic,2019-06-01,06P,NHS LUTON CCG,37.0
pre_pandemic,2019-06-01,06Q,NHS MID ESSEX CCG,51.0
pre_pandemic,2019-06-01,06T,NHS NORTH EAST ESSEX CCG,49.0
pre_pandemic,2019-06-01,06V,NHS NORTH NORFOLK CCG,67.0
pre_pandemic,2019-06-01,06W,NHS NORWICH CCG,57.0
pre_pandemic,2019-06-01,06Y,NHS SOUTH NORFOLK CCG,54.0
pre_pandemic,2019-06-01,07G,NHS THURROCK CCG,50.0
pre_pandemic,2019-06-01,07H,NHS WEST ESSEX CCG,48.0
pre_pandemic,2019-06-01,07J,NHS WEST NORFOLK CCG,58.0
pre_pandemic,2019-06-01,07K,NHS WEST SUFFOLK CCG,54.0
pre_pandemic,2019-06-01,07L,NHS BARKING AND DAGENHAM CCG,46.0
pre_pandemic,2019-06-01,07M,NHS BARNET CCG,59.0
pre_pandemic,2019-06-01,07N,NHS BEXLEY CCG,47.0
pre_pandemic,2019-06-01,07P,NHS BRENT CCG,53.0
pre_pandemic,2019-06-01,07Q,NHS BROMLEY CCG,55.0
pre_pandemic,2019-06-01,07R,NHS CAMDEN CCG,47.0
pre_pandemic,2019-06-01,07T,NHS CITY AND HACKNEY CCG,63.0
pre_pandemic,2019-06-01,07V,NHS CROYDON CCG,58.0
pre_pandemic,2019-06-01,07W,NHS EALING CCG,48.0
pre_pandemic,2019-06-01,07X,NHS ENFIELD CCG,54.0
pre_pandemic,2019-06-01,07Y,NHS HOUNSLOW CCG,51.0
pre_pandemic,2019-06-01,08A,NHS GREENWICH CCG,59.0
pre_pandemic,2019-06-01,08C,NHS HAMMERSMITH AND FULHAM CCG,51.0
pre_pandemic,2019-06-01,08D,NHS HARINGEY CCG,62.0
pre_pandemic,2019-06-01,08E,NHS HARROW CCG,54.0
pre_pandemic,2019-06-01,08F,NHS HAVERING CCG,55.0
pre_pandemic,2019-06-01,08G,NHS HILLINGDON CCG,50.0
pre_pandemic,2019-06-01,08H,NHS ISLINGTON CCG,54.0
pre_pandemic,2019-06-01,08J,NHS KINGSTON CCG,64.0
pre_pandemic,2019-06-01,08K,NHS LAMBETH CCG,49.0
pre_pandemic,2019-06-01,08L,NHS LEWISHAM CCG,53.0
pre_pandemic,2019-06-01,08M,NHS NEWHAM CCG,50.0
pre_pandemic,2019-06-01,08N,NHS REDBRIDGE CCG,50.0
pre_pandemic,2019-06-01,08P,NHS RICHMOND CCG,55.0
pre_pandemic,2019-06-01,08Q,NHS SOUTHWARK CCG,52.0
pre_pandemic,2019-06-01,08R,NHS MERTON CCG,51.0
pre_pandemic,2019-06-01,08T,NHS SUTTON CCG,56.0
pre_pandemic,2019-06-01,08V,NHS TOWER HAMLETS CCG,52.0
pre_pandemic,2019-06-01,08W,NHS WALTHAM FOREST CCG,54.0
pre_pandemic,2019-06-01,08X,NHS WANDSWORTH CCG,50.0
pre_pandemic,2019-06-01,08Y,NHS WEST LONDON CCG,52.0
pre_pandemic,2019-06-01,09A,NHS CENTRAL LONDON (WESTMINSTER) CCG,54.0
pre_pandemic,2019-06-01,09C,NHS ASHFORD CCG,53.0
pre_pandemic,2019-06-01,09D,NHS BRIGHTON AND HOVE CCG,48.0
pre_pandemic,2019-06-01,09E,NHS CANTERBURY AND COASTAL CCG,53.0
pre_pandemic,2019-06-01,09F,"NHS EASTBOURNE, HAILSHAM AND SEAFORD CCG",56.0
pre_pandemic,2019-06-01,09G,NHS COASTAL WEST SUSSEX CCG,60.0
pre_pandemic,2019-06-01,09H,NHS CRAWLEY CCG,56.0
pre_pandemic,2019-06-01,09J,"NHS DARTFORD, GRAVESHAM AND SWANLEY CCG",50.0
pre_pandemic,2019-06-01,09L,NHS EAST SURREY CCG,48.0
pre_pandemic,2019-06-01,09N,NHS GUILDFORD AND WAVERLEY CCG,52.0
pre_pandemic,2019-06-01,09P,NHS HASTINGS AND ROTHER CCG,54.0
pre_pandemic,2019-06-01,09W,NHS MEDWAY CCG,49.0
pre_pandemic,2019-06-01,09X,NHS HORSHAM AND MID SUSSEX CCG,59.0
pre_pandemic,2019-06-01,09Y,NHS NORTH WEST SURREY CCG,49.0
pre_pandemic,2019-06-01,10A,NHS SOUTH KENT COAST CCG,60.0
pre_pandemic,2019-06-01,10C,NHS SURREY HEATH CCG,49.0
pre_pandemic,2019-06-01,10D,NHS SWALE CCG,59.0
pre_pandemic,2019-06-01,10E,NHS THANET CCG,53.0
pre_pandemic,2019-06-01,10J,NHS NORTH HAMPSHIRE CCG,51.0
pre_pandemic,2019-06-01,10K,NHS FAREHAM AND GOSPORT CCG,53.0
pre_pandemic,2019-06-01,10L,NHS ISLE OF WIGHT CCG,50.0
pre_pandemic,2019-06-01,10Q,NHS OXFORDSHIRE CCG,51.0
pre_pandemic,2019-06-01,10R,NHS PORTSMOUTH CCG,59.0
pre_pandemic,2019-06-01,10V,NHS SOUTH EASTERN HAMPSHIRE CCG,51.0
pre_pandemic,2019-06-01,10X,NHS SOUTHAMPTON CCG,42.0
pre_pandemic,2019-06-01,11A,NHS WEST HAMPSHIRE CCG,53.0
pre_pandemic,2019-06-01,11E,NHS BATH AND NORTH EAST SOMERSET CCG,55.0
pre_pandemic,2019-06-01,11J,NHS DORSET CCG,52.0
pre_pandemic,2019-06-01,11M,NHS GLOUCESTERSHIRE CCG,50.0
pre_pandemic,2019-06-01,11N,NHS KERNOW CCG,41.0
pre_pandemic,2019-06-01,11X,NHS SOMERSET CCG,55.0
pre_pandemic,2019-06-01,12D,NHS SWINDON CCG,54.0
pre_pandemic,2019-06-01,12F,NHS WIRRAL CCG,31.0
pre_pandemic,2019-06-01,13Q,NATIONAL COMMISSIONING HUB 1,67.0
pre_pandemic,2019-06-01,13T,NHS NEWCASTLE GATESHEAD CCG,46.0
pre_pandemic,2019-06-01,14A,NORTH MIDLANDS COMMISSIONING HUB,-0.0
pre_pandemic,2019-06-01,14E,EAST OF ENGLAND COMMISSIONING HUB,71.0
pre_pandemic,2019-06-01,14L,NHS MANCHESTER CCG,43.0
pre_pandemic,2019-06-01,14Y,NHS BUCKINGHAMSHIRE CCG,60.0
pre_pandemic,2019-06-01,15A,NHS BERKSHIRE WEST CCG,57.0
pre_pandemic,2019-06-01,15C,"NHS BRISTOL, NORTH SOMERSET AND SOUTH GLOUCESTERSHIRE CCG",44.0
pre_pandemic,2019-06-01,15D,NHS EAST BERKSHIRE CCG,52.0
pre_pandemic,2019-06-01,15E,NHS BIRMINGHAM AND SOLIHULL CCG,52.0
pre_pandemic,2019-06-01,15F,NHS LEEDS CCG,52.0
pre_pandemic,2019-06-01,15M,NHS DERBY AND DERBYSHIRE CCG,55.0
pre_pandemic,2019-06-01,15N,NHS DEVON CCG,49.0
pre_pandemic,2019-06-01,99A,NHS LIVERPOOL CCG,45.0
pre_pandemic,2019-06-01,99C,NHS NORTH TYNESIDE CCG,54.0
pre_pandemic,2019-06-01,99D,NHS SOUTH LINCOLNSHIRE CCG,48.0
pre_pandemic,2019-06-01,99E,NHS BASILDON AND BRENTWOOD CCG,42.0
pre_pandemic,2019-06-01,99F,NHS CASTLE POINT AND ROCHFORD CCG,53.0
pre_pandemic,2019-06-01,99G,NHS SOUTHEND CCG,51.0
pre_pandemic,2019-06-01,99H,NHS SURREY DOWNS CCG,52.0
pre_pandemic,2019-06-01,99J,NHS WEST KENT CCG,51.0
pre_pandemic,2019-06-01,99K,NHS HIGH WEALD LEWES HAVENS CCG,59.0
pre_pandemic,2019-06-01,99M,NHS NORTH EAST HAMPSHIRE AND FARNHAM CCG,54.0
pre_pandemic,2019-06-01,99N,NHS WILTSHIRE CCG,51.0
pre_pandemic,2019-06-01,99P,"NHS NORTHERN, EASTERN AND WESTERN DEVON CCG",-0.0
pre_pandemic,2019-06-01,99Q,NHS SOUTH DEVON AND TORBAY CCG,-0.0
pre_pandemic,2019-07-01,00C,NHS DARLINGTON CCG,51.0
pre_pandemic,2019-07-01,00D,"NHS DURHAM DALES, EASINGTON AND SEDGEFIELD CCG",47.0
pre_pandemic,2019-07-01,00J,NHS NORTH DURHAM CCG,47.0
pre_pandemic,2019-07-01,00K,NHS HARTLEPOOL AND STOCKTON-ON-TEES CCG,52.0
pre_pandemic,2019-07-01,00L,NHS NORTHUMBERLAND CCG,59.0
pre_pandemic,2019-07-01,00M,NHS SOUTH TEES CCG,54.0
pre_pandemic,2019-07-01,00N,NHS SOUTH TYNESIDE CCG,52.0
pre_pandemic,2019-07-01,00P,NHS SUNDERLAND CCG,43.0
pre_pandemic,2019-07-01,00Q,NHS BLACKBURN WITH DARWEN CCG,57.0
pre_pandemic,2019-07-01,00R,NHS BLACKPOOL CCG,48.0
pre_pandemic,2019-07-01,00T,NHS BOLTON CCG,55.0
pre_pandemic,2019-07-01,00V,NHS BURY CCG,54.0
pre_pandemic,2019-07-01,00X,NHS CHORLEY AND SOUTH RIBBLE CCG,54.0
pre_pandemic,2019-07-01,00Y,NHS OLDHAM CCG,52.0
pre_pandemic,2019-07-01,01A,NHS EAST LANCASHIRE CCG,58.0
pre_pandemic,2019-07-01,01C,NHS EASTERN CHESHIRE CCG,52.0
pre_pandemic,2019-07-01,01D,"NHS HEYWOOD, MIDDLETON AND ROCHDALE CCG",52.0
pre_pandemic,2019-07-01,01E,NHS GREATER PRESTON CCG,48.0
pre_pandemic,2019-07-01,01F,NHS HALTON CCG,46.0
pre_pandemic,2019-07-01,01G,NHS SALFORD CCG,43.0
pre_pandemic,2019-07-01,01H,NHS NORTH CUMBRIA CCG,54.0
pre_pandemic,2019-07-01,01J,NHS KNOWSLEY CCG,52.0
pre_pandemic,2019-07-01,01K,NHS MORECAMBE BAY CCG,55.0
pre_pandemic,2019-07-01,01R,NHS SOUTH CHESHIRE CCG,46.0
pre_pandemic,2019-07-01,01T,NHS SOUTH SEFTON CCG,49.0
pre_pandemic,2019-07-01,01V,NHS SOUTHPORT AND FORMBY CCG,50.0
pre_pandemic,2019-07-01,01W,NHS STOCKPORT CCG,54.0
pre_pandemic,2019-07-01,01X,NHS ST HELENS CCG,40.0
pre_pandemic,2019-07-01,01Y,NHS TAMESIDE AND GLOSSOP CCG,58.0
pre_pandemic,2019-07-01,02A,NHS TRAFFORD CCG,63.0
pre_pandemic,2019-07-01,02D,NHS VALE ROYAL CCG,49.0
pre_pandemic,2019-07-01,02E,NHS WARRINGTON CCG,50.0
pre_pandemic,2019-07-01,02F,NHS WEST CHESHIRE CCG,44.0
pre_pandemic,2019-07-01,02G,NHS WEST LANCASHIRE CCG,47.0
pre_pandemic,2019-07-01,02H,NHS WIGAN BOROUGH CCG,53.0
pre_pandemic,2019-07-01,02M,NHS FYLDE AND WYRE CCG,55.0
pre_pandemic,2019-07-01,02N,"NHS AIREDALE, WHARFEDALE AND CRAVEN CCG",65.0
pre_pandemic,2019-07-01,02P,NHS BARNSLEY CCG,53.0
pre_pandemic,2019-07-01,02Q,NHS BASSETLAW CCG,55.0
pre_pandemic,2019-07-01,02R,NHS BRADFORD DISTRICTS CCG,53.0
pre_pandemic,2019-07-01,02T,NHS CALDERDALE CCG,62.0
pre_pandemic,2019-07-01,02W,NHS BRADFORD CITY CCG,38.0
pre_pandemic,2019-07-01,02X,NHS DONCASTER CCG,53.0
pre_pandemic,2019-07-01,02Y,NHS EAST RIDING OF YORKSHIRE CCG,57.0
pre_pandemic,2019-07-01,03A,NHS GREATER HUDDERSFIELD CCG,49.0
pre_pandemic,2019-07-01,03D,"NHS HAMBLETON, RICHMONDSHIRE AND WHITBY CCG",54.0
pre_pandemic,2019-07-01,03E,NHS HARROGATE AND RURAL DISTRICT CCG,60.0
pre_pandemic,2019-07-01,03F,NHS HULL CCG,56.0
pre_pandemic,2019-07-01,03H,NHS NORTH EAST LINCOLNSHIRE CCG,54.0
pre_pandemic,2019-07-01,03J,NHS NORTH KIRKLEES CCG,49.0
pre_pandemic,2019-07-01,03K,NHS NORTH LINCOLNSHIRE CCG,48.0
pre_pandemic,2019-07-01,03L,NHS ROTHERHAM CCG,56.0
pre_pandemic,2019-07-01,03M,NHS SCARBOROUGH AND RYEDALE CCG,52.0
pre_pandemic,2019-07-01,03N,NHS SHEFFIELD CCG,47.0
pre_pandemic,2019-07-01,03Q,NHS VALE OF YORK CCG,54.0
pre_pandemic,2019-07-01,03R,NHS WAKEFIELD CCG,51.0
pre_pandemic,2019-07-01,03T,NHS LINCOLNSHIRE EAST CCG,49.0
pre_pandemic,2019-07-01,03V,NHS CORBY CCG,50.0
pre_pandemic,2019-07-01,03W,NHS EAST LEICESTERSHIRE AND RUTLAND CCG,46.0
pre_pandemic,2019-07-01,03X,NHS EREWASH CCG,-0.0
pre_pandemic,2019-07-01,03Y,NHS HARDWICK CCG,-0.0
pre_pandemic,2019-07-01,04C,NHS LEICESTER CITY CCG,53.0
pre_pandemic,2019-07-01,04D,NHS LINCOLNSHIRE WEST CCG,50.0
pre_pandemic,2019-07-01,04E,NHS MANSFIELD AND ASHFIELD CCG,53.0
pre_pandemic,2019-07-01,04F,NHS MILTON KEYNES CCG,55.0
pre_pandemic,2019-07-01,04G,NHS NENE CCG,52.0
pre_pandemic,2019-07-01,04H,NHS NEWARK AND SHERWOOD CCG,58.0
pre_pandemic,2019-07-01,04J,NHS NORTH DERBYSHIRE CCG,-0.0
pre_pandemic,2019-07-01,04K,NHS NOTTINGHAM CITY CCG,50.0
pre_pandemic,2019-07-01,04L,NHS NOTTINGHAM NORTH AND EAST CCG,57.0
pre_pandemic,2019-07-01,04M,NHS NOTTINGHAM WEST CCG,53.0
pre_pandemic,2019-07-01,04N,NHS RUSHCLIFFE CCG,59.0
pre_pandemic,2019-07-01,04Q,NHS SOUTH WEST LINCOLNSHIRE CCG,58.0
pre_pandemic,2019-07-01,04R,NHS SOUTHERN DERBYSHIRE CCG,-0.0
pre_pandemic,2019-07-01,04V,NHS WEST LEICESTERSHIRE CCG,46.0
pre_pandemic,2019-07-01,04Y,NHS CANNOCK CHASE CCG,55.0
pre_pandemic,2019-07-01,05A,NHS COVENTRY AND RUGBY CCG,52.0
pre_pandemic,2019-07-01,05C,NHS DUDLEY CCG,53.0
pre_pandemic,2019-07-01,05D,NHS EAST STAFFORDSHIRE CCG,58.0
pre_pandemic,2019-07-01,05F,NHS HEREFORDSHIRE CCG,46.0
pre_pandemic,2019-07-01,05G,NHS NORTH STAFFORDSHIRE CCG,55.0
pre_pandemic,2019-07-01,05H,NHS WARWICKSHIRE NORTH CCG,50.0
pre_pandemic,2019-07-01,05J,NHS REDDITCH AND BROMSGROVE CCG,45.0
pre_pandemic,2019-07-01,05L,NHS SANDWELL AND WEST BIRMINGHAM CCG,56.0
pre_pandemic,2019-07-01,05N,NHS SHROPSHIRE CCG,53.0
pre_pandemic,2019-07-01,05Q,NHS SOUTH EAST STAFFORDSHIRE AND SEISDON PENINSULA CCG,57.0
pre_pandemic,2019-07-01,05R,NHS SOUTH WARWICKSHIRE CCG,59.0
pre_pandemic,2019-07-01,05T,NHS SOUTH WORCESTERSHIRE CCG,56.0
pre_pandemic,2019-07-01,05V,NHS STAFFORD AND SURROUNDS CCG,55.0
pre_pandemic,2019-07-01,05W,NHS STOKE ON TRENT CCG,52.0
pre_pandemic,2019-07-01,05X,NHS TELFORD AND WREKIN CCG,53.0
pre_pandemic,2019-07-01,05Y,NHS WALSALL CCG,49.0
pre_pandemic,2019-07-01,06A,NHS WOLVERHAMPTON CCG,47.0
pre_pandemic,2019-07-01,06D,NHS WYRE FOREST CCG,48.0
pre_pandemic,2019-07-01,06F,NHS BEDFORDSHIRE CCG,51.0
pre_pandemic,2019-07-01,06H,NHS CAMBRIDGESHIRE AND PETERBOROUGH CCG,51.0
pre_pandemic,2019-07-01,06K,NHS EAST AND NORTH HERTFORDSHIRE CCG,51.0
pre_pandemic,2019-07-01,06L,NHS IPSWICH AND EAST SUFFOLK CCG,49.0
pre_pandemic,2019-07-01,06M,NHS GREAT YARMOUTH AND WAVENEY CCG,59.0
pre_pandemic,2019-07-01,06N,NHS HERTS VALLEYS CCG,51.0
pre_pandemic,2019-07-01,06P,NHS LUTON CCG,51.0
pre_pandemic,2019-07-01,06Q,NHS MID ESSEX CCG,53.0
pre_pandemic,2019-07-01,06T,NHS NORTH EAST ESSEX CCG,49.0
pre_pandemic,2019-07-01,06V,NHS NORTH NORFOLK CCG,56.0
pre_pandemic,2019-07-01,06W,NHS NORWICH CCG,51.0
pre_pandemic,2019-07-01,06Y,NHS SOUTH NORFOLK CCG,58.0
pre_pandemic,2019-07-01,07G,NHS THURROCK CCG,56.0
pre_pandemic,2019-07-01,07H,NHS WEST ESSEX CCG,52.0
pre_pandemic,2019-07-01,07J,NHS WEST NORFOLK CCG,64.0
pre_pandemic,2019-07-01,07K,NHS WEST SUFFOLK CCG,51.0
pre_pandemic,2019-07-01,07L,NHS BARKING AND DAGENHAM CCG,54.0
pre_pandemic,2019-07-01,07M,NHS BARNET CCG,55.0
pre_pandemic,2019-07-01,07N,NHS BEXLEY CCG,54.0
pre_pandemic,2019-07-01,07P,NHS BRENT CCG,54.0
pre_pandemic,2019-07-01,07Q,NHS BROMLEY CCG,39.0
pre_pandemic,2019-07-01,07R,NHS CAMDEN CCG,52.0
pre_pandemic,2019-07-01,07T,NHS CITY AND HACKNEY CCG,62.0
pre_pandemic,2019-07-01,07V,NHS CROYDON CCG,55.0
pre_pandemic,2019-07-01,07W,NHS EALING CCG,50.0
pre_pandemic,2019-07-01,07X,NHS ENFIELD CCG,41.0
pre_pandemic,2019-07-01,07Y,NHS HOUNSLOW CCG,50.0
pre_pandemic,2019-07-01,08A,NHS GREENWICH CCG,50.0
pre_pandemic,2019-07-01,08C,NHS HAMMERSMITH AND FULHAM CCG,53.0
pre_pandemic,2019-07-01,08D,NHS HARINGEY CCG,60.0
pre_pandemic,2019-07-01,08E,NHS HARROW CCG,57.0
pre_pandemic,2019-07-01,08F,NHS HAVERING CCG,55.0
pre_pandemic,2019-07-01,08G,NHS HILLINGDON CCG,52.0
pre_pandemic,2019-07-01,08H,NHS ISLINGTON CCG,55.0
pre_pandemic,2019-07-01,08J,NHS KINGSTON CCG,57.0
pre_pandemic,2019-07-01,08K,NHS LAMBETH CCG,52.0
pre_pandemic,2019-07-01,08L,NHS LEWISHAM CCG,51.0
pre_pandemic,2019-07-01,08M,NHS NEWHAM CCG,50.0
pre_pandemic,2019-07-01,08N,NHS REDBRIDGE CCG,48.0
pre_pandemic,2019-07-01,08P,NHS RICHMOND CCG,55.0
pre_pandemic,2019-07-01,08Q,NHS SOUTHWARK CCG,52.0
pre_pandemic,2019-07-01,08R,NHS MERTON CCG,47.0
pre_pandemic,2019-07-01,08T,NHS SUTTON CCG,41.0
pre_pandemic,2019-07-01,08V,NHS TOWER HAMLETS CCG,50.0
pre_pandemic,2019-07-01,08W,NHS WALTHAM FOREST CCG,51.0
pre_pandemic,2019-07-01,08X,NHS WANDSWORTH CCG,48.0
pre_pandemic,2019-07-01,08Y,NHS WEST LONDON CCG,52.0
pre_pandemic,2019-07-01,09A,NHS CENTRAL LONDON (WESTMINSTER) CCG,53.0
pre_pandemic,2019-07-01,09C,NHS ASHFORD CCG,54.0
pre_pandemic,2019-07-01,09D,NHS BRIGHTON AND HOVE CCG,43.0
pre_pandemic,2019-07-01,09E,NHS CANTERBURY AND COASTAL CCG,51.0
pre_pandemic,2019-07-01,09F,"NHS EASTBOURNE, HAILSHAM AND SEAFORD CCG",57.0
pre_pandemic,2019-07-01,09G,NHS COASTAL WEST SUSSEX CCG,58.0
pre_pandemic,2019-07-01,09H,NHS CRAWLEY CCG,58.0
pre_pandemic,2019-07-01,09J,"NHS DARTFORD, GRAVESHAM AND SWANLEY CCG",52.0
pre_pandemic,2019-07-01,09L,NHS EAST SURREY CCG,50.0
pre_pandemic,2019-07-01,09N,NHS GUILDFORD AND WAVERLEY CCG,56.0
pre_pandemic,2019-07-01,09P,NHS HASTINGS AND ROTHER CCG,54.0
pre_pandemic,2019-07-01,09W,NHS MEDWAY CCG,54.0
pre_pandemic,2019-07-01,09X,NHS HORSHAM AND MID SUSSEX CCG,55.0
pre_pandemic,2019-07-01,09Y,NHS NORTH WEST SURREY CCG,50.0
pre_pandemic,2019-07-01,10A,NHS SOUTH KENT COAST CCG,58.0
pre_pandemic,2019-07-01,10C,NHS SURREY HEATH CCG,44.0
pre_pandemic,2019-07-01,10D,NHS SWALE CCG,52.0
pre_pandemic,2019-07-01,10E,NHS THANET CCG,55.0
pre_pandemic,2019-07-01,10J,NHS NORTH HAMPSHIRE CCG,49.0
pre_pandemic,2019-07-01,10K,NHS FAREHAM AND GOSPORT CCG,52.0
pre_pandemic,2019-07-01,10L,NHS ISLE OF WIGHT CCG,56.0
pre_pandemic,2019-07-01,10Q,NHS OXFORDSHIRE CCG,47.0
pre_pandemic,2019-07-01,10R,NHS PORTSMOUTH CCG,57.0
pre_pandemic,2019-07-01,10V,NHS SOUTH EASTERN HAMPSHIRE CCG,51.0
pre_pandemic,2019-07-01,10X,NHS SOUTHAMPTON CCG,47.0
pre_pandemic,2019-07-01,11A,NHS WEST HAMPSHIRE CCG,59.0
pre_pandemic,2019-07-01,11E,NHS BATH AND NORTH EAST SOMERSET CCG,54.0
pre_pandemic,2019-07-01,11J,NHS DORSET CCG,53.0
pre_pandemic,2019-07-01,11M,NHS GLOUCESTERSHIRE CCG,51.0
pre_pandemic,2019-07-01,11N,NHS KERNOW CCG,46.0
pre_pandemic,2019-07-01,11X,NHS SOMERSET CCG,55.0
pre_pandemic,2019-07-01,12D,NHS SWINDON CCG,54.0
pre_pandemic,2019-07-01,12F,NHS WIRRAL CCG,36.0
pre_pandemic,2019-07-01,13Q,NATIONAL COMMISSIONING HUB 1,57.0
pre_pandemic,2019-07-01,13T,NHS NEWCASTLE GATESHEAD CCG,48.0
pre_pandemic,2019-07-01,14A,NORTH MIDLANDS COMMISSIONING HUB,-0.0
pre_pandemic,2019-07-01,14E,EAST OF ENGLAND COMMISSIONING HUB,50.0
pre_pandemic,2019-07-01,14L,NHS MANCHESTER CCG,44.0
pre_pandemic,2019-07-01,14Y,NHS BUCKINGHAMSHIRE CCG,59.0
pre_pandemic,2019-07-01,15A,NHS BERKSHIRE WEST CCG,52.0
pre_pandemic,2019-07-01,15C,"NHS BRISTOL, NORTH SOMERSET AND SOUTH GLOUCESTERSHIRE CCG",39.0
pre_pandemic,2019-07-01,15D,NHS EAST BERKSHIRE CCG,53.0
pre_pandemic,2019-07-01,15E,NHS BIRMINGHAM AND SOLIHULL CCG,54.0
pre_pandemic,2019-07-01,15F,NHS LEEDS CCG,22.0
pre_pandemic,2019-07-01,15M,NHS DERBY AND DERBYSHIRE CCG,55.0
pre_pandemic,2019-07-01,15N,NHS DEVON CCG,53.0
pre_pandemic,2019-07-01,99A,NHS LIVERPOOL CCG,48.0
pre_pandemic,2019-07-01,99C,NHS NORTH TYNESIDE CCG,56.0
pre_pandemic,2019-07-01,99D,NHS SOUTH LINCOLNSHIRE CCG,55.0
pre_pandemic,2019-07-01,99E,NHS BASILDON AND BRENTWOOD CCG,45.0
pre_pandemic,2019-07-01,99F,NHS CASTLE POINT AND ROCHFORD CCG,60.0
pre_pandemic,2019-07-01,99G,NHS SOUTHEND CCG,54.0
pre_pandemic,2019-07-01,99H,NHS SURREY DOWNS CCG,57.0
pre_pandemic,2019-07-01,99J,NHS WEST KENT CCG,44.0
pre_pandemic,2019-07-01,99K,NHS HIGH WEALD LEWES HAVENS CCG,49.0
pre_pandemic,2019-07-01,99M,NHS NORTH EAST HAMPSHIRE AND FARNHAM CCG,58.0
pre_pandemic,2019-07-01,99N,NHS WILTSHIRE CCG,50.0
pre_pandemic,2019-07-01,99P,"NHS NORTHERN, EASTERN AND WESTERN DEVON CCG",-0.0
pre_pandemic,2019-07-01,99Q,NHS SOUTH DEVON AND TORBAY CCG,-0.0
pre_pandemic,2019-08-01,00C,NHS DARLINGTON CCG,46.0
pre_pandemic,2019-08-01,00D,"NHS DURHAM DALES, EASINGTON AND SEDGEFIELD CCG",40.0
pre_pandemic,2019-08-01,00J,NHS NORTH DURHAM CCG,45.0
pre_pandemic,2019-08-01,00K,NHS HARTLEPOOL AND STOCKTON-ON-TEES CCG,55.0
pre_pandemic,2019-08-01,00L,NHS NORTHUMBERLAND CCG,50.0
pre_pandemic,2019-08-01,00M,NHS SOUTH TEES CCG,50.0
pre_pandemic,2019-08-01,00N,NHS SOUTH TYNESIDE CCG,45.0
pre_pandemic,2019-08-01,00P,NHS SUNDERLAND CCG,48.0
pre_pandemic,2019-08-01,00Q,NHS BLACKBURN WITH DARWEN CCG,49.0
pre_pandemic,2019-08-01,00R,NHS BLACKPOOL CCG,50.0
pre_pandemic,2019-08-01,00T,NHS BOLTON CCG,51.0
pre_pandemic,2019-08-01,00V,NHS BURY CCG,57.0
pre_pandemic,2019-08-01,00X,NHS CHORLEY AND SOUTH RIBBLE CCG,52.0
pre_pandemic,2019-08-01,00Y,NHS OLDHAM CCG,62.0
pre_pandemic,2019-08-01,01A,NHS EAST LANCASHIRE CCG,54.0
pre_pandemic,2019-08-01,01C,NHS EASTERN CHESHIRE CCG,52.0
pre_pandemic,2019-08-01,01D,"NHS HEYWOOD, MIDDLETON AND ROCHDALE CCG",49.0
pre_pandemic,2019-08-01,01E,NHS GREATER PRESTON CCG,51.0
pre_pandemic,2019-08-01,01F,NHS HALTON CCG,52.0
pre_pandemic,2019-08-01,01G,NHS SALFORD CCG,50.0
pre_pandemic,2019-08-01,01H,NHS NORTH CUMBRIA CCG,53.0
pre_pandemic,2019-08-01,01J,NHS KNOWSLEY CCG,53.0
pre_pandemic,2019-08-01,01K,NHS MORECAMBE BAY CCG,53.0
pre_pandemic,2019-08-01,01R,NHS SOUTH CHESHIRE CCG,37.0
pre_pandemic,2019-08-01,01T,NHS SOUTH SEFTON CCG,46.0
pre_pandemic,2019-08-01,01V,NHS SOUTHPORT AND FORMBY CCG,42.0
pre_pandemic,2019-08-01,01W,NHS STOCKPORT CCG,57.0
pre_pandemic,2019-08-01,01X,NHS ST HELENS CCG,28.0
pre_pandemic,2019-08-01,01Y,NHS TAMESIDE AND GLOSSOP CCG,54.0
pre_pandemic,2019-08-01,02A,NHS TRAFFORD CCG,64.0
pre_pandemic,2019-08-01,02D,NHS VALE ROYAL CCG,37.0
pre_pandemic,2019-08-01,02E,NHS WARRINGTON CCG,52.0
pre_pandemic,2019-08-01,02F,NHS WEST CHESHIRE CCG,47.0
pre_pandemic,2019-08-01,02G,NHS WEST LANCASHIRE CCG,52.0
pre_pandemic,2019-08-01,02H,NHS WIGAN BOROUGH CCG,51.0
pre_pandemic,2019-08-01,02M,NHS FYLDE AND WYRE CCG,52.0
pre_pandemic,2019-08-01,02N,"NHS AIREDALE, WHARFEDALE AND CRAVEN CCG",60.0
pre_pandemic,2019-08-01,02P,NHS BARNSLEY CCG,50.0
pre_pandemic,2019-08-01,02Q,NHS BASSETLAW CCG,56.0
pre_pandemic,2019-08-01,02R,NHS BRADFORD DISTRICTS CCG,57.0
pre_pandemic,2019-08-01,02T,NHS CALDERDALE CCG,57.0
pre_pandemic,2019-08-01,02W,NHS BRADFORD CITY CCG,41.0
pre_pandemic,2019-08-01,02X,NHS DONCASTER CCG,58.0
pre_pandemic,2019-08-01,02Y,NHS EAST RIDING OF YORKSHIRE CCG,61.0
pre_pandemic,2019-08-01,03A,NHS GREATER HUDDERSFIELD CCG,56.0
pre_pandemic,2019-08-01,03D,"NHS HAMBLETON, RICHMONDSHIRE AND WHITBY CCG",56.0
pre_pandemic,2019-08-01,03E,NHS HARROGATE AND RURAL DISTRICT CCG,46.0
pre_pandemic,2019-08-01,03F,NHS HULL CCG,57.0
pre_pandemic,2019-08-01,03H,NHS NORTH EAST LINCOLNSHIRE CCG,49.0
pre_pandemic,2019-08-01,03J,NHS NORTH KIRKLEES CCG,51.0
pre_pandemic,2019-08-01,03K,NHS NORTH LINCOLNSHIRE CCG,44.0
pre_pandemic,2019-08-01,03L,NHS ROTHERHAM CCG,58.0
pre_pandemic,2019-08-01,03M,NHS SCARBOROUGH AND RYEDALE CCG,45.0
pre_pandemic,2019-08-01,03N,NHS SHEFFIELD CCG,49.0
pre_pandemic,2019-08-01,03Q,NHS VALE OF YORK CCG,49.0
pre_pandemic,2019-08-01,03R,NHS WAKEFIELD CCG,54.0
pre_pandemic,2019-08-01,03T,NHS LINCOLNSHIRE EAST CCG,41.0
pre_pandemic,2019-08-01,03V,NHS CORBY CCG,60.0
pre_pandemic,2019-08-01,03W,NHS EAST LEICESTERSHIRE AND RUTLAND CCG,43.0
pre_pandemic,2019-08-01,03X,NHS EREWASH CCG,-0.0
pre_pandemic,2019-08-01,03Y,NHS HARDWICK CCG,-0.0
pre_pandemic,2019-08-01,04C,NHS LEICESTER CITY CCG,55.0
pre_pandemic,2019-08-01,04D,NHS LINCOLNSHIRE WEST CCG,49.0
pre_pandemic,2019-08-01,04E,NHS MANSFIELD AND ASHFIELD CCG,46.0
pre_pandemic,2019-08-01,04F,NHS MILTON KEYNES CCG,52.0
pre_pandemic,2019-08-01,04G,NHS NENE CCG,50.0
pre_pandemic,2019-08-01,04H,NHS NEWARK AND SHERWOOD CCG,56.0
pre_pandemic,2019-08-01,04J,NHS NORTH DERBYSHIRE CCG,-0.0
pre_pandemic,2019-08-01,04K,NHS NOTTINGHAM CITY CCG,50.0
pre_pandemic,2019-08-01,04L,NHS NOTTINGHAM NORTH AND EAST CCG,56.0
pre_pandemic,2019-08-01,04M,NHS NOTTINGHAM WEST CCG,63.0
pre_pandemic,2019-08-01,04N,NHS RUSHCLIFFE CCG,65.0
pre_pandemic,2019-08-01,04Q,NHS SOUTH WEST LINCOLNSHIRE CCG,51.0
pre_pandemic,2019-08-01,04R,NHS SOUTHERN DERBYSHIRE CCG,-0.0
pre_pandemic,2019-08-01,04V,NHS WEST LEICESTERSHIRE CCG,46.0
pre_pandemic,2019-08-01,04Y,NHS CANNOCK CHASE CCG,54.0
pre_pandemic,2019-08-01,05A,NHS COVENTRY AND RUGBY CCG,53.0
pre_pandemic,2019-08-01,05C,NHS DUDLEY CCG,48.0
pre_pandemic,2019-08-01,05D,NHS EAST STAFFORDSHIRE CCG,60.0
pre_pandemic,2019-08-01,05F,NHS HEREFORDSHIRE CCG,53.0
pre_pandemic,2019-08-01,05G,NHS NORTH STAFFORDSHIRE CCG,63.0
pre_pandemic,2019-08-01,05H,NHS WARWICKSHIRE NORTH CCG,57.0
pre_pandemic,2019-08-01,05J,NHS REDDITCH AND BROMSGROVE CCG,58.0
pre_pandemic,2019-08-01,05L,NHS SANDWELL AND WEST BIRMINGHAM CCG,49.0
pre_pandemic,2019-08-01,05N,NHS SHROPSHIRE CCG,51.0
pre_pandemic,2019-08-01,05Q,NHS SOUTH EAST STAFFORDSHIRE AND SEISDON PENINSULA CCG,52.0
pre_pandemic,2019-08-01,05R,NHS SOUTH WARWICKSHIRE CCG,56.0
pre_pandemic,2019-08-01,05T,NHS SOUTH WORCESTERSHIRE CCG,51.0
pre_pandemic,2019-08-01,05V,NHS STAFFORD AND SURROUNDS CCG,49.0
pre_pandemic,2019-08-01,05W,NHS STOKE ON TRENT CCG,64.0
pre_pandemic,2019-08-01,05X,NHS TELFORD AND WREKIN CCG,58.0
pre_pandemic,2019-08-01,05Y,NHS WALSALL CCG,45.0
pre_pandemic,2019-08-01,06A,NHS WOLVERHAMPTON CCG,49.0
pre_pandemic,2019-08-01,06D,NHS WYRE FOREST CCG,52.0
pre_pandemic,2019-08-01,06F,NHS BEDFORDSHIRE CCG,55.0
pre_pandemic,2019-08-01,06H,NHS CAMBRIDGESHIRE AND PETERBOROUGH CCG,52.0
pre_pandemic,2019-08-01,06K,NHS EAST AND NORTH HERTFORDSHIRE CCG,46.0
pre_pandemic,2019-08-01,06L,NHS IPSWICH AND EAST SUFFOLK CCG,50.0
pre_pandemic,2019-08-01,06M,NHS GREAT YARMOUTH AND WAVENEY CCG,53.0
pre_pandemic,2019-08-01,06N,NHS HERTS VALLEYS CCG,51.0
pre_pandemic,2019-08-01,06Q,NHS MID ESSEX CCG,48.0
pre_pandemic,2019-08-01,06T,NHS NORTH EAST ESSEX CCG,36.0
pre_pandemic,2019-08-01,06V,NHS NORTH NORFOLK CCG,58.0
pre_pandemic,2019-08-01,06W,NHS NORWICH CCG,60.0
pre_pandemic,2019-08-01,06Y,NHS SOUTH NORFOLK CCG,55.0
pre_pandemic,2019-08-01,07G,NHS THURROCK CCG,45.0
pre_pandemic,2019-08-01,07H,NHS WEST ESSEX CCG,45.0
pre_pandemic,2019-08-01,07J,NHS WEST NORFOLK CCG,57.0
pre_pandemic,2019-08-01,07K,NHS WEST SUFFOLK CCG,55.0
pre_pandemic,2019-08-01,07L,NHS BARKING AND DAGENHAM CCG,69.0
pre_pandemic,2019-08-01,07M,NHS BARNET CCG,53.0
pre_pandemic,2019-08-01,07N,NHS BEXLEY CCG,50.0
pre_pandemic,2019-08-01,07P,NHS BRENT CCG,52.0
pre_pandemic,2019-08-01,07Q,NHS BROMLEY CCG,44.0
pre_pandemic,2019-08-01,07R,NHS CAMDEN CCG,48.0
pre_pandemic,2019-08-01,07T,NHS CITY AND HACKNEY CCG,57.0
pre_pandemic,2019-08-01,07V,NHS CROYDON CCG,60.0
pre_pandemic,2019-08-01,07W,NHS EALING CCG,49.0
pre_pandemic,2019-08-01,07X,NHS ENFIELD CCG,50.0
pre_pandemic,2019-08-01,07Y,NHS HOUNSLOW CCG,50.0
pre_pandemic,2019-08-01,08A,NHS GREENWICH CCG,58.0
pre_pandemic,2019-08-01,08C,NHS HAMMERSMITH AND FULHAM CCG,55.0
pre_pandemic,2019-08-01,08D,NHS HARINGEY CCG,56.0
pre_pandemic,2019-08-01,08E,NHS HARROW CCG,57.0
pre_pandemic,2019-08-01,08F,NHS HAVERING CCG,55.0
pre_pandemic,2019-08-01,08G,NHS HILLINGDON CCG,51.0
pre_pandemic,2019-08-01,08H,NHS ISLINGTON CCG,48.0
pre_pandemic,2019-08-01,08J,NHS KINGSTON CCG,51.0
pre_pandemic,2019-08-01,08K,NHS LAMBETH CCG,53.0
pre_pandemic,2019-08-01,08L,NHS LEWISHAM CCG,48.0
pre_pandemic,2019-08-01,08M,NHS NEWHAM CCG,55.0
pre_pandemic,2019-08-01,08N,NHS REDBRIDGE CCG,49.0
pre_pandemic,2019-08-01,08P,NHS RICHMOND CCG,58.0
pre_pandemic,2019-08-01,08Q,NHS SOUTHWARK CCG,52.0
pre_pandemic,2019-08-01,08R,NHS MERTON CCG,59.0
pre_pandemic,2019-08-01,08T,NHS SUTTON CCG,48.0
pre_pandemic,2019-08-01,08V,NHS TOWER HAMLETS CCG,50.0
pre_pandemic,2019-08-01,08W,NHS WALTHAM FOREST CCG,56.0
pre_pandemic,2019-08-01,08X,NHS WANDSWORTH CCG,50.0
pre_pandemic,2019-08-01,08Y,NHS WEST LONDON CCG,55.0
pre_pandemic,2019-08-01,09A,NHS CENTRAL LONDON (WESTMINSTER) CCG,54.0
pre_pandemic,2019-08-01,09C,NHS ASHFORD CCG,53.0
pre_pandemic,2019-08-01,09D,NHS BRIGHTON AND HOVE CCG,41.0
pre_pandemic,2019-08-01,09E,NHS CANTERBURY AND COASTAL CCG,53.0
pre_pandemic,2019-08-01,09F,"NHS EASTBOURNE, HAILSHAM AND SEAFORD CCG",58.0
pre_pandemic,2019-08-01,09G,NHS COASTAL WEST SUSSEX CCG,65.0
pre_pandemic,2019-08-01,09H,NHS CRAWLEY CCG,43.0
pre_pandemic,2019-08-01,09J,"NHS DARTFORD, GRAVESHAM AND SWANLEY CCG",54.0
pre_pandemic,2019-08-01,09L,NHS EAST SURREY CCG,53.0
pre_pandemic,2019-08-01,09N,NHS GUILDFORD AND WAVERLEY CCG,54.0
pre_pandemic,2019-08-01,09P,NHS HASTINGS AND ROTHER CCG,44.0
pre_pandemic,2019-08-01,09W,NHS MEDWAY CCG,50.0
pre_pandemic,2019-08-01,09X,NHS HORSHAM AND MID SUSSEX CCG,49.0
pre_pandemic,2019-08-01,09Y,NHS NORTH WEST SURREY CCG,51.0
pre_pandemic,2019-08-01,10A,NHS SOUTH KENT COAST CCG,61.0
pre_pandemic,2019-08-01,10C,NHS SURREY HEATH CCG,65.0
pre_pandemic,2019-08-01,10D,NHS SWALE CCG,60.0
pre_pandemic,2019-08-01,10E,NHS THANET CCG,60.0
pre_pandemic,2019-08-01,10J,NHS NORTH HAMPSHIRE CCG,51.0
pre_pandemic,2019-08-01,10K,NHS FAREHAM AND GOSPORT CCG,53.0
pre_pandemic,2019-08-01,10L,NHS ISLE OF WIGHT CCG,46.0
pre_pandemic,2019-08-01,10Q,NHS OXFORDSHIRE CCG,49.0
pre_pandemic,2019-08-01,10R,NHS PORTSMOUTH CCG,54.0
pre_pandemic,2019-08-01,10V,NHS SOUTH EASTERN HAMPSHIRE CCG,53.0
pre_pandemic,2019-08-01,10X,NHS SOUTHAMPTON CCG,52.0
pre_pandemic,2019-08-01,11A,NHS WEST HAMPSHIRE CCG,52.0
pre_pandemic,2019-08-01,11E,NHS BATH AND NORTH EAST SOMERSET CCG,50.0
pre_pandemic,2019-08-01,11J,NHS DORSET CCG,51.0
pre_pandemic,2019-08-01,11M,NHS GLOUCESTERSHIRE CCG,48.0
pre_pandemic,2019-08-01,11N,NHS KERNOW CCG,46.0
pre_pandemic,2019-08-01,11X,NHS SOMERSET CCG,57.0
pre_pandemic,2019-08-01,12D,NHS SWINDON CCG,54.0
pre_pandemic,2019-08-01,12F,NHS WIRRAL CCG,29.0
pre_pandemic,2019-08-01,13Q,NATIONAL COMMISSIONING HUB 1,47.0
pre_pandemic,2019-08-01,13T,NHS NEWCASTLE GATESHEAD CCG,51.0
pre_pandemic,2019-08-01,14A,NORTH MIDLANDS COMMISSIONING HUB,-0.0
pre_pandemic,2019-08-01,14E,EAST OF ENGLAND COMMISSIONING HUB,58.0
pre_pandemic,2019-08-01,14L,NHS MANCHESTER CCG,47.0
pre_pandemic,2019-08-01,14Y,NHS BUCKINGHAMSHIRE CCG,59.0
pre_pandemic,2019-08-01,15A,NHS BERKSHIRE WEST CCG,55.0
pre_pandemic,2019-08-01,15D,NHS EAST BERKSHIRE CCG,56.0
pre_pandemic,2019-08-01,15E,NHS BIRMINGHAM AND SOLIHULL CCG,52.0
pre_pandemic,2019-08-01,15F,NHS LEEDS CCG,44.0
pre_pandemic,2019-08-01,15M,NHS DERBY AND DERBYSHIRE CCG,57.0
pre_pandemic,2019-08-01,15N,NHS DEVON CCG,52.0
pre_pandemic,2019-08-01,99A,NHS LIVERPOOL CCG,53.0
pre_pandemic,2019-08-01,99C,NHS NORTH TYNESIDE CCG,58.0
pre_pandemic,2019-08-01,99D,NHS SOUTH LINCOLNSHIRE CCG,54.0
pre_pandemic,2019-08-01,99E,NHS BASILDON AND BRENTWOOD CCG,61.0
pre_pandemic,2019-08-01,99F,NHS CASTLE POINT AND ROCHFORD CCG,53.0
pre_pandemic,2019-08-01,99G,NHS SOUTHEND CCG,54.0
pre_pandemic,2019-08-01,99H,NHS SURREY DOWNS CCG,55.0
pre_pandemic,2019-08-01,99J,NHS WEST KENT CCG,52.0
pre_pandemic,2019-08-01,99K,NHS HIGH WEALD LEWES HAVENS CCG,58.0
pre_pandemic,2019-08-01,99M,NHS NORTH EAST HAMPSHIRE AND FARNHAM CCG,55.0
pre_pandemic,2019-08-01,99N,NHS WILTSHIRE CCG,52.0
pre_pandemic,2019-08-01,99P,"NHS NORTHERN, EASTERN AND WESTERN DEVON CCG",-0.0
pre_pandemic,2019-08-01,99Q,NHS SOUTH DEVON AND TORBAY CCG,-0.0
pre_pandemic,2019-09-01,00C,NHS DARLINGTON CCG,39.0
pre_pandemic,2019-09-01,00D,"NHS DURHAM DALES, EASINGTON AND SEDGEFIELD CCG",42.0
pre_pandemic,2019-09-01,00J,NHS NORTH DURHAM CCG,44.0
pre_pandemic,2019-09-01,00K,NHS HARTLEPOOL AND STOCKTON-ON-TEES CCG,54.0
pre_pandemic,2019-09-01,00L,NHS NORTHUMBERLAND CCG,56.0
pre_pandemic,2019-09-01,00M,NHS SOUTH TEES CCG,53.0
pre_pandemic,2019-09-01,00N,NHS SOUTH TYNESIDE CCG,60.0
pre_pandemic,2019-09-01,00P,NHS SUNDERLAND CCG,56.0
pre_pandemic,2019-09-01,00Q,NHS BLACKBURN WITH DARWEN CCG,56.0
pre_pandemic,2019-09-01,00R,NHS BLACKPOOL CCG,46.0
pre_pandemic,2019-09-01,00T,NHS BOLTON CCG,48.0
pre_pandemic,2019-09-01,00V,NHS BURY CCG,58.0
pre_pandemic,2019-09-01,00X,NHS CHORLEY AND SOUTH RIBBLE CCG,49.0
pre_pandemic,2019-09-01,00Y,NHS OLDHAM CCG,55.0
pre_pandemic,2019-09-01,01A,NHS EAST LANCASHIRE CCG,55.0
pre_pandemic,2019-09-01,01C,NHS EASTERN CHESHIRE CCG,47.0
pre_pandemic,2019-09-01,01D,"NHS HEYWOOD, MIDDLETON AND ROCHDALE CCG",50.0
pre_pandemic,2019-09-01,01E,NHS GREATER PRESTON CCG,51.0
pre_pandemic,2019-09-01,01F,NHS HALTON CCG,28.0
pre_pandemic,2019-09-01,01G,NHS SALFORD CCG,45.0
pre_pandemic,2019-09-01,01H,NHS NORTH CUMBRIA CCG,54.0
pre_pandemic,2019-09-01,01J,NHS KNOWSLEY CCG,32.0
pre_pandemic,2019-09-01,01K,NHS MORECAMBE BAY CCG,60.0
pre_pandemic,2019-09-01,01R,NHS SOUTH CHESHIRE CCG,50.0
pre_pandemic,2019-09-01,01T,NHS SOUTH SEFTON CCG,45.0
pre_pandemic,2019-09-01,01V,NHS SOUTHPORT AND FORMBY CCG,44.0
pre_pandemic,2019-09-01,01W,NHS STOCKPORT CCG,54.0
pre_pandemic,2019-09-01,01X,NHS ST HELENS CCG,41.0
pre_pandemic,2019-09-01,01Y,NHS TAMESIDE AND GLOSSOP CCG,58.0
pre_pandemic,2019-09-01,02A,NHS TRAFFORD CCG,65.0
pre_pandemic,2019-09-01,02D,NHS VALE ROYAL CCG,38.0
pre_pandemic,2019-09-01,02E,NHS WARRINGTON CCG,48.0
pre_pandemic,2019-09-01,02F,NHS WEST CHESHIRE CCG,50.0
pre_pandemic,2019-09-01,02G,NHS WEST LANCASHIRE CCG,51.0
pre_pandemic,2019-09-01,02H,NHS WIGAN BOROUGH CCG,52.0
pre_pandemic,2019-09-01,02M,NHS FYLDE AND WYRE CCG,45.0
pre_pandemic,2019-09-01,02N,"NHS AIREDALE, WHARFEDALE AND CRAVEN CCG",66.0
pre_pandemic,2019-09-01,02P,NHS BARNSLEY CCG,51.0
pre_pandemic,2019-09-01,02Q,NHS BASSETLAW CCG,55.0
pre_pandemic,2019-09-01,02R,NHS BRADFORD DISTRICTS CCG,60.0
pre_pandemic,2019-09-01,02T,NHS CALDERDALE CCG,59.0
pre_pandemic,2019-09-01,02W,NHS BRADFORD CITY CCG,47.0
pre_pandemic,2019-09-01,02X,NHS DONCASTER CCG,50.0
pre_pandemic,2019-09-01,02Y,NHS EAST RIDING OF YORKSHIRE CCG,55.0
pre_pandemic,2019-09-01,03A,NHS GREATER HUDDERSFIELD CCG,51.0
pre_pandemic,2019-09-01,03D,"NHS HAMBLETON, RICHMONDSHIRE AND WHITBY CCG",52.0
pre_pandemic,2019-09-01,03E,NHS HARROGATE AND RURAL DISTRICT CCG,51.0
pre_pandemic,2019-09-01,03F,NHS HULL CCG,58.0
pre_pandemic,2019-09-01,03H,NHS NORTH EAST LINCOLNSHIRE CCG,47.0
pre_pandemic,2019-09-01,03J,NHS NORTH KIRKLEES CCG,54.0
pre_pandemic,2019-09-01,03K,NHS NORTH LINCOLNSHIRE CCG,45.0
pre_pandemic,2019-09-01,03L,NHS ROTHERHAM CCG,53.0
pre_pandemic,2019-09-01,03M,NHS SCARBOROUGH AND RYEDALE CCG,52.0
pre_pandemic,2019-09-01,03N,NHS SHEFFIELD CCG,50.0
pre_pandemic,2019-09-01,03Q,NHS VALE OF YORK CCG,54.0
pre_pandemic,2019-09-01,03R,NHS WAKEFIELD CCG,54.0
pre_pandemic,2019-09-01,03T,NHS LINCOLNSHIRE EAST CCG,50.0
pre_pandemic,2019-09-01,03V,NHS CORBY CCG,52.0
pre_pandemic,2019-09-01,03W,NHS EAST LEICESTERSHIRE AND RUTLAND CCG,46.0
pre_pandemic,2019-09-01,03X,NHS EREWASH CCG,-0.0
pre_pandemic,2019-09-01,03Y,NHS HARDWICK CCG,-0.0
pre_pandemic,2019-09-01,04C,NHS LEICESTER CITY CCG,51.0
pre_pandemic,2019-09-01,04D,NHS LINCOLNSHIRE WEST CCG,55.0
pre_pandemic,2019-09-01,04E,NHS MANSFIELD AND ASHFIELD CCG,47.0
pre_pandemic,2019-09-01,04F,NHS MILTON KEYNES CCG,53.0
pre_pandemic,2019-09-01,04G,NHS NENE CCG,50.0
pre_pandemic,2019-09-01,04H,NHS NEWARK AND SHERWOOD CCG,55.0
pre_pandemic,2019-09-01,04J,NHS NORTH DERBYSHIRE CCG,-0.0
pre_pandemic,2019-09-01,04K,NHS NOTTINGHAM CITY CCG,51.0
pre_pandemic,2019-09-01,04L,NHS NOTTINGHAM NORTH AND EAST CCG,56.0
pre_pandemic,2019-09-01,04M,NHS NOTTINGHAM WEST CCG,55.0
pre_pandemic,2019-09-01,04N,NHS RUSHCLIFFE CCG,70.0
pre_pandemic,2019-09-01,04Q,NHS SOUTH WEST LINCOLNSHIRE CCG,50.0
pre_pandemic,2019-09-01,04R,NHS SOUTHERN DERBYSHIRE CCG,-0.0
pre_pandemic,2019-09-01,04V,NHS WEST LEICESTERSHIRE CCG,50.0
pre_pandemic,2019-09-01,04Y,NHS CANNOCK CHASE CCG,54.0
pre_pandemic,2019-09-01,05A,NHS COVENTRY AND RUGBY CCG,57.0
pre_pandemic,2019-09-01,05C,NHS DUDLEY CCG,55.0
pre_pandemic,2019-09-01,05D,NHS EAST STAFFORDSHIRE CCG,60.0
pre_pandemic,2019-09-01,05F,NHS HEREFORDSHIRE CCG,52.0
pre_pandemic,2019-09-01,05G,NHS NORTH STAFFORDSHIRE CCG,57.0
pre_pandemic,2019-09-01,05H,NHS WARWICKSHIRE NORTH CCG,62.0
pre_pandemic,2019-09-01,05J,NHS REDDITCH AND BROMSGROVE CCG,58.0
pre_pandemic,2019-09-01,05L,NHS SANDWELL AND WEST BIRMINGHAM CCG,50.0
pre_pandemic,2019-09-01,05N,NHS SHROPSHIRE CCG,51.0
pre_pandemic,2019-09-01,05Q,NHS SOUTH EAST STAFFORDSHIRE AND SEISDON PENINSULA CCG,54.0
pre_pandemic,2019-09-01,05R,NHS SOUTH WARWICKSHIRE CCG,54.0
pre_pandemic,2019-09-01,05T,NHS SOUTH WORCESTERSHIRE CCG,48.0
pre_pandemic,2019-09-01,05V,NHS STAFFORD AND SURROUNDS CCG,54.0
pre_pandemic,2019-09-01,05W,NHS STOKE ON TRENT CCG,55.0
pre_pandemic,2019-09-01,05X,NHS TELFORD AND WREKIN CCG,69.0
pre_pandemic,2019-09-01,05Y,NHS WALSALL CCG,52.0
pre_pandemic,2019-09-01,06A,NHS WOLVERHAMPTON CCG,50.0
pre_pandemic,2019-09-01,06D,NHS WYRE FOREST CCG,46.0
pre_pandemic,2019-09-01,06F,NHS BEDFORDSHIRE CCG,51.0
pre_pandemic,2019-09-01,06H,NHS CAMBRIDGESHIRE AND PETERBOROUGH CCG,51.0
pre_pandemic,2019-09-01,06K,NHS EAST AND NORTH HERTFORDSHIRE CCG,47.0
pre_pandemic,2019-09-01,06L,NHS IPSWICH AND EAST SUFFOLK CCG,50.0
pre_pandemic,2019-09-01,06M,NHS GREAT YARMOUTH AND WAVENEY CCG,57.0
pre_pandemic,2019-09-01,06N,NHS HERTS VALLEYS CCG,48.0
pre_pandemic,2019-09-01,06P,NHS LUTON CCG,50.0
pre_pandemic,2019-09-01,06Q,NHS MID ESSEX CCG,46.0
pre_pandemic,2019-09-01,06T,NHS NORTH EAST ESSEX CCG,43.0
pre_pandemic,2019-09-01,06V,NHS NORTH NORFOLK CCG,61.0
pre_pandemic,2019-09-01,06W,NHS NORWICH CCG,52.0
pre_pandemic,2019-09-01,06Y,NHS SOUTH NORFOLK CCG,60.0
pre_pandemic,2019-09-01,07G,NHS THURROCK CCG,49.0
pre_pandemic,2019-09-01,07H,NHS WEST ESSEX CCG,49.0
pre_pandemic,2019-09-01,07J,NHS WEST NORFOLK CCG,63.0
pre_pandemic,2019-09-01,07K,NHS WEST SUFFOLK CCG,54.0
pre_pandemic,2019-09-01,07L,NHS BARKING AND DAGENHAM CCG,52.0
pre_pandemic,2019-09-01,07M,NHS BARNET CCG,59.0
pre_pandemic,2019-09-01,07N,NHS BEXLEY CCG,51.0
pre_pandemic,2019-09-01,07P,NHS BRENT CCG,51.0
pre_pandemic,2019-09-01,07Q,NHS BROMLEY CCG,51.0
pre_pandemic,2019-09-01,07R,NHS CAMDEN CCG,50.0
pre_pandemic,2019-09-01,07T,NHS CITY AND HACKNEY CCG,55.0
pre_pandemic,2019-09-01,07V,NHS CROYDON CCG,57.0
pre_pandemic,2019-09-01,07W,NHS EALING CCG,52.0
pre_pandemic,2019-09-01,07X,NHS ENFIELD CCG,48.0
pre_pandemic,2019-09-01,07Y,NHS HOUNSLOW CCG,51.0
pre_pandemic,2019-09-01,08A,NHS GREENWICH CCG,55.0
pre_pandemic,2019-09-01,08C,NHS HAMMERSMITH AND FULHAM CCG,53.0
pre_pandemic,2019-09-01,08D,NHS HARINGEY CCG,56.0
pre_pandemic,2019-09-01,08E,NHS HARROW CCG,57.0
pre_pandemic,2019-09-01,08F,NHS HAVERING CCG,53.0
pre_pandemic,2019-09-01,08G,NHS HILLINGDON CCG,51.0
pre_pandemic,2019-09-01,08H,NHS ISLINGTON CCG,46.0
pre_pandemic,2019-09-01,08J,NHS KINGSTON CCG,57.0
pre_pandemic,2019-09-01,08K,NHS LAMBETH CCG,53.0
pre_pandemic,2019-09-01,08L,NHS LEWISHAM CCG,49.0
pre_pandemic,2019-09-01,08M,NHS NEWHAM CCG,49.0
pre_pandemic,2019-09-01,08N,NHS REDBRIDGE CCG,50.0
pre_pandemic,2019-09-01,08P,NHS RICHMOND CCG,50.0
pre_pandemic,2019-09-01,08Q,NHS SOUTHWARK CCG,50.0
pre_pandemic,2019-09-01,08R,NHS MERTON CCG,56.0
pre_pandemic,2019-09-01,08T,NHS SUTTON CCG,55.0
pre_pandemic,2019-09-01,08V,NHS TOWER HAMLETS CCG,54.0
pre_pandemic,2019-09-01,08W,NHS WALTHAM FOREST CCG,53.0
pre_pandemic,2019-09-01,08X,NHS WANDSWORTH CCG,49.0
pre_pandemic,2019-09-01,08Y,NHS WEST LONDON CCG,53.0
pre_pandemic,2019-09-01,09A,NHS CENTRAL LONDON (WESTMINSTER) CCG,51.0
pre_pandemic,2019-09-01,09C,NHS ASHFORD CCG,45.0
pre_pandemic,2019-09-01,09D,NHS BRIGHTON AND HOVE CCG,48.0
pre_pandemic,2019-09-01,09E,NHS CANTERBURY AND COASTAL CCG,55.0
pre_pandemic,2019-09-01,09F,"NHS EASTBOURNE, HAILSHAM AND SEAFORD CCG",48.0
pre_pandemic,2019-09-01,09G,NHS COASTAL WEST SUSSEX CCG,59.0
pre_pandemic,2019-09-01,09H,NHS CRAWLEY CCG,48.0
pre_pandemic,2019-09-01,09J,"NHS DARTFORD, GRAVESHAM AND SWANLEY CCG",49.0
pre_pandemic,2019-09-01,09L,NHS EAST SURREY CCG,48.0
pre_pandemic,2019-09-01,09N,NHS GUILDFORD AND WAVERLEY CCG,46.0
pre_pandemic,2019-09-01,09P,NHS HASTINGS AND ROTHER CCG,54.0
pre_pandemic,2019-09-01,09W,NHS MEDWAY CCG,51.0
pre_pandemic,2019-09-01,09X,NHS HORSHAM AND MID SUSSEX CCG,49.0
pre_pandemic,2019-09-01,09Y,NHS NORTH WEST SURREY CCG,55.0
pre_pandemic,2019-09-01,10A,NHS SOUTH KENT COAST CCG,65.0
pre_pandemic,2019-09-01,10C,NHS SURREY HEATH CCG,54.0
pre_pandemic,2019-09-01,10D,NHS SWALE CCG,54.0
pre_pandemic,2019-09-01,10E,NHS THANET CCG,57.0
pre_pandemic,2019-09-01,10J,NHS NORTH HAMPSHIRE CCG,43.0
pre_pandemic,2019-09-01,10K,NHS FAREHAM AND GOSPORT CCG,61.0
pre_pandemic,2019-09-01,10L,NHS ISLE OF WIGHT CCG,51.0
pre_pandemic,2019-09-01,10Q,NHS OXFORDSHIRE CCG,57.0
pre_pandemic,2019-09-01,10R,NHS PORTSMOUTH CCG,58.0
pre_pandemic,2019-09-01,10V,NHS SOUTH EASTERN HAMPSHIRE CCG,49.0
pre_pandemic,2019-09-01,10X,NHS SOUTHAMPTON CCG,50.0
pre_pandemic,2019-09-01,11A,NHS WEST HAMPSHIRE CCG,51.0
pre_pandemic,2019-09-01,11E,NHS BATH AND NORTH EAST SOMERSET CCG,55.0
pre_pandemic,2019-09-01,11J,NHS DORSET CCG,54.0
pre_pandemic,2019-09-01,11M,NHS GLOUCESTERSHIRE CCG,49.0
pre_pandemic,2019-09-01,11N,NHS KERNOW CCG,47.0
pre_pandemic,2019-09-01,11X,NHS SOMERSET CCG,59.0
pre_pandemic,2019-09-01,12D,NHS SWINDON CCG,53.0
pre_pandemic,2019-09-01,12F,NHS WIRRAL CCG,40.0
pre_pandemic,2019-09-01,13Q,NATIONAL COMMISSIONING HUB 1,63.0
pre_pandemic,2019-09-01,13T,NHS NEWCASTLE GATESHEAD CCG,46.0
pre_pandemic,2019-09-01,14A,NORTH MIDLANDS COMMISSIONING HUB,-0.0
pre_pandemic,2019-09-01,14E,EAST OF ENGLAND COMMISSIONING HUB,44.0
pre_pandemic,2019-09-01,14L,NHS MANCHESTER CCG,48.0
pre_pandemic,2019-09-01,14Y,NHS BUCKINGHAMSHIRE CCG,55.0
pre_pandemic,2019-09-01,15A,NHS BERKSHIRE WEST CCG,54.0
pre_pandemic,2019-09-01,15C,"NHS BRISTOL, NORTH SOMERSET AND SOUTH GLOUCESTERSHIRE CCG",39.0
pre_pandemic,2019-09-01,15D,NHS EAST BERKSHIRE CCG,54.0
pre_pandemic,2019-09-01,15E,NHS BIRMINGHAM AND SOLIHULL CCG,48.0
pre_pandemic,2019-09-01,15F,NHS LEEDS CCG,39.0
pre_pandemic,2019-09-01,15M,NHS DERBY AND DERBYSHIRE CCG,56.0
pre_pandemic,2019-09-01,15N,NHS DEVON CCG,51.0
pre_pandemic,2019-09-01,99A,NHS LIVERPOOL CCG,53.0
pre_pandemic,2019-09-01,99C,NHS NORTH TYNESIDE CCG,53.0
pre_pandemic,2019-09-01,99D,NHS SOUTH LINCOLNSHIRE CCG,56.0
pre_pandemic,2019-09-01,99E,NHS BASILDON AND BRENTWOOD CCG,61.0
pre_pandemic,2019-09-01,99F,NHS CASTLE POINT AND ROCHFORD CCG,56.0
pre_pandemic,2019-09-01,99G,NHS SOUTHEND CCG,52.0
pre_pandemic,2019-09-01,99H,NHS SURREY DOWNS CCG,53.0
pre_pandemic,2019-09-01,99J,NHS WEST KENT CCG,50.0
pre_pandemic,2019-09-01,99K,NHS HIGH WEALD LEWES HAVENS CCG,53.0
pre_pandemic,2019-09-01,99M,NHS NORTH EAST HAMPSHIRE AND FARNHAM CCG,56.0
pre_pandemic,2019-09-01,99N,NHS WILTSHIRE CCG,48.0
pre_pandemic,2019-09-01,99P,"NHS NORTHERN, EASTERN AND WESTERN DEVON CCG",-0.0
pre_pandemic,2019-09-01,99Q,NHS SOUTH DEVON AND TORBAY CCG,-0.0
pre_pandemic,2019-10-01,00C,NHS DARLINGTON CCG,41.0
pre_pandemic,2019-10-01,00D,"NHS DURHAM DALES, EASINGTON AND SEDGEFIELD CCG",41.0
pre_pandemic,2019-10-01,00J,NHS NORTH DURHAM CCG,38.0
pre_pandemic,2019-10-01,00K,NHS HARTLEPOOL AND STOCKTON-ON-TEES CCG,52.0
pre_pandemic,2019-10-01,00L,NHS NORTHUMBERLAND CCG,55.0
pre_pandemic,2019-10-01,00M,NHS SOUTH TEES CCG,53.0
pre_pandemic,2019-10-01,00N,NHS SOUTH TYNESIDE CCG,51.0
pre_pandemic,2019-10-01,00P,NHS SUNDERLAND CCG,52.0
pre_pandemic,2019-10-01,00Q,NHS BLACKBURN WITH DARWEN CCG,52.0
pre_pandemic,2019-10-01,00R,NHS BLACKPOOL CCG,45.0
pre_pandemic,2019-10-01,00T,NHS BOLTON CCG,52.0
pre_pandemic,2019-10-01,00V,NHS BURY CCG,55.0
pre_pandemic,2019-10-01,00X,NHS CHORLEY AND SOUTH RIBBLE CCG,51.0
pre_pandemic,2019-10-01,00Y,NHS OLDHAM CCG,56.0
pre_pandemic,2019-10-01,01A,NHS EAST LANCASHIRE CCG,51.0
pre_pandemic,2019-10-01,01C,NHS EASTERN CHESHIRE CCG,44.0
pre_pandemic,2019-10-01,01D,"NHS HEYWOOD, MIDDLETON AND ROCHDALE CCG",51.0
pre_pandemic,2019-10-01,01E,NHS GREATER PRESTON CCG,45.0
pre_pandemic,2019-10-01,01F,NHS HALTON CCG,52.0
pre_pandemic,2019-10-01,01G,NHS SALFORD CCG,43.0
pre_pandemic,2019-10-01,01H,NHS NORTH CUMBRIA CCG,47.0
pre_pandemic,2019-10-01,01J,NHS KNOWSLEY CCG,53.0
pre_pandemic,2019-10-01,01K,NHS MORECAMBE BAY CCG,54.0
pre_pandemic,2019-10-01,01W,NHS STOCKPORT CCG,56.0
pre_pandemic,2019-10-01,01X,NHS ST HELENS CCG,44.0
pre_pandemic,2019-10-01,01Y,NHS TAMESIDE AND GLOSSOP CCG,53.0
pre_pandemic,2019-10-01,02A,NHS TRAFFORD CCG,51.0
pre_pandemic,2019-10-01,02E,NHS WARRINGTON CCG,50.0
pre_pandemic,2019-10-01,02F,NHS WEST CHESHIRE CCG,55.0
pre_pandemic,2019-10-01,02G,NHS WEST LANCASHIRE CCG,56.0
pre_pandemic,2019-10-01,02H,NHS WIGAN BOROUGH CCG,51.0
pre_pandemic,2019-10-01,02M,NHS FYLDE AND WYRE CCG,41.0
pre_pandemic,2019-10-01,02N,"NHS AIREDALE, WHARFEDALE AND CRAVEN CCG",60.0
pre_pandemic,2019-10-01,02P,NHS BARNSLEY CCG,50.0
pre_pandemic,2019-10-01,02Q,NHS BASSETLAW CCG,48.0
pre_pandemic,2019-10-01,02R,NHS BRADFORD DISTRICTS CCG,54.0
pre_pandemic,2019-10-01,02T,NHS CALDERDALE CCG,56.0
pre_pandemic,2019-10-01,02W,NHS BRADFORD CITY CCG,52.0
pre_pandemic,2019-10-01,02X,NHS DONCASTER CCG,41.0
pre_pandemic,2019-10-01,02Y,NHS EAST RIDING OF YORKSHIRE CCG,51.0
pre_pandemic,2019-10-01,03A,NHS GREATER HUDDERSFIELD CCG,49.0
pre_pandemic,2019-10-01,03D,"NHS HAMBLETON, RICHMONDSHIRE AND WHITBY CCG",60.0
pre_pandemic,2019-10-01,03E,NHS HARROGATE AND RURAL DISTRICT CCG,63.0
pre_pandemic,2019-10-01,03F,NHS HULL CCG,57.0
pre_pandemic,2019-10-01,03H,NHS NORTH EAST LINCOLNSHIRE CCG,54.0
pre_pandemic,2019-10-01,03J,NHS NORTH KIRKLEES CCG,56.0
pre_pandemic,2019-10-01,03K,NHS NORTH LINCOLNSHIRE CCG,51.0
pre_pandemic,2019-10-01,03L,NHS ROTHERHAM CCG,58.0
pre_pandemic,2019-10-01,03M,NHS SCARBOROUGH AND RYEDALE CCG,51.0
pre_pandemic,2019-10-01,03N,NHS SHEFFIELD CCG,49.0
pre_pandemic,2019-10-01,03Q,NHS VALE OF YORK CCG,53.0
pre_pandemic,2019-10-01,03R,NHS WAKEFIELD CCG,58.0
pre_pandemic,2019-10-01,03T,NHS LINCOLNSHIRE EAST CCG,51.0
pre_pandemic,2019-10-01,03V,NHS CORBY CCG,53.0
pre_pandemic,2019-10-01,03W,NHS EAST LEICESTERSHIRE AND RUTLAND CCG,53.0
pre_pandemic,2019-10-01,03X,NHS EREWASH CCG,-0.0
pre_pandemic,2019-10-01,03Y,NHS HARDWICK CCG,-0.0
pre_pandemic,2019-10-01,04C,NHS LEICESTER CITY CCG,40.0
pre_pandemic,2019-10-01,04D,NHS LINCOLNSHIRE WEST CCG,52.0
pre_pandemic,2019-10-01,04E,NHS MANSFIELD AND ASHFIELD CCG,46.0
pre_pandemic,2019-10-01,04F,NHS MILTON KEYNES CCG,45.0
pre_pandemic,2019-10-01,04G,NHS NENE CCG,51.0
pre_pandemic,2019-10-01,04H,NHS NEWARK AND SHERWOOD CCG,58.0
pre_pandemic,2019-10-01,04J,NHS NORTH DERBYSHIRE CCG,-0.0
pre_pandemic,2019-10-01,04K,NHS NOTTINGHAM CITY CCG,51.0
pre_pandemic,2019-10-01,04L,NHS NOTTINGHAM NORTH AND EAST CCG,48.0
pre_pandemic,2019-10-01,04M,NHS NOTTINGHAM WEST CCG,57.0
pre_pandemic,2019-10-01,04N,NHS RUSHCLIFFE CCG,62.0
pre_pandemic,2019-10-01,04Q,NHS SOUTH WEST LINCOLNSHIRE CCG,51.0
pre_pandemic,2019-10-01,04R,NHS SOUTHERN DERBYSHIRE CCG,-0.0
pre_pandemic,2019-10-01,04V,NHS WEST LEICESTERSHIRE CCG,43.0
pre_pandemic,2019-10-01,04Y,NHS CANNOCK CHASE CCG,54.0
pre_pandemic,2019-10-01,05A,NHS COVENTRY AND RUGBY CCG,51.0
pre_pandemic,2019-10-01,05C,NHS DUDLEY CCG,43.0
pre_pandemic,2019-10-01,05D,NHS EAST STAFFORDSHIRE CCG,59.0
pre_pandemic,2019-10-01,05F,NHS HEREFORDSHIRE CCG,49.0
pre_pandemic,2019-10-01,05G,NHS NORTH STAFFORDSHIRE CCG,55.0
pre_pandemic,2019-10-01,05H,NHS WARWICKSHIRE NORTH CCG,54.0
pre_pandemic,2019-10-01,05J,NHS REDDITCH AND BROMSGROVE CCG,55.0
pre_pandemic,2019-10-01,05L,NHS SANDWELL AND WEST BIRMINGHAM CCG,50.0
pre_pandemic,2019-10-01,05N,NHS SHROPSHIRE CCG,50.0
pre_pandemic,2019-10-01,05Q,NHS SOUTH EAST STAFFORDSHIRE AND SEISDON PENINSULA CCG,55.0
pre_pandemic,2019-10-01,05R,NHS SOUTH WARWICKSHIRE CCG,55.0
pre_pandemic,2019-10-01,05T,NHS SOUTH WORCESTERSHIRE CCG,52.0
pre_pandemic,2019-10-01,05V,NHS STAFFORD AND SURROUNDS CCG,50.0
pre_pandemic,2019-10-01,05W,NHS STOKE ON TRENT CCG,66.0
pre_pandemic,2019-10-01,05X,NHS TELFORD AND WREKIN CCG,62.0
pre_pandemic,2019-10-01,05Y,NHS WALSALL CCG,45.0
pre_pandemic,2019-10-01,06A,NHS WOLVERHAMPTON CCG,41.0
pre_pandemic,2019-10-01,06D,NHS WYRE FOREST CCG,61.0
pre_pandemic,2019-10-01,06F,NHS BEDFORDSHIRE CCG,51.0
pre_pandemic,2019-10-01,06H,NHS CAMBRIDGESHIRE AND PETERBOROUGH CCG,48.0
pre_pandemic,2019-10-01,06K,NHS EAST AND NORTH HERTFORDSHIRE CCG,41.0
pre_pandemic,2019-10-01,06L,NHS IPSWICH AND EAST SUFFOLK CCG,50.0
pre_pandemic,2019-10-01,06M,NHS GREAT YARMOUTH AND WAVENEY CCG,58.0
pre_pandemic,2019-10-01,06N,NHS HERTS VALLEYS CCG,45.0
pre_pandemic,2019-10-01,06P,NHS LUTON CCG,50.0
pre_pandemic,2019-10-01,06Q,NHS MID ESSEX CCG,49.0
pre_pandemic,2019-10-01,06T,NHS NORTH EAST ESSEX CCG,44.0
pre_pandemic,2019-10-01,06V,NHS NORTH NORFOLK CCG,63.0
pre_pandemic,2019-10-01,06W,NHS NORWICH CCG,56.0
pre_pandemic,2019-10-01,06Y,NHS SOUTH NORFOLK CCG,57.0
pre_pandemic,2019-10-01,07G,NHS THURROCK CCG,51.0
pre_pandemic,2019-10-01,07H,NHS WEST ESSEX CCG,49.0
pre_pandemic,2019-10-01,07J,NHS WEST NORFOLK CCG,55.0
pre_pandemic,2019-10-01,07K,NHS WEST SUFFOLK CCG,56.0
pre_pandemic,2019-10-01,07L,NHS BARKING AND DAGENHAM CCG,54.0
pre_pandemic,2019-10-01,07M,NHS BARNET CCG,57.0
pre_pandemic,2019-10-01,07N,NHS BEXLEY CCG,50.0
pre_pandemic,2019-10-01,07P,NHS BRENT CCG,50.0
pre_pandemic,2019-10-01,07Q,NHS BROMLEY CCG,49.0
pre_pandemic,2019-10-01,07R,NHS CAMDEN CCG,51.0
pre_pandemic,2019-10-01,07T,NHS CITY AND HACKNEY CCG,62.0
pre_pandemic,2019-10-01,07V,NHS CROYDON CCG,54.0
pre_pandemic,2019-10-01,07W,NHS EALING CCG,50.0
pre_pandemic,2019-10-01,07X,NHS ENFIELD CCG,49.0
pre_pandemic,2019-10-01,07Y,NHS HOUNSLOW CCG,52.0
pre_pandemic,2019-10-01,08A,NHS GREENWICH CCG,53.0
pre_pandemic,2019-10-01,08C,NHS HAMMERSMITH AND FULHAM CCG,58.0
pre_pandemic,2019-10-01,08D,NHS HARINGEY CCG,55.0
pre_pandemic,2019-10-01,08E,NHS HARROW CCG,54.0
pre_pandemic,2019-10-01,08F,NHS HAVERING CCG,50.0
pre_pandemic,2019-10-01,08G,NHS HILLINGDON CCG,50.0
pre_pandemic,2019-10-01,08H,NHS ISLINGTON CCG,50.0
pre_pandemic,2019-10-01,08J,NHS KINGSTON CCG,58.0
pre_pandemic,2019-10-01,08K,NHS LAMBETH CCG,50.0
pre_pandemic,2019-10-01,08L,NHS LEWISHAM CCG,51.0
pre_pandemic,2019-10-01,08M,NHS NEWHAM CCG,51.0
pre_pandemic,2019-10-01,08N,NHS REDBRIDGE CCG,53.0
pre_pandemic,2019-10-01,08P,NHS RICHMOND CCG,55.0
pre_pandemic,2019-10-01,08Q,NHS SOUTHWARK CCG,50.0
pre_pandemic,2019-10-01,08R,NHS MERTON CCG,59.0
pre_pandemic,2019-10-01,08T,NHS SUTTON CCG,41.0
pre_pandemic,2019-10-01,08V,NHS TOWER HAMLETS CCG,52.0
pre_pandemic,2019-10-01,08W,NHS WALTHAM FOREST CCG,51.0
pre_pandemic,2019-10-01,08X,NHS WANDSWORTH CCG,51.0
pre_pandemic,2019-10-01,08Y,NHS WEST LONDON CCG,53.0
pre_pandemic,2019-10-01,09A,NHS CENTRAL LONDON (WESTMINSTER) CCG,53.0
pre_pandemic,2019-10-01,09C,NHS ASHFORD CCG,55.0
pre_pandemic,2019-10-01,09D,NHS BRIGHTON AND HOVE CCG,48.0
pre_pandemic,2019-10-01,09E,NHS CANTERBURY AND COASTAL CCG,52.0
pre_pandemic,2019-10-01,09F,"NHS EASTBOURNE, HAILSHAM AND SEAFORD CCG",55.0
pre_pandemic,2019-10-01,09G,NHS COASTAL WEST SUSSEX CCG,56.0
pre_pandemic,2019-10-01,09H,NHS CRAWLEY CCG,50.0
pre_pandemic,2019-10-01,09J,"NHS DARTFORD, GRAVESHAM AND SWANLEY CCG",49.0
pre_pandemic,2019-10-01,09L,NHS EAST SURREY CCG,50.0
pre_pandemic,2019-10-01,09N,NHS GUILDFORD AND WAVERLEY CCG,54.0
pre_pandemic,2019-10-01,09P,NHS HASTINGS AND ROTHER CCG,46.0
pre_pandemic,2019-10-01,09W,NHS MEDWAY CCG,58.0
pre_pandemic,2019-10-01,09X,NHS HORSHAM AND MID SUSSEX CCG,47.0
pre_pandemic,2019-10-01,09Y,NHS NORTH WEST SURREY CCG,51.0
pre_pandemic,2019-10-01,10A,NHS SOUTH KENT COAST CCG,58.0
pre_pandemic,2019-10-01,10C,NHS SURREY HEATH CCG,42.0
pre_pandemic,2019-10-01,10D,NHS SWALE CCG,55.0
pre_pandemic,2019-10-01,10E,NHS THANET CCG,50.0
pre_pandemic,2019-10-01,10J,NHS NORTH HAMPSHIRE CCG,67.0
pre_pandemic,2019-10-01,10K,NHS FAREHAM AND GOSPORT CCG,50.0
pre_pandemic,2019-10-01,10L,NHS ISLE OF WIGHT CCG,42.0
pre_pandemic,2019-10-01,10Q,NHS OXFORDSHIRE CCG,49.0
pre_pandemic,2019-10-01,10R,NHS PORTSMOUTH CCG,55.0
pre_pandemic,2019-10-01,10V,NHS SOUTH EASTERN HAMPSHIRE CCG,63.0
pre_pandemic,2019-10-01,10X,NHS SOUTHAMPTON CCG,52.0
pre_pandemic,2019-10-01,11A,NHS WEST HAMPSHIRE CCG,53.0
pre_pandemic,2019-10-01,11E,NHS BATH AND NORTH EAST SOMERSET CCG,52.0
pre_pandemic,2019-10-01,11J,NHS DORSET CCG,50.0
pre_pandemic,2019-10-01,11M,NHS GLOUCESTERSHIRE CCG,48.0
pre_pandemic,2019-10-01,11N,NHS KERNOW CCG,47.0
pre_pandemic,2019-10-01,11X,NHS SOMERSET CCG,55.0
pre_pandemic,2019-10-01,12D,NHS SWINDON CCG,52.0
pre_pandemic,2019-10-01,12F,NHS WIRRAL CCG,42.0
pre_pandemic,2019-10-01,13Q,NATIONAL COMMISSIONING HUB 1,100.0
pre_pandemic,2019-10-01,13T,NHS NEWCASTLE GATESHEAD CCG,48.0
pre_pandemic,2019-10-01,14A,NORTH MIDLANDS COMMISSIONING HUB,-0.0
pre_pandemic,2019-10-01,14E,EAST OF ENGLAND COMMISSIONING HUB,52.0
pre_pandemic,2019-10-01,14L,NHS MANCHESTER CCG,47.0
pre_pandemic,2019-10-01,14Y,NHS BUCKINGHAMSHIRE CCG,54.0
pre_pandemic,2019-10-01,15A,NHS BERKSHIRE WEST CCG,54.0
pre_pandemic,2019-10-01,15C,"NHS BRISTOL, NORTH SOMERSET AND SOUTH GLOUCESTERSHIRE CCG",33.0
pre_pandemic,2019-10-01,15D,NHS EAST BERKSHIRE CCG,59.0
pre_pandemic,2019-10-01,15E,NHS BIRMINGHAM AND SOLIHULL CCG,51.0
pre_pandemic,2019-10-01,15F,NHS LEEDS CCG,44.0
pre_pandemic,2019-10-01,15M,NHS DERBY AND DERBYSHIRE CCG,55.0
pre_pandemic,2019-10-01,15N,NHS DEVON CCG,48.0
pre_pandemic,2019-10-01,99A,NHS LIVERPOOL CCG,53.0
pre_pandemic,2019-10-01,99C,NHS NORTH TYNESIDE CCG,53.0
pre_pandemic,2019-10-01,99D,NHS SOUTH LINCOLNSHIRE CCG,62.0
pre_pandemic,2019-10-01,99E,NHS BASILDON AND BRENTWOOD CCG,55.0
pre_pandemic,2019-10-01,99F,NHS CASTLE POINT AND ROCHFORD CCG,58.0
pre_pandemic,2019-10-01,99G,NHS SOUTHEND CCG,54.0
pre_pandemic,2019-10-01,99H,NHS SURREY DOWNS CCG,57.0
pre_pandemic,2019-10-01,99J,NHS WEST KENT CCG,52.0
pre_pandemic,2019-10-01,99K,NHS HIGH WEALD LEWES HAVENS CCG,47.0
pre_pandemic,2019-10-01,99M,NHS NORTH EAST HAMPSHIRE AND FARNHAM CCG,54.0
pre_pandemic,2019-10-01,99N,NHS WILTSHIRE CCG,51.0
pre_pandemic,2019-10-01,99P,"NHS NORTHERN, EASTERN AND WESTERN DEVON CCG",-0.0
pre_pandemic,2019-10-01,99Q,NHS SOUTH DEVON AND TORBAY CCG,-0.0
pre_pandemic,2019-11-01,00C,NHS DARLINGTON CCG,49.0
pre_pandemic,2019-11-01,00D,"NHS DURHAM DALES, EASINGTON AND SEDGEFIELD CCG",37.0
pre_pandemic,2019-11-01,00J,NHS NORTH DURHAM CCG,46.0
pre_pandemic,2019-11-01,00K,NHS HARTLEPOOL AND STOCKTON-ON-TEES CCG,48.0
pre_pandemic,2019-11-01,00L,NHS NORTHUMBERLAND CCG,59.0
pre_pandemic,2019-11-01,00M,NHS SOUTH TEES CCG,53.0
pre_pandemic,2019-11-01,00N,NHS SOUTH TYNESIDE CCG,51.0
pre_pandemic,2019-11-01,00P,NHS SUNDERLAND CCG,54.0
pre_pandemic,2019-11-01,00Q,NHS BLACKBURN WITH DARWEN CCG,33.0
pre_pandemic,2019-11-01,00R,NHS BLACKPOOL CCG,44.0
pre_pandemic,2019-11-01,00T,NHS BOLTON CCG,54.0
pre_pandemic,2019-11-01,00V,NHS BURY CCG,56.0
pre_pandemic,2019-11-01,00X,NHS CHORLEY AND SOUTH RIBBLE CCG,43.0
pre_pandemic,2019-11-01,00Y,NHS OLDHAM CCG,52.0
pre_pandemic,2019-11-01,01A,NHS EAST LANCASHIRE CCG,53.0
pre_pandemic,2019-11-01,01C,NHS EASTERN CHESHIRE CCG,47.0
pre_pandemic,2019-11-01,01D,"NHS HEYWOOD, MIDDLETON AND ROCHDALE CCG",49.0
pre_pandemic,2019-11-01,01E,NHS GREATER PRESTON CCG,45.0
pre_pandemic,2019-11-01,01F,NHS HALTON CCG,50.0
pre_pandemic,2019-11-01,01G,NHS SALFORD CCG,40.0
pre_pandemic,2019-11-01,01H,NHS NORTH CUMBRIA CCG,46.0
pre_pandemic,2019-11-01,01J,NHS KNOWSLEY CCG,50.0
pre_pandemic,2019-11-01,01K,NHS MORECAMBE BAY CCG,48.0
pre_pandemic,2019-11-01,01R,NHS SOUTH CHESHIRE CCG,48.0
pre_pandemic,2019-11-01,01T,NHS SOUTH SEFTON CCG,48.0
pre_pandemic,2019-11-01,01V,NHS SOUTHPORT AND FORMBY CCG,41.0
pre_pandemic,2019-11-01,01W,NHS STOCKPORT CCG,52.0
pre_pandemic,2019-11-01,01X,NHS ST HELENS CCG,47.0
pre_pandemic,2019-11-01,01Y,NHS TAMESIDE AND GLOSSOP CCG,52.0
pre_pandemic,2019-11-01,02A,NHS TRAFFORD CCG,64.0
pre_pandemic,2019-11-01,02D,NHS VALE ROYAL CCG,46.0
pre_pandemic,2019-11-01,02E,NHS WARRINGTON CCG,51.0
pre_pandemic,2019-11-01,02F,NHS WEST CHESHIRE CCG,42.0
pre_pandemic,2019-11-01,02G,NHS WEST LANCASHIRE CCG,43.0
pre_pandemic,2019-11-01,02H,NHS WIGAN BOROUGH CCG,53.0
pre_pandemic,2019-11-01,02M,NHS FYLDE AND WYRE CCG,41.0
pre_pandemic,2019-11-01,02N,"NHS AIREDALE, WHARFEDALE AND CRAVEN CCG",51.0
pre_pandemic,2019-11-01,02P,NHS BARNSLEY CCG,55.0
pre_pandemic,2019-11-01,02Q,NHS BASSETLAW CCG,51.0
pre_pandemic,2019-11-01,02R,NHS BRADFORD DISTRICTS CCG,54.0
pre_pandemic,2019-11-01,02T,NHS CALDERDALE CCG,52.0
pre_pandemic,2019-11-01,02W,NHS BRADFORD CITY CCG,47.0
pre_pandemic,2019-11-01,02X,NHS DONCASTER CCG,44.0
pre_pandemic,2019-11-01,02Y,NHS EAST RIDING OF YORKSHIRE CCG,56.0
pre_pandemic,2019-11-01,03A,NHS GREATER HUDDERSFIELD CCG,49.0
pre_pandemic,2019-11-01,03D,"NHS HAMBLETON, RICHMONDSHIRE AND WHITBY CCG",53.0
pre_pandemic,2019-11-01,03E,NHS HARROGATE AND RURAL DISTRICT CCG,57.0
pre_pandemic,2019-11-01,03F,NHS HULL CCG,58.0
pre_pandemic,2019-11-01,03H,NHS NORTH EAST LINCOLNSHIRE CCG,45.0
pre_pandemic,2019-11-01,03J,NHS NORTH KIRKLEES CCG,52.0
pre_pandemic,2019-11-01,03K,NHS NORTH LINCOLNSHIRE CCG,41.0
pre_pandemic,2019-11-01,03L,NHS ROTHERHAM CCG,59.0
pre_pandemic,2019-11-01,03M,NHS SCARBOROUGH AND RYEDALE CCG,36.0
pre_pandemic,2019-11-01,03N,NHS SHEFFIELD CCG,49.0
pre_pandemic,2019-11-01,03Q,NHS VALE OF YORK CCG,55.0
pre_pandemic,2019-11-01,03R,NHS WAKEFIELD CCG,51.0
pre_pandemic,2019-11-01,03T,NHS LINCOLNSHIRE EAST CCG,43.0
pre_pandemic,2019-11-01,03V,NHS CORBY CCG,52.0
pre_pandemic,2019-11-01,03W,NHS EAST LEICESTERSHIRE AND RUTLAND CCG,55.0
pre_pandemic,2019-11-01,03X,NHS EREWASH CCG,-0.0
pre_pandemic,2019-11-01,03Y,NHS HARDWICK CCG,-0.0
pre_pandemic,2019-11-01,04C,NHS LEICESTER CITY CCG,51.0
pre_pandemic,2019-11-01,04D,NHS LINCOLNSHIRE WEST CCG,49.0
pre_pandemic,2019-11-01,04E,NHS MANSFIELD AND ASHFIELD CCG,45.0
pre_pandemic,2019-11-01,04F,NHS MILTON KEYNES CCG,48.0
pre_pandemic,2019-11-01,04G,NHS NENE CCG,50.0
pre_pandemic,2019-11-01,04H,NHS NEWARK AND SHERWOOD CCG,45.0
pre_pandemic,2019-11-01,04J,NHS NORTH DERBYSHIRE CCG,-0.0
pre_pandemic,2019-11-01,04K,NHS NOTTINGHAM CITY CCG,48.0
pre_pandemic,2019-11-01,04L,NHS NOTTINGHAM NORTH AND EAST CCG,49.0
pre_pandemic,2019-11-01,04M,NHS NOTTINGHAM WEST CCG,49.0
pre_pandemic,2019-11-01,04N,NHS RUSHCLIFFE CCG,66.0
pre_pandemic,2019-11-01,04Q,NHS SOUTH WEST LINCOLNSHIRE CCG,57.0
pre_pandemic,2019-11-01,04R,NHS SOUTHERN DERBYSHIRE CCG,-0.0
pre_pandemic,2019-11-01,04V,NHS WEST LEICESTERSHIRE CCG,48.0
pre_pandemic,2019-11-01,04Y,NHS CANNOCK CHASE CCG,53.0
pre_pandemic,2019-11-01,05A,NHS COVENTRY AND RUGBY CCG,52.0
pre_pandemic,2019-11-01,05C,NHS DUDLEY CCG,36.0
pre_pandemic,2019-11-01,05D,NHS EAST STAFFORDSHIRE CCG,61.0
pre_pandemic,2019-11-01,05F,NHS HEREFORDSHIRE CCG,50.0
pre_pandemic,2019-11-01,05G,NHS NORTH STAFFORDSHIRE CCG,56.0
pre_pandemic,2019-11-01,05H,NHS WARWICKSHIRE NORTH CCG,52.0
pre_pandemic,2019-11-01,05J,NHS REDDITCH AND BROMSGROVE CCG,50.0
pre_pandemic,2019-11-01,05L,NHS SANDWELL AND WEST BIRMINGHAM CCG,55.0
pre_pandemic,2019-11-01,05N,NHS SHROPSHIRE CCG,55.0
pre_pandemic,2019-11-01,05Q,NHS SOUTH EAST STAFFORDSHIRE AND SEISDON PENINSULA CCG,60.0
pre_pandemic,2019-11-01,05R,NHS SOUTH WARWICKSHIRE CCG,60.0
pre_pandemic,2019-11-01,05T,NHS SOUTH WORCESTERSHIRE CCG,50.0
pre_pandemic,2019-11-01,05V,NHS STAFFORD AND SURROUNDS CCG,53.0
pre_pandemic,2019-11-01,05W,NHS STOKE ON TRENT CCG,62.0
pre_pandemic,2019-11-01,05X,NHS TELFORD AND WREKIN CCG,63.0
pre_pandemic,2019-11-01,05Y,NHS WALSALL CCG,51.0
pre_pandemic,2019-11-01,06A,NHS WOLVERHAMPTON CCG,47.0
pre_pandemic,2019-11-01,06D,NHS WYRE FOREST CCG,49.0
pre_pandemic,2019-11-01,06F,NHS BEDFORDSHIRE CCG,51.0
pre_pandemic,2019-11-01,06H,NHS CAMBRIDGESHIRE AND PETERBOROUGH CCG,50.0
pre_pandemic,2019-11-01,06K,NHS EAST AND NORTH HERTFORDSHIRE CCG,43.0
pre_pandemic,2019-11-01,06L,NHS IPSWICH AND EAST SUFFOLK CCG,50.0
pre_pandemic,2019-11-01,06M,NHS GREAT YARMOUTH AND WAVENEY CCG,57.0
pre_pandemic,2019-11-01,06N,NHS HERTS VALLEYS CCG,46.0
pre_pandemic,2019-11-01,06P,NHS LUTON CCG,48.0
pre_pandemic,2019-11-01,06Q,NHS MID ESSEX CCG,51.0
pre_pandemic,2019-11-01,06T,NHS NORTH EAST ESSEX CCG,45.0
pre_pandemic,2019-11-01,06V,NHS NORTH NORFOLK CCG,63.0
pre_pandemic,2019-11-01,06W,NHS NORWICH CCG,51.0
pre_pandemic,2019-11-01,06Y,NHS SOUTH NORFOLK CCG,56.0
pre_pandemic,2019-11-01,07G,NHS THURROCK CCG,51.0
pre_pandemic,2019-11-01,07H,NHS WEST ESSEX CCG,48.0
pre_pandemic,2019-11-01,07J,NHS WEST NORFOLK CCG,53.0
pre_pandemic,2019-11-01,07K,NHS WEST SUFFOLK CCG,55.0
pre_pandemic,2019-11-01,07L,NHS BARKING AND DAGENHAM CCG,51.0
pre_pandemic,2019-11-01,07M,NHS BARNET CCG,58.0
pre_pandemic,2019-11-01,07N,NHS BEXLEY CCG,49.0
pre_pandemic,2019-11-01,07P,NHS BRENT CCG,51.0
pre_pandemic,2019-11-01,07Q,NHS BROMLEY CCG,46.0
pre_pandemic,2019-11-01,07R,NHS CAMDEN CCG,50.0
pre_pandemic,2019-11-01,07T,NHS CITY AND HACKNEY CCG,59.0
pre_pandemic,2019-11-01,07V,NHS CROYDON CCG,53.0
pre_pandemic,2019-11-01,07W,NHS EALING CCG,45.0
pre_pandemic,2019-11-01,07X,NHS ENFIELD CCG,43.0
pre_pandemic,2019-11-01,07Y,NHS HOUNSLOW CCG,49.0
pre_pandemic,2019-11-01,08A,NHS GREENWICH CCG,56.0
pre_pandemic,2019-11-01,08C,NHS HAMMERSMITH AND FULHAM CCG,51.0
pre_pandemic,2019-11-01,08D,NHS HARINGEY CCG,54.0
pre_pandemic,2019-11-01,08E,NHS HARROW CCG,53.0
pre_pandemic,2019-11-01,08F,NHS HAVERING CCG,49.0
pre_pandemic,2019-11-01,08G,NHS HILLINGDON CCG,49.0
pre_pandemic,2019-11-01,08H,NHS ISLINGTON CCG,52.0
pre_pandemic,2019-11-01,08J,NHS KINGSTON CCG,54.0
pre_pandemic,2019-11-01,08K,NHS LAMBETH CCG,45.0
pre_pandemic,2019-11-01,08L,NHS LEWISHAM CCG,52.0
pre_pandemic,2019-11-01,08M,NHS NEWHAM CCG,50.0
pre_pandemic,2019-11-01,08N,NHS REDBRIDGE CCG,47.0
pre_pandemic,2019-11-01,08P,NHS RICHMOND CCG,51.0
pre_pandemic,2019-11-01,08Q,NHS SOUTHWARK CCG,50.0
pre_pandemic,2019-11-01,08R,NHS MERTON CCG,59.0
pre_pandemic,2019-11-01,08T,NHS SUTTON CCG,21.0
pre_pandemic,2019-11-01,08V,NHS TOWER HAMLETS CCG,55.0
pre_pandemic,2019-11-01,08W,NHS WALTHAM FOREST CCG,52.0
pre_pandemic,2019-11-01,08X,NHS WANDSWORTH CCG,50.0
pre_pandemic,2019-11-01,08Y,NHS WEST LONDON CCG,53.0
pre_pandemic,2019-11-01,09A,NHS CENTRAL LONDON (WESTMINSTER) CCG,54.0
pre_pandemic,2019-11-01,09C,NHS ASHFORD CCG,55.0
pre_pandemic,2019-11-01,09D,NHS BRIGHTON AND HOVE CCG,41.0
pre_pandemic,2019-11-01,09E,NHS CANTERBURY AND COASTAL CCG,49.0
pre_pandemic,2019-11-01,09F,"NHS EASTBOURNE, HAILSHAM AND SEAFORD CCG",55.0
pre_pandemic,2019-11-01,09G,NHS COASTAL WEST SUSSEX CCG,59.0
pre_pandemic,2019-11-01,09H,NHS CRAWLEY CCG,49.0
pre_pandemic,2019-11-01,09J,"NHS DARTFORD, GRAVESHAM AND SWANLEY CCG",54.0
pre_pandemic,2019-11-01,09L,NHS EAST SURREY CCG,53.0
pre_pandemic,2019-11-01,09N,NHS GUILDFORD AND WAVERLEY CCG,57.0
pre_pandemic,2019-11-01,09P,NHS HASTINGS AND ROTHER CCG,49.0
pre_pandemic,2019-11-01,09W,NHS MEDWAY CCG,60.0
pre_pandemic,2019-11-01,09X,NHS HORSHAM AND MID SUSSEX CCG,50.0
pre_pandemic,2019-11-01,09Y,NHS NORTH WEST SURREY CCG,50.0
pre_pandemic,2019-11-01,10A,NHS SOUTH KENT COAST CCG,57.0
pre_pandemic,2019-11-01,10C,NHS SURREY HEATH CCG,48.0
pre_pandemic,2019-11-01,10D,NHS SWALE CCG,59.0
pre_pandemic,2019-11-01,10E,NHS THANET CCG,51.0
pre_pandemic,2019-11-01,10J,NHS NORTH HAMPSHIRE CCG,46.0
pre_pandemic,2019-11-01,10K,NHS FAREHAM AND GOSPORT CCG,47.0
pre_pandemic,2019-11-01,10L,NHS ISLE OF WIGHT CCG,41.0
pre_pandemic,2019-11-01,10Q,NHS OXFORDSHIRE CCG,54.0
pre_pandemic,2019-11-01,10R,NHS PORTSMOUTH CCG,55.0
pre_pandemic,2019-11-01,10V,NHS SOUTH EASTERN HAMPSHIRE CCG,53.0
pre_pandemic,2019-11-01,10X,NHS SOUTHAMPTON CCG,49.0
pre_pandemic,2019-11-01,11A,NHS WEST HAMPSHIRE CCG,56.0
pre_pandemic,2019-11-01,11E,NHS BATH AND NORTH EAST SOMERSET CCG,55.0
pre_pandemic,2019-11-01,11J,NHS DORSET CCG,50.0
pre_pandemic,2019-11-01,11M,NHS GLOUCESTERSHIRE CCG,49.0
pre_pandemic,2019-11-01,11N,NHS KERNOW CCG,42.0
pre_pandemic,2019-11-01,11X,NHS SOMERSET CCG,52.0
pre_pandemic,2019-11-01,12D,NHS SWINDON CCG,51.0
pre_pandemic,2019-11-01,12F,NHS WIRRAL CCG,34.0
pre_pandemic,2019-11-01,13Q,NATIONAL COMMISSIONING HUB 1,43.0
pre_pandemic,2019-11-01,13T,NHS NEWCASTLE GATESHEAD CCG,48.0
pre_pandemic,2019-11-01,14A,NORTH MIDLANDS COMMISSIONING HUB,-0.0
pre_pandemic,2019-11-01,14E,EAST OF ENGLAND COMMISSIONING HUB,46.0
pre_pandemic,2019-11-01,14L,NHS MANCHESTER CCG,49.0
pre_pandemic,2019-11-01,14Y,NHS BUCKINGHAMSHIRE CCG,51.0
pre_pandemic,2019-11-01,15A,NHS BERKSHIRE WEST CCG,53.0
pre_pandemic,2019-11-01,15C,"NHS BRISTOL, NORTH SOMERSET AND SOUTH GLOUCESTERSHIRE CCG",37.0
pre_pandemic,2019-11-01,15D,NHS EAST BERKSHIRE CCG,58.0
pre_pandemic,2019-11-01,15E,NHS BIRMINGHAM AND SOLIHULL CCG,49.0
pre_pandemic,2019-11-01,15F,NHS LEEDS CCG,45.0
pre_pandemic,2019-11-01,15M,NHS DERBY AND DERBYSHIRE CCG,55.0
pre_pandemic,2019-11-01,15N,NHS DEVON CCG,53.0
pre_pandemic,2019-11-01,99A,NHS LIVERPOOL CCG,46.0
pre_pandemic,2019-11-01,99C,NHS NORTH TYNESIDE CCG,55.0
pre_pandemic,2019-11-01,99D,NHS SOUTH LINCOLNSHIRE CCG,61.0
pre_pandemic,2019-11-01,99E,NHS BASILDON AND BRENTWOOD CCG,49.0
pre_pandemic,2019-11-01,99F,NHS CASTLE POINT AND ROCHFORD CCG,53.0
pre_pandemic,2019-11-01,99G,NHS SOUTHEND CCG,54.0
pre_pandemic,2019-11-01,99H,NHS SURREY DOWNS CCG,51.0
pre_pandemic,2019-11-01,99J,NHS WEST KENT CCG,48.0
pre_pandemic,2019-11-01,99K,NHS HIGH WEALD LEWES HAVENS CCG,50.0
pre_pandemic,2019-11-01,99M,NHS NORTH EAST HAMPSHIRE AND FARNHAM CCG,53.0
pre_pandemic,2019-11-01,99N,NHS WILTSHIRE CCG,49.0
pre_pandemic,2019-11-01,99P,"NHS NORTHERN, EASTERN AND WESTERN DEVON CCG",-0.0
pre_pandemic,2019-11-01,99Q,NHS SOUTH DEVON AND TORBAY CCG,-0.0
pre_pandemic,2019-12-01,00C,NHS DARLINGTON CCG,36.0
pre_pandemic,2019-12-01,00D,"NHS DURHAM DALES, EASINGTON AND SEDGEFIELD CCG",35.0
pre_pandemic,2019-12-01,00J,NHS NORTH DURHAM CCG,39.0
pre_pandemic,2019-12-01,00K,NHS HARTLEPOOL AND STOCKTON-ON-TEES CCG,49.0
pre_pandemic,2019-12-01,00L,NHS NORTHUMBERLAND CCG,52.0
pre_pandemic,2019-12-01,00M,NHS SOUTH TEES CCG,51.0
pre_pandemic,2019-12-01,00N,NHS SOUTH TYNESIDE CCG,50.0
pre_pandemic,2019-12-01,00P,NHS SUNDERLAND CCG,51.0
pre_pandemic,2019-12-01,00Q,NHS BLACKBURN WITH DARWEN CCG,40.0
pre_pandemic,2019-12-01,00R,NHS BLACKPOOL CCG,45.0
pre_pandemic,2019-12-01,00T,NHS BOLTON CCG,50.0
pre_pandemic,2019-12-01,00V,NHS BURY CCG,55.0
pre_pandemic,2019-12-01,00X,NHS CHORLEY AND SOUTH RIBBLE CCG,46.0
pre_pandemic,2019-12-01,00Y,NHS OLDHAM CCG,49.0
pre_pandemic,2019-12-01,01A,NHS EAST LANCASHIRE CCG,54.0
pre_pandemic,2019-12-01,01C,NHS EASTERN CHESHIRE CCG,51.0
pre_pandemic,2019-12-01,01D,"NHS HEYWOOD, MIDDLETON AND ROCHDALE CCG",52.0
pre_pandemic,2019-12-01,01E,NHS GREATER PRESTON CCG,50.0
pre_pandemic,2019-12-01,01F,NHS HALTON CCG,41.0
pre_pandemic,2019-12-01,01G,NHS SALFORD CCG,43.0
pre_pandemic,2019-12-01,01H,NHS NORTH CUMBRIA CCG,48.0
pre_pandemic,2019-12-01,01J,NHS KNOWSLEY CCG,52.0
pre_pandemic,2019-12-01,01K,NHS MORECAMBE BAY CCG,53.0
pre_pandemic,2019-12-01,01R,NHS SOUTH CHESHIRE CCG,50.0
pre_pandemic,2019-12-01,01T,NHS SOUTH SEFTON CCG,30.0
pre_pandemic,2019-12-01,01V,NHS SOUTHPORT AND FORMBY CCG,61.0
pre_pandemic,2019-12-01,01W,NHS STOCKPORT CCG,54.0
pre_pandemic,2019-12-01,01X,NHS ST HELENS CCG,38.0
pre_pandemic,2019-12-01,01Y,NHS TAMESIDE AND GLOSSOP CCG,50.0
pre_pandemic,2019-12-01,02A,NHS TRAFFORD CCG,66.0
pre_pandemic,2019-12-01,02D,NHS VALE ROYAL CCG,37.0
pre_pandemic,2019-12-01,02E,NHS WARRINGTON CCG,42.0
pre_pandemic,2019-12-01,02F,NHS WEST CHESHIRE CCG,47.0
pre_pandemic,2019-12-01,02G,NHS WEST LANCASHIRE CCG,49.0
pre_pandemic,2019-12-01,02H,NHS WIGAN BOROUGH CCG,57.0
pre_pandemic,2019-12-01,02M,NHS FYLDE AND WYRE CCG,47.0
pre_pandemic,2019-12-01,02N,"NHS AIREDALE, WHARFEDALE AND CRAVEN CCG",63.0
pre_pandemic,2019-12-01,02P,NHS BARNSLEY CCG,53.0
pre_pandemic,2019-12-01,02Q,NHS BASSETLAW CCG,54.0
pre_pandemic,2019-12-01,02R,NHS BRADFORD DISTRICTS CCG,54.0
pre_pandemic,2019-12-01,02T,NHS CALDERDALE CCG,54.0
pre_pandemic,2019-12-01,02W,NHS BRADFORD CITY CCG,44.0
pre_pandemic,2019-12-01,02X,NHS DONCASTER CCG,47.0
pre_pandemic,2019-12-01,02Y,NHS EAST RIDING OF YORKSHIRE CCG,55.0
pre_pandemic,2019-12-01,03A,NHS GREATER HUDDERSFIELD CCG,50.0
pre_pandemic,2019-12-01,03D,"NHS HAMBLETON, RICHMONDSHIRE AND WHITBY CCG",62.0
pre_pandemic,2019-12-01,03E,NHS HARROGATE AND RURAL DISTRICT CCG,63.0
pre_pandemic,2019-12-01,03F,NHS HULL CCG,53.0
pre_pandemic,2019-12-01,03H,NHS NORTH EAST LINCOLNSHIRE CCG,47.0
pre_pandemic,2019-12-01,03J,NHS NORTH KIRKLEES CCG,58.0
pre_pandemic,2019-12-01,03K,NHS NORTH LINCOLNSHIRE CCG,41.0
pre_pandemic,2019-12-01,03L,NHS ROTHERHAM CCG,52.0
pre_pandemic,2019-12-01,03M,NHS SCARBOROUGH AND RYEDALE CCG,53.0
pre_pandemic,2019-12-01,03N,NHS SHEFFIELD CCG,50.0
pre_pandemic,2019-12-01,03Q,NHS VALE OF YORK CCG,46.0
pre_pandemic,2019-12-01,03R,NHS WAKEFIELD CCG,50.0
pre_pandemic,2019-12-01,03T,NHS LINCOLNSHIRE EAST CCG,41.0
pre_pandemic,2019-12-01,03V,NHS CORBY CCG,50.0
pre_pandemic,2019-12-01,03W,NHS EAST LEICESTERSHIRE AND RUTLAND CCG,54.0
pre_pandemic,2019-12-01,03X,NHS EREWASH CCG,-0.0
pre_pandemic,2019-12-01,03Y,NHS HARDWICK CCG,-0.0
pre_pandemic,2019-12-01,04C,NHS LEICESTER CITY CCG,45.0
pre_pandemic,2019-12-01,04D,NHS LINCOLNSHIRE WEST CCG,44.0
pre_pandemic,2019-12-01,04E,NHS MANSFIELD AND ASHFIELD CCG,50.0
pre_pandemic,2019-12-01,04F,NHS MILTON KEYNES CCG,46.0
pre_pandemic,2019-12-01,04G,NHS NENE CCG,51.0
pre_pandemic,2019-12-01,04H,NHS NEWARK AND SHERWOOD CCG,57.0
pre_pandemic,2019-12-01,04J,NHS NORTH DERBYSHIRE CCG,-0.0
pre_pandemic,2019-12-01,04K,NHS NOTTINGHAM CITY CCG,46.0
pre_pandemic,2019-12-01,04L,NHS NOTTINGHAM NORTH AND EAST CCG,58.0
pre_pandemic,2019-12-01,04M,NHS NOTTINGHAM WEST CCG,56.0
pre_pandemic,2019-12-01,04N,NHS RUSHCLIFFE CCG,61.0
pre_pandemic,2019-12-01,04Q,NHS SOUTH WEST LINCOLNSHIRE CCG,62.0
pre_pandemic,2019-12-01,04R,NHS SOUTHERN DERBYSHIRE CCG,-0.0
pre_pandemic,2019-12-01,04V,NHS WEST LEICESTERSHIRE CCG,48.0
pre_pandemic,2019-12-01,04Y,NHS CANNOCK CHASE CCG,55.0
pre_pandemic,2019-12-01,05A,NHS COVENTRY AND RUGBY CCG,49.0
pre_pandemic,2019-12-01,05C,NHS DUDLEY CCG,42.0
pre_pandemic,2019-12-01,05D,NHS EAST STAFFORDSHIRE CCG,62.0
pre_pandemic,2019-12-01,05F,NHS HEREFORDSHIRE CCG,50.0
pre_pandemic,2019-12-01,05G,NHS NORTH STAFFORDSHIRE CCG,57.0
pre_pandemic,2019-12-01,05H,NHS WARWICKSHIRE NORTH CCG,60.0
pre_pandemic,2019-12-01,05J,NHS REDDITCH AND BROMSGROVE CCG,52.0
pre_pandemic,2019-12-01,05L,NHS SANDWELL AND WEST BIRMINGHAM CCG,54.0
pre_pandemic,2019-12-01,05N,NHS SHROPSHIRE CCG,51.0
pre_pandemic,2019-12-01,05Q,NHS SOUTH EAST STAFFORDSHIRE AND SEISDON PENINSULA CCG,60.0
pre_pandemic,2019-12-01,05R,NHS SOUTH WARWICKSHIRE CCG,54.0
pre_pandemic,2019-12-01,05T,NHS SOUTH WORCESTERSHIRE CCG,55.0
pre_pandemic,2019-12-01,05V,NHS STAFFORD AND SURROUNDS CCG,55.0
pre_pandemic,2019-12-01,05W,NHS STOKE ON TRENT CCG,60.0
pre_pandemic,2019-12-01,05X,NHS TELFORD AND WREKIN CCG,53.0
pre_pandemic,2019-12-01,05Y,NHS WALSALL CCG,52.0
pre_pandemic,2019-12-01,06A,NHS WOLVERHAMPTON CCG,50.0
pre_pandemic,2019-12-01,06D,NHS WYRE FOREST CCG,56.0
pre_pandemic,2019-12-01,06F,NHS BEDFORDSHIRE CCG,52.0
pre_pandemic,2019-12-01,06H,NHS CAMBRIDGESHIRE AND PETERBOROUGH CCG,42.0
pre_pandemic,2019-12-01,06K,NHS EAST AND NORTH HERTFORDSHIRE CCG,52.0
pre_pandemic,2019-12-01,06L,NHS IPSWICH AND EAST SUFFOLK CCG,51.0
pre_pandemic,2019-12-01,06M,NHS GREAT YARMOUTH AND WAVENEY CCG,54.0
pre_pandemic,2019-12-01,06N,NHS HERTS VALLEYS CCG,47.0
pre_pandemic,2019-12-01,06P,NHS LUTON CCG,57.0
pre_pandemic,2019-12-01,06Q,NHS MID ESSEX CCG,52.0
pre_pandemic,2019-12-01,06T,NHS NORTH EAST ESSEX CCG,58.0
pre_pandemic,2019-12-01,06V,NHS NORTH NORFOLK CCG,51.0
pre_pandemic,2019-12-01,06W,NHS NORWICH CCG,48.0
pre_pandemic,2019-12-01,06Y,NHS SOUTH NORFOLK CCG,56.0
pre_pandemic,2019-12-01,07G,NHS THURROCK CCG,59.0
pre_pandemic,2019-12-01,07H,NHS WEST ESSEX CCG,47.0
pre_pandemic,2019-12-01,07J,NHS WEST NORFOLK CCG,49.0
pre_pandemic,2019-12-01,07K,NHS WEST SUFFOLK CCG,56.0
pre_pandemic,2019-12-01,07L,NHS BARKING AND DAGENHAM CCG,55.0
pre_pandemic,2019-12-01,07M,NHS BARNET CCG,51.0
pre_pandemic,2019-12-01,07N,NHS BEXLEY CCG,49.0
pre_pandemic,2019-12-01,07P,NHS BRENT CCG,53.0
pre_pandemic,2019-12-01,07Q,NHS BROMLEY CCG,48.0
pre_pandemic,2019-12-01,07R,NHS CAMDEN CCG,48.0
pre_pandemic,2019-12-01,07T,NHS CITY AND HACKNEY CCG,61.0
pre_pandemic,2019-12-01,07V,NHS CROYDON CCG,49.0
pre_pandemic,2019-12-01,07W,NHS EALING CCG,54.0
pre_pandemic,2019-12-01,07X,NHS ENFIELD CCG,45.0
pre_pandemic,2019-12-01,07Y,NHS HOUNSLOW CCG,49.0
pre_pandemic,2019-12-01,08A,NHS GREENWICH CCG,58.0
pre_pandemic,2019-12-01,08C,NHS HAMMERSMITH AND FULHAM CCG,52.0
pre_pandemic,2019-12-01,08D,NHS HARINGEY CCG,60.0
pre_pandemic,2019-12-01,08E,NHS HARROW CCG,55.0
pre_pandemic,2019-12-01,08F,NHS HAVERING CCG,47.0
pre_pandemic,2019-12-01,08G,NHS HILLINGDON CCG,51.0
pre_pandemic,2019-12-01,08H,NHS ISLINGTON CCG,49.0
pre_pandemic,2019-12-01,08J,NHS KINGSTON CCG,56.0
pre_pandemic,2019-12-01,08K,NHS LAMBETH CCG,52.0
pre_pandemic,2019-12-01,08L,NHS LEWISHAM CCG,45.0
pre_pandemic,2019-12-01,08M,NHS NEWHAM CCG,52.0
pre_pandemic,2019-12-01,08N,NHS REDBRIDGE CCG,44.0
pre_pandemic,2019-12-01,08P,NHS RICHMOND CCG,56.0
pre_pandemic,2019-12-01,08Q,NHS SOUTHWARK CCG,49.0
pre_pandemic,2019-12-01,08R,NHS MERTON CCG,60.0
pre_pandemic,2019-12-01,08T,NHS SUTTON CCG,57.0
pre_pandemic,2019-12-01,08V,NHS TOWER HAMLETS CCG,50.0
pre_pandemic,2019-12-01,08W,NHS WALTHAM FOREST CCG,50.0
pre_pandemic,2019-12-01,08X,NHS WANDSWORTH CCG,52.0
pre_pandemic,2019-12-01,08Y,NHS WEST LONDON CCG,57.0
pre_pandemic,2019-12-01,09A,NHS CENTRAL LONDON (WESTMINSTER) CCG,52.0
pre_pandemic,2019-12-01,09C,NHS ASHFORD CCG,47.0
pre_pandemic,2019-12-01,09D,NHS BRIGHTON AND HOVE CCG,39.0
pre_pandemic,2019-12-01,09E,NHS CANTERBURY AND COASTAL CCG,52.0
pre_pandemic,2019-12-01,09F,"NHS EASTBOURNE, HAILSHAM AND SEAFORD CCG",55.0
pre_pandemic,2019-12-01,09G,NHS COASTAL WEST SUSSEX CCG,53.0
pre_pandemic,2019-12-01,09H,NHS CRAWLEY CCG,42.0
pre_pandemic,2019-12-01,09J,"NHS DARTFORD, GRAVESHAM AND SWANLEY CCG",48.0
pre_pandemic,2019-12-01,09L,NHS EAST SURREY CCG,41.0
pre_pandemic,2019-12-01,09N,NHS GUILDFORD AND WAVERLEY CCG,57.0
pre_pandemic,2019-12-01,09P,NHS HASTINGS AND ROTHER CCG,55.0
pre_pandemic,2019-12-01,09W,NHS MEDWAY CCG,53.0
pre_pandemic,2019-12-01,09X,NHS HORSHAM AND MID SUSSEX CCG,56.0
pre_pandemic,2019-12-01,09Y,NHS NORTH WEST SURREY CCG,49.0
pre_pandemic,2019-12-01,10A,NHS SOUTH KENT COAST CCG,57.0
pre_pandemic,2019-12-01,10C,NHS SURREY HEATH CCG,66.0
pre_pandemic,2019-12-01,10D,NHS SWALE CCG,48.0
pre_pandemic,2019-12-01,10E,NHS THANET CCG,58.0
pre_pandemic,2019-12-01,10J,NHS NORTH HAMPSHIRE CCG,46.0
pre_pandemic,2019-12-01,10K,NHS FAREHAM AND GOSPORT CCG,56.0
pre_pandemic,2019-12-01,10L,NHS ISLE OF WIGHT CCG,48.0
pre_pandemic,2019-12-01,10Q,NHS OXFORDSHIRE CCG,52.0
pre_pandemic,2019-12-01,10R,NHS PORTSMOUTH CCG,53.0
pre_pandemic,2019-12-01,10V,NHS SOUTH EASTERN HAMPSHIRE CCG,55.0
pre_pandemic,2019-12-01,10X,NHS SOUTHAMPTON CCG,46.0
pre_pandemic,2019-12-01,11A,NHS WEST HAMPSHIRE CCG,50.0
pre_pandemic,2019-12-01,11E,NHS BATH AND NORTH EAST SOMERSET CCG,51.0
pre_pandemic,2019-12-01,11J,NHS DORSET CCG,49.0
pre_pandemic,2019-12-01,11M,NHS GLOUCESTERSHIRE CCG,49.0
pre_pandemic,2019-12-01,11N,NHS KERNOW CCG,47.0
pre_pandemic,2019-12-01,11X,NHS SOMERSET CCG,59.0
pre_pandemic,2019-12-01,12D,NHS SWINDON CCG,49.0
pre_pandemic,2019-12-01,12F,NHS WIRRAL CCG,31.0
pre_pandemic,2019-12-01,13T,NHS NEWCASTLE GATESHEAD CCG,44.0
pre_pandemic,2019-12-01,14A,NORTH MIDLANDS COMMISSIONING HUB,-0.0
pre_pandemic,2019-12-01,14E,EAST OF ENGLAND COMMISSIONING HUB,59.0
pre_pandemic,2019-12-01,14L,NHS MANCHESTER CCG,45.0
pre_pandemic,2019-12-01,14Y,NHS BUCKINGHAMSHIRE CCG,59.0
pre_pandemic,2019-12-01,15A,NHS BERKSHIRE WEST CCG,52.0
pre_pandemic,2019-12-01,15C,"NHS BRISTOL, NORTH SOMERSET AND SOUTH GLOUCESTERSHIRE CCG",38.0
pre_pandemic,2019-12-01,15D,NHS EAST BERKSHIRE CCG,53.0
pre_pandemic,2019-12-01,15E,NHS BIRMINGHAM AND SOLIHULL CCG,52.0
pre_pandemic,2019-12-01,15F,NHS LEEDS CCG,46.0
pre_pandemic,2019-12-01,15M,NHS DERBY AND DERBYSHIRE CCG,56.0
pre_pandemic,2019-12-01,15N,NHS DEVON CCG,51.0
pre_pandemic,2019-12-01,99A,NHS LIVERPOOL CCG,47.0
pre_pandemic,2019-12-01,99C,NHS NORTH TYNESIDE CCG,49.0
pre_pandemic,2019-12-01,99D,NHS SOUTH LINCOLNSHIRE CCG,54.0
pre_pandemic,2019-12-01,99E,NHS BASILDON AND BRENTWOOD CCG,52.0
pre_pandemic,2019-12-01,99F,NHS CASTLE POINT AND ROCHFORD CCG,56.0
pre_pandemic,2019-12-01,99G,NHS SOUTHEND CCG,52.0
pre_pandemic,2019-12-01,99H,NHS SURREY DOWNS CCG,53.0
pre_pandemic,2019-12-01,99J,NHS WEST KENT CCG,51.0
pre_pandemic,2019-12-01,99K,NHS HIGH WEALD LEWES HAVENS CCG,52.0
pre_pandemic,2019-12-01,99M,NHS NORTH EAST HAMPSHIRE AND FARNHAM CCG,45.0
pre_pandemic,2019-12-01,99N,NHS WILTSHIRE CCG,51.0
pre_pandemic,2019-12-01,99P,"NHS NORTHERN, EASTERN AND WESTERN DEVON CCG",-0.0
pre_pandemic,2019-12-01,99Q,NHS SOUTH DEVON AND TORBAY CCG,-0.0
pre_pandemic,2020-01-01,00C,NHS DARLINGTON CCG,54.0
pre_pandemic,2020-01-01,00D,"NHS DURHAM DALES, EASINGTON AND SEDGEFIELD CCG",44.0
pre_pandemic,2020-01-01,00J,NHS NORTH DURHAM CCG,42.0
pre_pandemic,2020-01-01,00K,NHS HARTLEPOOL AND STOCKTON-ON-TEES CCG,48.0
pre_pandemic,2020-01-01,00L,NHS NORTHUMBERLAND CCG,55.0
pre_pandemic,2020-01-01,00M,NHS SOUTH TEES CCG,48.0
pre_pandemic,2020-01-01,00N,NHS SOUTH TYNESIDE CCG,52.0
pre_pandemic,2020-01-01,00P,NHS SUNDERLAND CCG,49.0
pre_pandemic,2020-01-01,00Q,NHS BLACKBURN WITH DARWEN CCG,45.0
pre_pandemic,2020-01-01,00R,NHS BLACKPOOL CCG,40.0
pre_pandemic,2020-01-01,00T,NHS BOLTON CCG,50.0
pre_pandemic,2020-01-01,00V,NHS BURY CCG,52.0
pre_pandemic,2020-01-01,00X,NHS CHORLEY AND SOUTH RIBBLE CCG,41.0
pre_pandemic,2020-01-01,00Y,NHS OLDHAM CCG,56.0
pre_pandemic,2020-01-01,01A,NHS EAST LANCASHIRE CCG,46.0
pre_pandemic,2020-01-01,01C,NHS EASTERN CHESHIRE CCG,48.0
pre_pandemic,2020-01-01,01D,"NHS HEYWOOD, MIDDLETON AND ROCHDALE CCG",55.0
pre_pandemic,2020-01-01,01E,NHS GREATER PRESTON CCG,42.0
pre_pandemic,2020-01-01,01F,NHS HALTON CCG,43.0
pre_pandemic,2020-01-01,01G,NHS SALFORD CCG,41.0
pre_pandemic,2020-01-01,01H,NHS NORTH CUMBRIA CCG,50.0
pre_pandemic,2020-01-01,01J,NHS KNOWSLEY CCG,54.0
pre_pandemic,2020-01-01,01K,NHS MORECAMBE BAY CCG,48.0
pre_pandemic,2020-01-01,01R,NHS SOUTH CHESHIRE CCG,55.0
pre_pandemic,2020-01-01,01T,NHS SOUTH SEFTON CCG,45.0
pre_pandemic,2020-01-01,01V,NHS SOUTHPORT AND FORMBY CCG,44.0
pre_pandemic,2020-01-01,01W,NHS STOCKPORT CCG,52.0
pre_pandemic,2020-01-01,01X,NHS ST HELENS CCG,45.0
pre_pandemic,2020-01-01,01Y,NHS TAMESIDE AND GLOSSOP CCG,52.0
pre_pandemic,2020-01-01,02A,NHS TRAFFORD CCG,56.0
pre_pandemic,2020-01-01,02D,NHS VALE ROYAL CCG,58.0
pre_pandemic,2020-01-01,02E,NHS WARRINGTON CCG,51.0
pre_pandemic,2020-01-01,02F,NHS WEST CHESHIRE CCG,46.0
pre_pandemic,2020-01-01,02G,NHS WEST LANCASHIRE CCG,49.0
pre_pandemic,2020-01-01,02H,NHS WIGAN BOROUGH CCG,53.0
pre_pandemic,2020-01-01,02M,NHS FYLDE AND WYRE CCG,55.0
pre_pandemic,2020-01-01,02N,"NHS AIREDALE, WHARFEDALE AND CRAVEN CCG",53.0
pre_pandemic,2020-01-01,02P,NHS BARNSLEY CCG,56.0
pre_pandemic,2020-01-01,02Q,NHS BASSETLAW CCG,53.0
pre_pandemic,2020-01-01,02R,NHS BRADFORD DISTRICTS CCG,54.0
pre_pandemic,2020-01-01,02T,NHS CALDERDALE CCG,58.0
pre_pandemic,2020-01-01,02W,NHS BRADFORD CITY CCG,57.0
pre_pandemic,2020-01-01,02X,NHS DONCASTER CCG,52.0
pre_pandemic,2020-01-01,02Y,NHS EAST RIDING OF YORKSHIRE CCG,54.0
pre_pandemic,2020-01-01,03A,NHS GREATER HUDDERSFIELD CCG,55.0
pre_pandemic,2020-01-01,03D,"NHS HAMBLETON, RICHMONDSHIRE AND WHITBY CCG",54.0
pre_pandemic,2020-01-01,03E,NHS HARROGATE AND RURAL DISTRICT CCG,56.0
pre_pandemic,2020-01-01,03F,NHS HULL CCG,61.0
pre_pandemic,2020-01-01,03H,NHS NORTH EAST LINCOLNSHIRE CCG,48.0
pre_pandemic,2020-01-01,03J,NHS NORTH KIRKLEES CCG,60.0
pre_pandemic,2020-01-01,03K,NHS NORTH LINCOLNSHIRE CCG,40.0
pre_pandemic,2020-01-01,03L,NHS ROTHERHAM CCG,54.0
pre_pandemic,2020-01-01,03M,NHS SCARBOROUGH AND RYEDALE CCG,48.0
pre_pandemic,2020-01-01,03N,NHS SHEFFIELD CCG,52.0
pre_pandemic,2020-01-01,03Q,NHS VALE OF YORK CCG,52.0
pre_pandemic,2020-01-01,03R,NHS WAKEFIELD CCG,52.0
pre_pandemic,2020-01-01,03T,NHS LINCOLNSHIRE EAST CCG,41.0
pre_pandemic,2020-01-01,03V,NHS CORBY CCG,50.0
pre_pandemic,2020-01-01,03W,NHS EAST LEICESTERSHIRE AND RUTLAND CCG,54.0
pre_pandemic,2020-01-01,03X,NHS EREWASH CCG,-0.0
pre_pandemic,2020-01-01,03Y,NHS HARDWICK CCG,-0.0
pre_pandemic,2020-01-01,04C,NHS LEICESTER CITY CCG,47.0
pre_pandemic,2020-01-01,04D,NHS LINCOLNSHIRE WEST CCG,49.0
pre_pandemic,2020-01-01,04E,NHS MANSFIELD AND ASHFIELD CCG,51.0
pre_pandemic,2020-01-01,04F,NHS MILTON KEYNES CCG,49.0
pre_pandemic,2020-01-01,04G,NHS NENE CCG,50.0
pre_pandemic,2020-01-01,04H,NHS NEWARK AND SHERWOOD CCG,56.0
pre_pandemic,2020-01-01,04J,NHS NORTH DERBYSHIRE CCG,-0.0
pre_pandemic,2020-01-01,04K,NHS NOTTINGHAM CITY CCG,49.0
pre_pandemic,2020-01-01,04L,NHS NOTTINGHAM NORTH AND EAST CCG,54.0
pre_pandemic,2020-01-01,04M,NHS NOTTINGHAM WEST CCG,64.0
pre_pandemic,2020-01-01,04N,NHS RUSHCLIFFE CCG,67.0
pre_pandemic,2020-01-01,04Q,NHS SOUTH WEST LINCOLNSHIRE CCG,51.0
pre_pandemic,2020-01-01,04R,NHS SOUTHERN DERBYSHIRE CCG,-0.0
pre_pandemic,2020-01-01,04V,NHS WEST LEICESTERSHIRE CCG,50.0
pre_pandemic,2020-01-01,04Y,NHS CANNOCK CHASE CCG,45.0
pre_pandemic,2020-01-01,05A,NHS COVENTRY AND RUGBY CCG,53.0
pre_pandemic,2020-01-01,05C,NHS DUDLEY CCG,38.0
pre_pandemic,2020-01-01,05D,NHS EAST STAFFORDSHIRE CCG,58.0
pre_pandemic,2020-01-01,05F,NHS HEREFORDSHIRE CCG,48.0
pre_pandemic,2020-01-01,05G,NHS NORTH STAFFORDSHIRE CCG,57.0
pre_pandemic,2020-01-01,05H,NHS WARWICKSHIRE NORTH CCG,54.0
pre_pandemic,2020-01-01,05J,NHS REDDITCH AND BROMSGROVE CCG,59.0
pre_pandemic,2020-01-01,05L,NHS SANDWELL AND WEST BIRMINGHAM CCG,57.0
pre_pandemic,2020-01-01,05N,NHS SHROPSHIRE CCG,52.0
pre_pandemic,2020-01-01,05Q,NHS SOUTH EAST STAFFORDSHIRE AND SEISDON PENINSULA CCG,53.0
pre_pandemic,2020-01-01,05R,NHS SOUTH WARWICKSHIRE CCG,52.0
pre_pandemic,2020-01-01,05T,NHS SOUTH WORCESTERSHIRE CCG,50.0
pre_pandemic,2020-01-01,05V,NHS STAFFORD AND SURROUNDS CCG,48.0
pre_pandemic,2020-01-01,05W,NHS STOKE ON TRENT CCG,59.0
pre_pandemic,2020-01-01,05X,NHS TELFORD AND WREKIN CCG,61.0
pre_pandemic,2020-01-01,05Y,NHS WALSALL CCG,58.0
pre_pandemic,2020-01-01,06A,NHS WOLVERHAMPTON CCG,46.0
pre_pandemic,2020-01-01,06D,NHS WYRE FOREST CCG,47.0
pre_pandemic,2020-01-01,06F,NHS BEDFORDSHIRE CCG,50.0
pre_pandemic,2020-01-01,06H,NHS CAMBRIDGESHIRE AND PETERBOROUGH CCG,50.0
pre_pandemic,2020-01-01,06K,NHS EAST AND NORTH HERTFORDSHIRE CCG,46.0
pre_pandemic,2020-01-01,06L,NHS IPSWICH AND EAST SUFFOLK CCG,54.0
pre_pandemic,2020-01-01,06M,NHS GREAT YARMOUTH AND WAVENEY CCG,56.0
pre_pandemic,2020-01-01,06N,NHS HERTS VALLEYS CCG,51.0
pre_pandemic,2020-01-01,06P,NHS LUTON CCG,50.0
pre_pandemic,2020-01-01,06Q,NHS MID ESSEX CCG,49.0
pre_pandemic,2020-01-01,06T,NHS NORTH EAST ESSEX CCG,48.0
pre_pandemic,2020-01-01,06V,NHS NORTH NORFOLK CCG,61.0
pre_pandemic,2020-01-01,06W,NHS NORWICH CCG,57.0
pre_pandemic,2020-01-01,06Y,NHS SOUTH NORFOLK CCG,61.0
pre_pandemic,2020-01-01,07G,NHS THURROCK CCG,53.0
pre_pandemic,2020-01-01,07H,NHS WEST ESSEX CCG,39.0
pre_pandemic,2020-01-01,07J,NHS WEST NORFOLK CCG,67.0
pre_pandemic,2020-01-01,07K,NHS WEST SUFFOLK CCG,57.0
pre_pandemic,2020-01-01,07L,NHS BARKING AND DAGENHAM CCG,51.0
pre_pandemic,2020-01-01,07M,NHS BARNET CCG,55.0
pre_pandemic,2020-01-01,07N,NHS BEXLEY CCG,52.0
pre_pandemic,2020-01-01,07P,NHS BRENT CCG,53.0
pre_pandemic,2020-01-01,07Q,NHS BROMLEY CCG,50.0
pre_pandemic,2020-01-01,07R,NHS CAMDEN CCG,46.0
pre_pandemic,2020-01-01,07T,NHS CITY AND HACKNEY CCG,61.0
pre_pandemic,2020-01-01,07V,NHS CROYDON CCG,53.0
pre_pandemic,2020-01-01,07W,NHS EALING CCG,50.0
pre_pandemic,2020-01-01,07X,NHS ENFIELD CCG,47.0
pre_pandemic,2020-01-01,07Y,NHS HOUNSLOW CCG,52.0
pre_pandemic,2020-01-01,08A,NHS GREENWICH CCG,54.0
pre_pandemic,2020-01-01,08C,NHS HAMMERSMITH AND FULHAM CCG,55.0
pre_pandemic,2020-01-01,08D,NHS HARINGEY CCG,58.0
pre_pandemic,2020-01-01,08E,NHS HARROW CCG,53.0
pre_pandemic,2020-01-01,08F,NHS HAVERING CCG,52.0
pre_pandemic,2020-01-01,08G,NHS HILLINGDON CCG,51.0
pre_pandemic,2020-01-01,08H,NHS ISLINGTON CCG,51.0
pre_pandemic,2020-01-01,08J,NHS KINGSTON CCG,52.0
pre_pandemic,2020-01-01,08K,NHS LAMBETH CCG,57.0
pre_pandemic,2020-01-01,08L,NHS LEWISHAM CCG,49.0
pre_pandemic,2020-01-01,08M,NHS NEWHAM CCG,49.0
pre_pandemic,2020-01-01,08N,NHS REDBRIDGE CCG,48.0
pre_pandemic,2020-01-01,08P,NHS RICHMOND CCG,53.0
pre_pandemic,2020-01-01,08Q,NHS SOUTHWARK CCG,51.0
pre_pandemic,2020-01-01,08R,NHS MERTON CCG,53.0
pre_pandemic,2020-01-01,08T,NHS SUTTON CCG,49.0
pre_pandemic,2020-01-01,08V,NHS TOWER HAMLETS CCG,51.0
pre_pandemic,2020-01-01,08W,NHS WALTHAM FOREST CCG,55.0
pre_pandemic,2020-01-01,08X,NHS WANDSWORTH CCG,52.0
pre_pandemic,2020-01-01,08Y,NHS WEST LONDON CCG,53.0
pre_pandemic,2020-01-01,09A,NHS CENTRAL LONDON (WESTMINSTER) CCG,59.0
pre_pandemic,2020-01-01,09C,NHS ASHFORD CCG,58.0
pre_pandemic,2020-01-01,09D,NHS BRIGHTON AND HOVE CCG,49.0
pre_pandemic,2020-01-01,09E,NHS CANTERBURY AND COASTAL CCG,49.0
pre_pandemic,2020-01-01,09F,"NHS EASTBOURNE, HAILSHAM AND SEAFORD CCG",51.0
pre_pandemic,2020-01-01,09G,NHS COASTAL WEST SUSSEX CCG,57.0
pre_pandemic,2020-01-01,09H,NHS CRAWLEY CCG,43.0
pre_pandemic,2020-01-01,09J,"NHS DARTFORD, GRAVESHAM AND SWANLEY CCG",55.0
pre_pandemic,2020-01-01,09L,NHS EAST SURREY CCG,50.0
pre_pandemic,2020-01-01,09N,NHS GUILDFORD AND WAVERLEY CCG,54.0
pre_pandemic,2020-01-01,09P,NHS HASTINGS AND ROTHER CCG,49.0
pre_pandemic,2020-01-01,09W,NHS MEDWAY CCG,55.0
pre_pandemic,2020-01-01,09X,NHS HORSHAM AND MID SUSSEX CCG,56.0
pre_pandemic,2020-01-01,09Y,NHS NORTH WEST SURREY CCG,55.0
pre_pandemic,2020-01-01,10A,NHS SOUTH KENT COAST CCG,52.0
pre_pandemic,2020-01-01,10C,NHS SURREY HEATH CCG,57.0
pre_pandemic,2020-01-01,10D,NHS SWALE CCG,52.0
pre_pandemic,2020-01-01,10E,NHS THANET CCG,48.0
pre_pandemic,2020-01-01,10J,NHS NORTH HAMPSHIRE CCG,55.0
pre_pandemic,2020-01-01,10K,NHS FAREHAM AND GOSPORT CCG,58.0
pre_pandemic,2020-01-01,10L,NHS ISLE OF WIGHT CCG,51.0
pre_pandemic,2020-01-01,10Q,NHS OXFORDSHIRE CCG,52.0
pre_pandemic,2020-01-01,10R,NHS PORTSMOUTH CCG,55.0
pre_pandemic,2020-01-01,10V,NHS SOUTH EASTERN HAMPSHIRE CCG,49.0
pre_pandemic,2020-01-01,10X,NHS SOUTHAMPTON CCG,55.0
pre_pandemic,2020-01-01,11A,NHS WEST HAMPSHIRE CCG,52.0
pre_pandemic,2020-01-01,11E,NHS BATH AND NORTH EAST SOMERSET CCG,52.0
pre_pandemic,2020-01-01,11J,NHS DORSET CCG,42.0
pre_pandemic,2020-01-01,11M,NHS GLOUCESTERSHIRE CCG,49.0
pre_pandemic,2020-01-01,11N,NHS KERNOW CCG,43.0
pre_pandemic,2020-01-01,11X,NHS SOMERSET CCG,57.0
pre_pandemic,2020-01-01,12D,NHS SWINDON CCG,51.0
pre_pandemic,2020-01-01,12F,NHS WIRRAL CCG,38.0
pre_pandemic,2020-01-01,13Q,NATIONAL COMMISSIONING HUB 1,30.0
pre_pandemic,2020-01-01,13T,NHS NEWCASTLE GATESHEAD CCG,50.0
pre_pandemic,2020-01-01,14A,NORTH MIDLANDS COMMISSIONING HUB,-0.0
pre_pandemic,2020-01-01,14E,EAST OF ENGLAND COMMISSIONING HUB,46.0
pre_pandemic,2020-01-01,14L,NHS MANCHESTER CCG,40.0
pre_pandemic,2020-01-01,14Y,NHS BUCKINGHAMSHIRE CCG,58.0
pre_pandemic,2020-01-01,15A,NHS BERKSHIRE WEST CCG,60.0
pre_pandemic,2020-01-01,15C,"NHS BRISTOL, NORTH SOMERSET AND SOUTH GLOUCESTERSHIRE CCG",44.0
pre_pandemic,2020-01-01,15D,NHS EAST BERKSHIRE CCG,55.0
pre_pandemic,2020-01-01,15E,NHS BIRMINGHAM AND SOLIHULL CCG,52.0
pre_pandemic,2020-01-01,15F,NHS LEEDS CCG,44.0
pre_pandemic,2020-01-01,15M,NHS DERBY AND DERBYSHIRE CCG,54.0
pre_pandemic,2020-01-01,15N,NHS DEVON CCG,47.0
pre_pandemic,2020-01-01,99A,NHS LIVERPOOL CCG,46.0
pre_pandemic,2020-01-01,99C,NHS NORTH TYNESIDE CCG,53.0
pre_pandemic,2020-01-01,99D,NHS SOUTH LINCOLNSHIRE CCG,46.0
pre_pandemic,2020-01-01,99E,NHS BASILDON AND BRENTWOOD CCG,42.0
pre_pandemic,2020-01-01,99F,NHS CASTLE POINT AND ROCHFORD CCG,54.0
pre_pandemic,2020-01-01,99G,NHS SOUTHEND CCG,54.0
pre_pandemic,2020-01-01,99H,NHS SURREY DOWNS CCG,46.0
pre_pandemic,2020-01-01,99J,NHS WEST KENT CCG,51.0
pre_pandemic,2020-01-01,99K,NHS HIGH WEALD LEWES HAVENS CCG,55.0
pre_pandemic,2020-01-01,99M,NHS NORTH EAST HAMPSHIRE AND FARNHAM CCG,56.0
pre_pandemic,2020-01-01,99N,NHS WILTSHIRE CCG,50.0
pre_pandemic,2020-01-01,99P,"NHS NORTHERN, EASTERN AND WESTERN DEVON CCG",-0.0
pre_pandemic,2020-01-01,99Q,NHS SOUTH DEVON AND TORBAY CCG,-0.0
pre_pandemic,2020-02-01,00C,NHS DARLINGTON CCG,61.0
pre_pandemic,2020-02-01,00D,"NHS DURHAM DALES, EASINGTON AND SEDGEFIELD CCG",45.0
pre_pandemic,2020-02-01,00J,NHS NORTH DURHAM CCG,51.0
pre_pandemic,2020-02-01,00K,NHS HARTLEPOOL AND STOCKTON-ON-TEES CCG,49.0
pre_pandemic,2020-02-01,00L,NHS NORTHUMBERLAND CCG,59.0
pre_pandemic,2020-02-01,00M,NHS SOUTH TEES CCG,42.0
pre_pandemic,2020-02-01,00N,NHS SOUTH TYNESIDE CCG,55.0
pre_pandemic,2020-02-01,00P,NHS SUNDERLAND CCG,50.0
pre_pandemic,2020-02-01,00Q,NHS BLACKBURN WITH DARWEN CCG,50.0
pre_pandemic,2020-02-01,00R,NHS BLACKPOOL CCG,50.0
pre_pandemic,2020-02-01,00T,NHS BOLTON CCG,48.0
pre_pandemic,2020-02-01,00V,NHS BURY CCG,57.0
pre_pandemic,2020-02-01,00X,NHS CHORLEY AND SOUTH RIBBLE CCG,51.0
pre_pandemic,2020-02-01,00Y,NHS OLDHAM CCG,51.0
pre_pandemic,2020-02-01,01A,NHS EAST LANCASHIRE CCG,48.0
pre_pandemic,2020-02-01,01C,NHS EASTERN CHESHIRE CCG,48.0
pre_pandemic,2020-02-01,01D,"NHS HEYWOOD, MIDDLETON AND ROCHDALE CCG",52.0
pre_pandemic,2020-02-01,01E,NHS GREATER PRESTON CCG,52.0
pre_pandemic,2020-02-01,01F,NHS HALTON CCG,54.0
pre_pandemic,2020-02-01,01G,NHS SALFORD CCG,37.0
pre_pandemic,2020-02-01,01H,NHS NORTH CUMBRIA CCG,48.0
pre_pandemic,2020-02-01,01J,NHS KNOWSLEY CCG,50.0
pre_pandemic,2020-02-01,01K,NHS MORECAMBE BAY CCG,57.0
pre_pandemic,2020-02-01,01R,NHS SOUTH CHESHIRE CCG,43.0
pre_pandemic,2020-02-01,01T,NHS SOUTH SEFTON CCG,51.0
pre_pandemic,2020-02-01,01V,NHS SOUTHPORT AND FORMBY CCG,60.0
pre_pandemic,2020-02-01,01W,NHS STOCKPORT CCG,58.0
pre_pandemic,2020-02-01,01X,NHS ST HELENS CCG,36.0
pre_pandemic,2020-02-01,01Y,NHS TAMESIDE AND GLOSSOP CCG,53.0
pre_pandemic,2020-02-01,02A,NHS TRAFFORD CCG,64.0
pre_pandemic,2020-02-01,02D,NHS VALE ROYAL CCG,49.0
pre_pandemic,2020-02-01,02E,NHS WARRINGTON CCG,48.0
pre_pandemic,2020-02-01,02F,NHS WEST CHESHIRE CCG,51.0
pre_pandemic,2020-02-01,02G,NHS WEST LANCASHIRE CCG,43.0
pre_pandemic,2020-02-01,02H,NHS WIGAN BOROUGH CCG,54.0
pre_pandemic,2020-02-01,02M,NHS FYLDE AND WYRE CCG,50.0
pre_pandemic,2020-02-01,02N,"NHS AIREDALE, WHARFEDALE AND CRAVEN CCG",60.0
pre_pandemic,2020-02-01,02P,NHS BARNSLEY CCG,55.0
pre_pandemic,2020-02-01,02Q,NHS BASSETLAW CCG,54.0
pre_pandemic,2020-02-01,02R,NHS BRADFORD DISTRICTS CCG,48.0
pre_pandemic,2020-02-01,02T,NHS CALDERDALE CCG,55.0
pre_pandemic,2020-02-01,02W,NHS BRADFORD CITY CCG,44.0
pre_pandemic,2020-02-01,02X,NHS DONCASTER CCG,46.0
pre_pandemic,2020-02-01,02Y,NHS EAST RIDING OF YORKSHIRE CCG,55.0
pre_pandemic,2020-02-01,03A,NHS GREATER HUDDERSFIELD CCG,63.0
pre_pandemic,2020-02-01,03D,"NHS HAMBLETON, RICHMONDSHIRE AND WHITBY CCG",54.0
pre_pandemic,2020-02-01,03E,NHS HARROGATE AND RURAL DISTRICT CCG,60.0
pre_pandemic,2020-02-01,03F,NHS HULL CCG,52.0
pre_pandemic,2020-02-01,03H,NHS NORTH EAST LINCOLNSHIRE CCG,51.0
pre_pandemic,2020-02-01,03J,NHS NORTH KIRKLEES CCG,41.0
pre_pandemic,2020-02-01,03K,NHS NORTH LINCOLNSHIRE CCG,33.0
pre_pandemic,2020-02-01,03L,NHS ROTHERHAM CCG,64.0
pre_pandemic,2020-02-01,03M,NHS SCARBOROUGH AND RYEDALE CCG,52.0
pre_pandemic,2020-02-01,03N,NHS SHEFFIELD CCG,50.0
pre_pandemic,2020-02-01,03Q,NHS VALE OF YORK CCG,52.0
pre_pandemic,2020-02-01,03R,NHS WAKEFIELD CCG,56.0
pre_pandemic,2020-02-01,03T,NHS LINCOLNSHIRE EAST CCG,48.0
pre_pandemic,2020-02-01,03V,NHS CORBY CCG,49.0
pre_pandemic,2020-02-01,03W,NHS EAST LEICESTERSHIRE AND RUTLAND CCG,45.0
pre_pandemic,2020-02-01,03X,NHS EREWASH CCG,-0.0
pre_pandemic,2020-02-01,03Y,NHS HARDWICK CCG,-0.0
pre_pandemic,2020-02-01,04C,NHS LEICESTER CITY CCG,47.0
pre_pandemic,2020-02-01,04D,NHS LINCOLNSHIRE WEST CCG,49.0
pre_pandemic,2020-02-01,04E,NHS MANSFIELD AND ASHFIELD CCG,40.0
pre_pandemic,2020-02-01,04F,NHS MILTON KEYNES CCG,60.0
pre_pandemic,2020-02-01,04G,NHS NENE CCG,53.0
pre_pandemic,2020-02-01,04H,NHS NEWARK AND SHERWOOD CCG,55.0
pre_pandemic,2020-02-01,04J,NHS NORTH DERBYSHIRE CCG,-0.0
pre_pandemic,2020-02-01,04K,NHS NOTTINGHAM CITY CCG,54.0
pre_pandemic,2020-02-01,04L,NHS NOTTINGHAM NORTH AND EAST CCG,59.0
pre_pandemic,2020-02-01,04M,NHS NOTTINGHAM WEST CCG,59.0
pre_pandemic,2020-02-01,04N,NHS RUSHCLIFFE CCG,56.0
pre_pandemic,2020-02-01,04Q,NHS SOUTH WEST LINCOLNSHIRE CCG,52.0
pre_pandemic,2020-02-01,04R,NHS SOUTHERN DERBYSHIRE CCG,-0.0
pre_pandemic,2020-02-01,04V,NHS WEST LEICESTERSHIRE CCG,47.0
pre_pandemic,2020-02-01,04Y,NHS CANNOCK CHASE CCG,25.0
pre_pandemic,2020-02-01,05A,NHS COVENTRY AND RUGBY CCG,33.0
pre_pandemic,2020-02-01,05C,NHS DUDLEY CCG,50.0
pre_pandemic,2020-02-01,05D,NHS EAST STAFFORDSHIRE CCG,61.0
pre_pandemic,2020-02-01,05F,NHS HEREFORDSHIRE CCG,54.0
pre_pandemic,2020-02-01,05G,NHS NORTH STAFFORDSHIRE CCG,54.0
pre_pandemic,2020-02-01,05H,NHS WARWICKSHIRE NORTH CCG,43.0
pre_pandemic,2020-02-01,05J,NHS REDDITCH AND BROMSGROVE CCG,54.0
pre_pandemic,2020-02-01,05L,NHS SANDWELL AND WEST BIRMINGHAM CCG,61.0
pre_pandemic,2020-02-01,05N,NHS SHROPSHIRE CCG,52.0
pre_pandemic,2020-02-01,05Q,NHS SOUTH EAST STAFFORDSHIRE AND SEISDON PENINSULA CCG,60.0
pre_pandemic,2020-02-01,05R,NHS SOUTH WARWICKSHIRE CCG,50.0
pre_pandemic,2020-02-01,05T,NHS SOUTH WORCESTERSHIRE CCG,52.0
pre_pandemic,2020-02-01,05V,NHS STAFFORD AND SURROUNDS CCG,30.0
pre_pandemic,2020-02-01,05W,NHS STOKE ON TRENT CCG,62.0
pre_pandemic,2020-02-01,05X,NHS TELFORD AND WREKIN CCG,55.0
pre_pandemic,2020-02-01,05Y,NHS WALSALL CCG,53.0
pre_pandemic,2020-02-01,06A,NHS WOLVERHAMPTON CCG,39.0
pre_pandemic,2020-02-01,06D,NHS WYRE FOREST CCG,57.0
pre_pandemic,2020-02-01,06F,NHS BEDFORDSHIRE CCG,51.0
pre_pandemic,2020-02-01,06H,NHS CAMBRIDGESHIRE AND PETERBOROUGH CCG,50.0
pre_pandemic,2020-02-01,06K,NHS EAST AND NORTH HERTFORDSHIRE CCG,46.0
pre_pandemic,2020-02-01,06L,NHS IPSWICH AND EAST SUFFOLK CCG,52.0
pre_pandemic,2020-02-01,06M,NHS GREAT YARMOUTH AND WAVENEY CCG,62.0
pre_pandemic,2020-02-01,06N,NHS HERTS VALLEYS CCG,55.0
pre_pandemic,2020-02-01,06P,NHS LUTON CCG,52.0
pre_pandemic,2020-02-01,06Q,NHS MID ESSEX CCG,51.0
pre_pandemic,2020-02-01,06T,NHS NORTH EAST ESSEX CCG,50.0
pre_pandemic,2020-02-01,06V,NHS NORTH NORFOLK CCG,62.0
pre_pandemic,2020-02-01,06W,NHS NORWICH CCG,54.0
pre_pandemic,2020-02-01,06Y,NHS SOUTH NORFOLK CCG,74.0
pre_pandemic,2020-02-01,07G,NHS THURROCK CCG,55.0
pre_pandemic,2020-02-01,07H,NHS WEST ESSEX CCG,44.0
pre_pandemic,2020-02-01,07J,NHS WEST NORFOLK CCG,50.0
pre_pandemic,2020-02-01,07K,NHS WEST SUFFOLK CCG,60.0
pre_pandemic,2020-02-01,07L,NHS BARKING AND DAGENHAM CCG,53.0
pre_pandemic,2020-02-01,07M,NHS BARNET CCG,53.0
pre_pandemic,2020-02-01,07N,NHS BEXLEY CCG,46.0
pre_pandemic,2020-02-01,07P,NHS BRENT CCG,53.0
pre_pandemic,2020-02-01,07Q,NHS BROMLEY CCG,55.0
pre_pandemic,2020-02-01,07R,NHS CAMDEN CCG,55.0
pre_pandemic,2020-02-01,07T,NHS CITY AND HACKNEY CCG,49.0
pre_pandemic,2020-02-01,07V,NHS CROYDON CCG,54.0
pre_pandemic,2020-02-01,07W,NHS EALING CCG,52.0
pre_pandemic,2020-02-01,07X,NHS ENFIELD CCG,47.0
pre_pandemic,2020-02-01,07Y,NHS HOUNSLOW CCG,46.0
pre_pandemic,2020-02-01,08A,NHS GREENWICH CCG,56.0
pre_pandemic,2020-02-01,08C,NHS HAMMERSMITH AND FULHAM CCG,48.0
pre_pandemic,2020-02-01,08D,NHS HARINGEY CCG,43.0
pre_pandemic,2020-02-01,08E,NHS HARROW CCG,55.0
pre_pandemic,2020-02-01,08F,NHS HAVERING CCG,51.0
pre_pandemic,2020-02-01,08G,NHS HILLINGDON CCG,53.0
pre_pandemic,2020-02-01,08H,NHS ISLINGTON CCG,50.0
pre_pandemic,2020-02-01,08J,NHS KINGSTON CCG,55.0
pre_pandemic,2020-02-01,08K,NHS LAMBETH CCG,60.0
pre_pandemic,2020-02-01,08L,NHS LEWISHAM CCG,47.0
pre_pandemic,2020-02-01,08M,NHS NEWHAM CCG,51.0
pre_pandemic,2020-02-01,08N,NHS REDBRIDGE CCG,48.0
pre_pandemic,2020-02-01,08P,NHS RICHMOND CCG,53.0
pre_pandemic,2020-02-01,08Q,NHS SOUTHWARK CCG,51.0
pre_pandemic,2020-02-01,08R,NHS MERTON CCG,54.0
pre_pandemic,2020-02-01,08T,NHS SUTTON CCG,48.0
pre_pandemic,2020-02-01,08V,NHS TOWER HAMLETS CCG,51.0
pre_pandemic,2020-02-01,08W,NHS WALTHAM FOREST CCG,55.0
pre_pandemic,2020-02-01,08X,NHS WANDSWORTH CCG,55.0
pre_pandemic,2020-02-01,08Y,NHS WEST LONDON CCG,56.0
pre_pandemic,2020-02-01,09A,NHS CENTRAL LONDON (WESTMINSTER) CCG,59.0
pre_pandemic,2020-02-01,09C,NHS ASHFORD CCG,58.0
pre_pandemic,2020-02-01,09D,NHS BRIGHTON AND HOVE CCG,40.0
pre_pandemic,2020-02-01,09E,NHS CANTERBURY AND COASTAL CCG,49.0
pre_pandemic,2020-02-01,09F,"NHS EASTBOURNE, HAILSHAM AND SEAFORD CCG",55.0
pre_pandemic,2020-02-01,09G,NHS COASTAL WEST SUSSEX CCG,57.0
pre_pandemic,2020-02-01,09H,NHS CRAWLEY CCG,51.0
pre_pandemic,2020-02-01,09J,"NHS DARTFORD, GRAVESHAM AND SWANLEY CCG",53.0
pre_pandemic,2020-02-01,09L,NHS EAST SURREY CCG,53.0
pre_pandemic,2020-02-01,09N,NHS GUILDFORD AND WAVERLEY CCG,46.0
pre_pandemic,2020-02-01,09P,NHS HASTINGS AND ROTHER CCG,36.0
pre_pandemic,2020-02-01,09W,NHS MEDWAY CCG,58.0
pre_pandemic,2020-02-01,09X,NHS HORSHAM AND MID SUSSEX CCG,53.0
pre_pandemic,2020-02-01,09Y,NHS NORTH WEST SURREY CCG,53.0
pre_pandemic,2020-02-01,10A,NHS SOUTH KENT COAST CCG,58.0
pre_pandemic,2020-02-01,10C,NHS SURREY HEATH CCG,55.0
pre_pandemic,2020-02-01,10D,NHS SWALE CCG,59.0
pre_pandemic,2020-02-01,10E,NHS THANET CCG,45.0
pre_pandemic,2020-02-01,10J,NHS NORTH HAMPSHIRE CCG,46.0
pre_pandemic,2020-02-01,10K,NHS FAREHAM AND GOSPORT CCG,41.0
pre_pandemic,2020-02-01,10L,NHS ISLE OF WIGHT CCG,45.0
pre_pandemic,2020-02-01,10Q,NHS OXFORDSHIRE CCG,45.0
pre_pandemic,2020-02-01,10R,NHS PORTSMOUTH CCG,58.0
pre_pandemic,2020-02-01,10V,NHS SOUTH EASTERN HAMPSHIRE CCG,61.0
pre_pandemic,2020-02-01,10X,NHS SOUTHAMPTON CCG,52.0
pre_pandemic,2020-02-01,11A,NHS WEST HAMPSHIRE CCG,55.0
pre_pandemic,2020-02-01,11E,NHS BATH AND NORTH EAST SOMERSET CCG,53.0
pre_pandemic,2020-02-01,11J,NHS DORSET CCG,51.0
pre_pandemic,2020-02-01,11M,NHS GLOUCESTERSHIRE CCG,52.0
pre_pandemic,2020-02-01,11N,NHS KERNOW CCG,48.0
pre_pandemic,2020-02-01,11X,NHS SOMERSET CCG,62.0
pre_pandemic,2020-02-01,12D,NHS SWINDON CCG,50.0
pre_pandemic,2020-02-01,12F,NHS WIRRAL CCG,35.0
pre_pandemic,2020-02-01,13Q,NATIONAL COMMISSIONING HUB 1,43.0
pre_pandemic,2020-02-01,13T,NHS NEWCASTLE GATESHEAD CCG,50.0
pre_pandemic,2020-02-01,14A,NORTH MIDLANDS COMMISSIONING HUB,-0.0
pre_pandemic,2020-02-01,14E,EAST OF ENGLAND COMMISSIONING HUB,63.0
pre_pandemic,2020-02-01,14L,NHS MANCHESTER CCG,46.0
pre_pandemic,2020-02-01,14Y,NHS BUCKINGHAMSHIRE CCG,58.0
pre_pandemic,2020-02-01,15A,NHS BERKSHIRE WEST CCG,53.0
pre_pandemic,2020-02-01,15C,"NHS BRISTOL, NORTH SOMERSET AND SOUTH GLOUCESTERSHIRE CCG",38.0
pre_pandemic,2020-02-01,15D,NHS EAST BERKSHIRE CCG,55.0
pre_pandemic,2020-02-01,15E,NHS BIRMINGHAM AND SOLIHULL CCG,54.0
pre_pandemic,2020-02-01,15F,NHS LEEDS CCG,47.0
pre_pandemic,2020-02-01,15M,NHS DERBY AND DERBYSHIRE CCG,56.0
pre_pandemic,2020-02-01,15N,NHS DEVON CCG,47.0
pre_pandemic,2020-02-01,99A,NHS LIVERPOOL CCG,43.0
pre_pandemic,2020-02-01,99C,NHS NORTH TYNESIDE CCG,32.0
pre_pandemic,2020-02-01,99D,NHS SOUTH LINCOLNSHIRE CCG,57.0
pre_pandemic,2020-02-01,99E,NHS BASILDON AND BRENTWOOD CCG,50.0
pre_pandemic,2020-02-01,99F,NHS CASTLE POINT AND ROCHFORD CCG,61.0
pre_pandemic,2020-02-01,99G,NHS SOUTHEND CCG,59.0
pre_pandemic,2020-02-01,99H,NHS SURREY DOWNS CCG,51.0
pre_pandemic,2020-02-01,99J,NHS WEST KENT CCG,48.0
pre_pandemic,2020-02-01,99K,NHS HIGH WEALD LEWES HAVENS CCG,55.0
pre_pandemic,2020-02-01,99M,NHS NORTH EAST HAMPSHIRE AND FARNHAM CCG,52.0
pre_pandemic,2020-02-01,99N,NHS WILTSHIRE CCG,49.0
pre_pandemic,2020-02-01,99P,"NHS NORTHERN, EASTERN AND WESTERN DEVON CCG",-0.0
pre_pandemic,2020-02-01,99Q,NHS SOUTH DEVON AND TORBAY CCG,-0.0
pandemic,2020-03-01,00C,NHS DARLINGTON CCG,43.0
pandemic,2020-03-01,00D,"NHS DURHAM DALES, EASINGTON AND SEDGEFIELD CCG",47.0
pandemic,2020-03-01,00J,NHS NORTH DURHAM CCG,46.0
pandemic,2020-03-01,00K,NHS HARTLEPOOL AND STOCKTON-ON-TEES CCG,30.0
pandemic,2020-03-01,00L,NHS NORTHUMBERLAND CCG,49.0
pandemic,2020-03-01,00M,NHS SOUTH TEES CCG,40.0
pandemic,2020-03-01,00N,NHS SOUTH TYNESIDE CCG,51.0
pandemic,2020-03-01,00P,NHS SUNDERLAND CCG,51.0
pandemic,2020-03-01,00Q,NHS BLACKBURN WITH DARWEN CCG,47.0
pandemic,2020-03-01,00R,NHS BLACKPOOL CCG,50.0
pandemic,2020-03-01,00T,NHS BOLTON CCG,48.0
pandemic,2020-03-01,00V,NHS BURY CCG,48.0
pandemic,2020-03-01,00X,NHS CHORLEY AND SOUTH RIBBLE CCG,45.0
pandemic,2020-03-01,00Y,NHS OLDHAM CCG,51.0
pandemic,2020-03-01,01A,NHS EAST LANCASHIRE CCG,50.0
pandemic,2020-03-01,01C,NHS EASTERN CHESHIRE CCG,41.0
pandemic,2020-03-01,01D,"NHS HEYWOOD, MIDDLETON AND ROCHDALE CCG",52.0
pandemic,2020-03-01,01E,NHS GREATER PRESTON CCG,44.0
pandemic,2020-03-01,01F,NHS HALTON CCG,53.0
pandemic,2020-03-01,01G,NHS SALFORD CCG,42.0
pandemic,2020-03-01,01H,NHS NORTH CUMBRIA CCG,51.0
pandemic,2020-03-01,01J,NHS KNOWSLEY CCG,52.0
pandemic,2020-03-01,01K,NHS MORECAMBE BAY CCG,51.0
pandemic,2020-03-01,01R,NHS SOUTH CHESHIRE CCG,61.0
pandemic,2020-03-01,01T,NHS SOUTH SEFTON CCG,48.0
pandemic,2020-03-01,01V,NHS SOUTHPORT AND FORMBY CCG,43.0
pandemic,2020-03-01,01W,NHS STOCKPORT CCG,52.0
pandemic,2020-03-01,01X,NHS ST HELENS CCG,36.0
pandemic,2020-03-01,01Y,NHS TAMESIDE AND GLOSSOP CCG,52.0
pandemic,2020-03-01,02A,NHS TRAFFORD CCG,66.0
pandemic,2020-03-01,02D,NHS VALE ROYAL CCG,63.0
pandemic,2020-03-01,02E,NHS WARRINGTON CCG,52.0
pandemic,2020-03-01,02F,NHS WEST CHESHIRE CCG,45.0
pandemic,2020-03-01,02G,NHS WEST LANCASHIRE CCG,40.0
pandemic,2020-03-01,02H,NHS WIGAN BOROUGH CCG,43.0
pandemic,2020-03-01,02M,NHS FYLDE AND WYRE CCG,55.0
pandemic,2020-03-01,02N,"NHS AIREDALE, WHARFEDALE AND CRAVEN CCG",46.0
pandemic,2020-03-01,02P,NHS BARNSLEY CCG,56.0
pandemic,2020-03-01,02Q,NHS BASSETLAW CCG,61.0
pandemic,2020-03-01,02R,NHS BRADFORD DISTRICTS CCG,45.0
pandemic,2020-03-01,02T,NHS CALDERDALE CCG,55.0
pandemic,2020-03-01,02W,NHS BRADFORD CITY CCG,42.0
pandemic,2020-03-01,02X,NHS DONCASTER CCG,49.0
pandemic,2020-03-01,02Y,NHS EAST RIDING OF YORKSHIRE CCG,56.0
pandemic,2020-03-01,03A,NHS GREATER HUDDERSFIELD CCG,51.0
pandemic,2020-03-01,03D,"NHS HAMBLETON, RICHMONDSHIRE AND WHITBY CCG",51.0
pandemic,2020-03-01,03E,NHS HARROGATE AND RURAL DISTRICT CCG,49.0
pandemic,2020-03-01,03F,NHS HULL CCG,57.0
pandemic,2020-03-01,03H,NHS NORTH EAST LINCOLNSHIRE CCG,49.0
pandemic,2020-03-01,03J,NHS NORTH KIRKLEES CCG,56.0
pandemic,2020-03-01,03K,NHS NORTH LINCOLNSHIRE CCG,36.0
pandemic,2020-03-01,03L,NHS ROTHERHAM CCG,58.0
pandemic,2020-03-01,03M,NHS SCARBOROUGH AND RYEDALE CCG,54.0
pandemic,2020-03-01,03N,NHS SHEFFIELD CCG,47.0
pandemic,2020-03-01,03Q,NHS VALE OF YORK CCG,51.0
pandemic,2020-03-01,03R,NHS WAKEFIELD CCG,49.0
pandemic,2020-03-01,03T,NHS LINCOLNSHIRE EAST CCG,50.0
pandemic,2020-03-01,03V,NHS CORBY CCG,53.0
pandemic,2020-03-01,03W,NHS EAST LEICESTERSHIRE AND RUTLAND CCG,57.0
pandemic,2020-03-01,04C,NHS LEICESTER CITY CCG,45.0
pandemic,2020-03-01,04D,NHS LINCOLNSHIRE WEST CCG,51.0
pandemic,2020-03-01,04E,NHS MANSFIELD AND ASHFIELD CCG,53.0
pandemic,2020-03-01,04F,NHS MILTON KEYNES CCG,65.0
pandemic,2020-03-01,04G,NHS NENE CCG,51.0
pandemic,2020-03-01,04H,NHS NEWARK AND SHERWOOD CCG,47.0
pandemic,2020-03-01,04K,NHS NOTTINGHAM CITY CCG,48.0
pandemic,2020-03-01,04L,NHS NOTTINGHAM NORTH AND EAST CCG,58.0
pandemic,2020-03-01,04M,NHS NOTTINGHAM WEST CCG,58.0
pandemic,2020-03-01,04N,NHS RUSHCLIFFE CCG,59.0
pandemic,2020-03-01,04Q,NHS SOUTH WEST LINCOLNSHIRE CCG,52.0
pandemic,2020-03-01,04V,NHS WEST LEICESTERSHIRE CCG,51.0
pandemic,2020-03-01,04Y,NHS CANNOCK CHASE CCG,34.0
pandemic,2020-03-01,05A,NHS COVENTRY AND RUGBY CCG,50.0
pandemic,2020-03-01,05C,NHS DUDLEY CCG,38.0
pandemic,2020-03-01,05D,NHS EAST STAFFORDSHIRE CCG,59.0
pandemic,2020-03-01,05F,NHS HEREFORDSHIRE CCG,52.0
pandemic,2020-03-01,05G,NHS NORTH STAFFORDSHIRE CCG,48.0
pandemic,2020-03-01,05H,NHS WARWICKSHIRE NORTH CCG,51.0
pandemic,2020-03-01,05J,NHS REDDITCH AND BROMSGROVE CCG,57.0
pandemic,2020-03-01,05L,NHS SANDWELL AND WEST BIRMINGHAM CCG,54.0
pandemic,2020-03-01,05N,NHS SHROPSHIRE CCG,50.0
pandemic,2020-03-01,05Q,NHS SOUTH EAST STAFFORDSHIRE AND SEISDON PENINSULA CCG,53.0
pandemic,2020-03-01,05R,NHS SOUTH WARWICKSHIRE CCG,45.0
pandemic,2020-03-01,05T,NHS SOUTH WORCESTERSHIRE CCG,55.0
pandemic,2020-03-01,05V,NHS STAFFORD AND SURROUNDS CCG,29.0
pandemic,2020-03-01,05W,NHS STOKE ON TRENT CCG,58.0
pandemic,2020-03-01,05X,NHS TELFORD AND WREKIN CCG,43.0
pandemic,2020-03-01,05Y,NHS WALSALL CCG,47.0
pandemic,2020-03-01,06A,NHS WOLVERHAMPTON CCG,47.0
pandemic,2020-03-01,06D,NHS WYRE FOREST CCG,40.0
pandemic,2020-03-01,06F,NHS BEDFORDSHIRE CCG,51.0
pandemic,2020-03-01,06H,NHS CAMBRIDGESHIRE AND PETERBOROUGH CCG,45.0
pandemic,2020-03-01,06K,NHS EAST AND NORTH HERTFORDSHIRE CCG,33.0
pandemic,2020-03-01,06L,NHS IPSWICH AND EAST SUFFOLK CCG,52.0
pandemic,2020-03-01,06M,NHS GREAT YARMOUTH AND WAVENEY CCG,53.0
pandemic,2020-03-01,06N,NHS HERTS VALLEYS CCG,36.0
pandemic,2020-03-01,06P,NHS LUTON CCG,51.0
pandemic,2020-03-01,06Q,NHS MID ESSEX CCG,47.0
pandemic,2020-03-01,06T,NHS NORTH EAST ESSEX CCG,44.0
pandemic,2020-03-01,06V,NHS NORTH NORFOLK CCG,62.0
pandemic,2020-03-01,06W,NHS NORWICH CCG,47.0
pandemic,2020-03-01,06Y,NHS SOUTH NORFOLK CCG,59.0
pandemic,2020-03-01,07G,NHS THURROCK CCG,57.0
pandemic,2020-03-01,07H,NHS WEST ESSEX CCG,32.0
pandemic,2020-03-01,07J,NHS WEST NORFOLK CCG,58.0
pandemic,2020-03-01,07K,NHS WEST SUFFOLK CCG,51.0
pandemic,2020-03-01,07L,NHS BARKING AND DAGENHAM CCG,58.0
pandemic,2020-03-01,07M,NHS BARNET CCG,50.0
pandemic,2020-03-01,07N,NHS BEXLEY CCG,45.0
pandemic,2020-03-01,07P,NHS BRENT CCG,43.0
pandemic,2020-03-01,07Q,NHS BROMLEY CCG,51.0
pandemic,2020-03-01,07R,NHS CAMDEN CCG,53.0
pandemic,2020-03-01,07T,NHS CITY AND HACKNEY CCG,59.0
pandemic,2020-03-01,07V,NHS CROYDON CCG,53.0
pandemic,2020-03-01,07W,NHS EALING CCG,50.0
pandemic,2020-03-01,07X,NHS ENFIELD CCG,49.0
pandemic,2020-03-01,07Y,NHS HOUNSLOW CCG,49.0
pandemic,2020-03-01,08A,NHS GREENWICH CCG,56.0
pandemic,2020-03-01,08C,NHS HAMMERSMITH AND FULHAM CCG,57.0
pandemic,2020-03-01,08D,NHS HARINGEY CCG,55.0
pandemic,2020-03-01,08E,NHS HARROW CCG,52.0
pandemic,2020-03-01,08F,NHS HAVERING CCG,48.0
pandemic,2020-03-01,08G,NHS HILLINGDON CCG,38.0
pandemic,2020-03-01,08H,NHS ISLINGTON CCG,50.0
pandemic,2020-03-01,08J,NHS KINGSTON CCG,58.0
pandemic,2020-03-01,08K,NHS LAMBETH CCG,55.0
pandemic,2020-03-01,08L,NHS LEWISHAM CCG,44.0
pandemic,2020-03-01,08M,NHS NEWHAM CCG,49.0
pandemic,2020-03-01,08N,NHS REDBRIDGE CCG,59.0
pandemic,2020-03-01,08P,NHS RICHMOND CCG,58.0
pandemic,2020-03-01,08Q,NHS SOUTHWARK CCG,53.0
pandemic,2020-03-01,08R,NHS MERTON CCG,46.0
pandemic,2020-03-01,08T,NHS SUTTON CCG,56.0
pandemic,2020-03-01,08V,NHS TOWER HAMLETS CCG,50.0
pandemic,2020-03-01,08W,NHS WALTHAM FOREST CCG,43.0
pandemic,2020-03-01,08X,NHS WANDSWORTH CCG,52.0
pandemic,2020-03-01,08Y,NHS WEST LONDON CCG,35.0
pandemic,2020-03-01,09A,NHS CENTRAL LONDON (WESTMINSTER) CCG,50.0
pandemic,2020-03-01,09C,NHS ASHFORD CCG,53.0
pandemic,2020-03-01,09D,NHS BRIGHTON AND HOVE CCG,39.0
pandemic,2020-03-01,09E,NHS CANTERBURY AND COASTAL CCG,49.0
pandemic,2020-03-01,09F,"NHS EASTBOURNE, HAILSHAM AND SEAFORD CCG",44.0
pandemic,2020-03-01,09G,NHS COASTAL WEST SUSSEX CCG,58.0
pandemic,2020-03-01,09H,NHS CRAWLEY CCG,37.0
pandemic,2020-03-01,09J,"NHS DARTFORD, GRAVESHAM AND SWANLEY CCG",52.0
pandemic,2020-03-01,09L,NHS EAST SURREY CCG,45.0
pandemic,2020-03-01,09N,NHS GUILDFORD AND WAVERLEY CCG,45.0
pandemic,2020-03-01,09P,NHS HASTINGS AND ROTHER CCG,40.0
pandemic,2020-03-01,09W,NHS MEDWAY CCG,54.0
pandemic,2020-03-01,09X,NHS HORSHAM AND MID SUSSEX CCG,55.0
pandemic,2020-03-01,09Y,NHS NORTH WEST SURREY CCG,51.0
pandemic,2020-03-01,10A,NHS SOUTH KENT COAST CCG,61.0
pandemic,2020-03-01,10C,NHS SURREY HEATH CCG,50.0
pandemic,2020-03-01,10D,NHS SWALE CCG,44.0
pandemic,2020-03-01,10E,NHS THANET CCG,49.0
pandemic,2020-03-01,10J,NHS NORTH HAMPSHIRE CCG,56.0
pandemic,2020-03-01,10K,NHS FAREHAM AND GOSPORT CCG,57.0
pandemic,2020-03-01,10L,NHS ISLE OF WIGHT CCG,47.0
pandemic,2020-03-01,10Q,NHS OXFORDSHIRE CCG,52.0
pandemic,2020-03-01,10R,NHS PORTSMOUTH CCG,53.0
pandemic,2020-03-01,10V,NHS SOUTH EASTERN HAMPSHIRE CCG,50.0
pandemic,2020-03-01,10X,NHS SOUTHAMPTON CCG,47.0
pandemic,2020-03-01,11A,NHS WEST HAMPSHIRE CCG,56.0
pandemic,2020-03-01,11E,NHS BATH AND NORTH EAST SOMERSET CCG,52.0
pandemic,2020-03-01,11J,NHS DORSET CCG,43.0
pandemic,2020-03-01,11M,NHS GLOUCESTERSHIRE CCG,43.0
pandemic,2020-03-01,11N,NHS KERNOW CCG,42.0
pandemic,2020-03-01,11X,NHS SOMERSET CCG,53.0
pandemic,2020-03-01,12D,NHS SWINDON CCG,33.0
pandemic,2020-03-01,12F,NHS WIRRAL CCG,31.0
pandemic,2020-03-01,13Q,NATIONAL COMMISSIONING HUB 1,50.0
pandemic,2020-03-01,13T,NHS NEWCASTLE GATESHEAD CCG,47.0
pandemic,2020-03-01,14E,EAST OF ENGLAND COMMISSIONING HUB,41.0
pandemic,2020-03-01,14L,NHS MANCHESTER CCG,44.0
pandemic,2020-03-01,14Y,NHS BUCKINGHAMSHIRE CCG,54.0
pandemic,2020-03-01,15A,NHS BERKSHIRE WEST CCG,53.0
pandemic,2020-03-01,15C,"NHS BRISTOL, NORTH SOMERSET AND SOUTH GLOUCESTERSHIRE CCG",43.0
pandemic,2020-03-01,15D,NHS EAST BERKSHIRE CCG,53.0
pandemic,2020-03-01,15E,NHS BIRMINGHAM AND SOLIHULL CCG,50.0
pandemic,2020-03-01,15F,NHS LEEDS CCG,50.0
pandemic,2020-03-01,15M,NHS DERBY AND DERBYSHIRE CCG,53.0
pandemic,2020-03-01,15N,NHS DEVON CCG,39.0
pandemic,2020-03-01,99A,NHS LIVERPOOL CCG,43.0
pandemic,2020-03-01,99C,NHS NORTH TYNESIDE CCG,39.0
pandemic,2020-03-01,99D,NHS SOUTH LINCOLNSHIRE CCG,48.0
pandemic,2020-03-01,99E,NHS BASILDON AND BRENTWOOD CCG,39.0
pandemic,2020-03-01,99F,NHS CASTLE POINT AND ROCHFORD CCG,55.0
pandemic,2020-03-01,99G,NHS SOUTHEND CCG,53.0
pandemic,2020-03-01,99H,NHS SURREY DOWNS CCG,53.0
pandemic,2020-03-01,99J,NHS WEST KENT CCG,45.0
pandemic,2020-03-01,99K,NHS HIGH WEALD LEWES HAVENS CCG,42.0
pandemic,2020-03-01,99M,NHS NORTH EAST HAMPSHIRE AND FARNHAM CCG,42.0
pandemic,2020-03-01,99N,NHS WILTSHIRE CCG,49.0
pandemic,2020-04-01,00L,NHS NORTHUMBERLAND CCG,50.0
pandemic,2020-04-01,00N,NHS SOUTH TYNESIDE CCG,48.0
pandemic,2020-04-01,00P,NHS SUNDERLAND CCG,54.0
pandemic,2020-04-01,00Q,NHS BLACKBURN WITH DARWEN CCG,48.0
pandemic,2020-04-01,00R,NHS BLACKPOOL CCG,56.0
pandemic,2020-04-01,00T,NHS BOLTON CCG,44.0
pandemic,2020-04-01,00V,NHS BURY CCG,46.0
pandemic,2020-04-01,00X,NHS CHORLEY AND SOUTH RIBBLE CCG,48.0
pandemic,2020-04-01,00Y,NHS OLDHAM CCG,55.0
pandemic,2020-04-01,01A,NHS EAST LANCASHIRE CCG,48.0
pandemic,2020-04-01,01D,"NHS HEYWOOD, MIDDLETON AND ROCHDALE CCG",53.0
pandemic,2020-04-01,01E,NHS GREATER PRESTON CCG,48.0
pandemic,2020-04-01,01F,NHS HALTON CCG,47.0
pandemic,2020-04-01,01G,NHS SALFORD CCG,39.0
pandemic,2020-04-01,01H,NHS NORTH CUMBRIA CCG,51.0
pandemic,2020-04-01,01J,NHS KNOWSLEY CCG,52.0
pandemic,2020-04-01,01K,NHS MORECAMBE BAY CCG,49.0
pandemic,2020-04-01,01T,NHS SOUTH SEFTON CCG,43.0
pandemic,2020-04-01,01V,NHS SOUTHPORT AND FORMBY CCG,43.0
pandemic,2020-04-01,01W,NHS STOCKPORT CCG,53.0
pandemic,2020-04-01,01X,NHS ST HELENS CCG,31.0
pandemic,2020-04-01,01Y,NHS TAMESIDE AND GLOSSOP CCG,51.0
pandemic,2020-04-01,02A,NHS TRAFFORD CCG,57.0
pandemic,2020-04-01,02E,NHS WARRINGTON CCG,41.0
pandemic,2020-04-01,02G,NHS WEST LANCASHIRE CCG,47.0
pandemic,2020-04-01,02H,NHS WIGAN BOROUGH CCG,37.0
pandemic,2020-04-01,02M,NHS FYLDE AND WYRE CCG,48.0
pandemic,2020-04-01,02P,NHS BARNSLEY CCG,51.0
pandemic,2020-04-01,02Q,NHS BASSETLAW CCG,49.0
pandemic,2020-04-01,02T,NHS CALDERDALE CCG,50.0
pandemic,2020-04-01,02X,NHS DONCASTER CCG,42.0
pandemic,2020-04-01,02Y,NHS EAST RIDING OF YORKSHIRE CCG,45.0
pandemic,2020-04-01,03A,NHS GREATER HUDDERSFIELD CCG,45.0
pandemic,2020-04-01,03F,NHS HULL CCG,48.0
pandemic,2020-04-01,03H,NHS NORTH EAST LINCOLNSHIRE CCG,47.0
pandemic,2020-04-01,03J,NHS NORTH KIRKLEES CCG,60.0
pandemic,2020-04-01,03K,NHS NORTH LINCOLNSHIRE CCG,28.0
pandemic,2020-04-01,03L,NHS ROTHERHAM CCG,57.0
pandemic,2020-04-01,03N,NHS SHEFFIELD CCG,33.0
pandemic,2020-04-01,03Q,NHS VALE OF YORK CCG,48.0
pandemic,2020-04-01,03R,NHS WAKEFIELD CCG,52.0
pandemic,2020-04-01,03W,NHS EAST LEICESTERSHIRE AND RUTLAND CCG,53.0
pandemic,2020-04-01,04C,NHS LEICESTER CITY CCG,50.0
pandemic,2020-04-01,04F,NHS MILTON KEYNES CCG,49.0
pandemic,2020-04-01,04V,NHS WEST LEICESTERSHIRE CCG,48.0
pandemic,2020-04-01,05A,NHS COVENTRY AND RUGBY CCG,58.0
pandemic,2020-04-01,05C,NHS DUDLEY CCG,48.0
pandemic,2020-04-01,05D,NHS EAST STAFFORDSHIRE CCG,54.0
pandemic,2020-04-01,05G,NHS NORTH STAFFORDSHIRE CCG,50.0
pandemic,2020-04-01,05H,NHS WARWICKSHIRE NORTH CCG,58.0
pandemic,2020-04-01,05L,NHS SANDWELL AND WEST BIRMINGHAM CCG,60.0
pandemic,2020-04-01,05N,NHS SHROPSHIRE CCG,39.0
pandemic,2020-04-01,05Q,NHS SOUTH EAST STAFFORDSHIRE AND SEISDON PENINSULA CCG,58.0
pandemic,2020-04-01,05R,NHS SOUTH WARWICKSHIRE CCG,44.0
pandemic,2020-04-01,05W,NHS STOKE ON TRENT CCG,64.0
pandemic,2020-04-01,05X,NHS TELFORD AND WREKIN CCG,37.0
pandemic,2020-04-01,05Y,NHS WALSALL CCG,31.0
pandemic,2020-04-01,06A,NHS WOLVERHAMPTON CCG,47.0
pandemic,2020-04-01,06F,NHS BEDFORDSHIRE CCG,50.0
pandemic,2020-04-01,06H,NHS CAMBRIDGESHIRE AND PETERBOROUGH CCG,46.0
pandemic,2020-04-01,06K,NHS EAST AND NORTH HERTFORDSHIRE CCG,31.0
pandemic,2020-04-01,06L,NHS IPSWICH AND EAST SUFFOLK CCG,51.0
pandemic,2020-04-01,06N,NHS HERTS VALLEYS CCG,31.0
pandemic,2020-04-01,06P,NHS LUTON CCG,56.0
pandemic,2020-04-01,06Q,NHS MID ESSEX CCG,40.0
pandemic,2020-04-01,06T,NHS NORTH EAST ESSEX CCG,43.0
pandemic,2020-04-01,07G,NHS THURROCK CCG,62.0
pandemic,2020-04-01,07H,NHS WEST ESSEX CCG,39.0
pandemic,2020-04-01,07K,NHS WEST SUFFOLK CCG,43.0
pandemic,2020-04-01,07L,NHS BARKING AND DAGENHAM CCG,46.0
pandemic,2020-04-01,07P,NHS BRENT CCG,33.0
pandemic,2020-04-01,07T,NHS CITY AND HACKNEY CCG,58.0
pandemic,2020-04-01,07W,NHS EALING CCG,48.0
pandemic,2020-04-01,07Y,NHS HOUNSLOW CCG,48.0
pandemic,2020-04-01,08C,NHS HAMMERSMITH AND FULHAM CCG,48.0
pandemic,2020-04-01,08E,NHS HARROW CCG,42.0
pandemic,2020-04-01,08F,NHS HAVERING CCG,49.0
pandemic,2020-04-01,08G,NHS HILLINGDON CCG,32.0
pandemic,2020-04-01,08M,NHS NEWHAM CCG,50.0
pandemic,2020-04-01,08N,NHS REDBRIDGE CCG,41.0
pandemic,2020-04-01,08V,NHS TOWER HAMLETS CCG,51.0
pandemic,2020-04-01,08W,NHS WALTHAM FOREST CCG,49.0
pandemic,2020-04-01,08Y,NHS WEST LONDON CCG,29.0
pandemic,2020-04-01,09A,NHS CENTRAL LONDON (WESTMINSTER) CCG,32.0
pandemic,2020-04-01,09D,NHS BRIGHTON AND HOVE CCG,34.0
pandemic,2020-04-01,10C,NHS SURREY HEATH CCG,49.0
pandemic,2020-04-01,10J,NHS NORTH HAMPSHIRE CCG,55.0
pandemic,2020-04-01,10K,NHS FAREHAM AND GOSPORT CCG,47.0
pandemic,2020-04-01,10L,NHS ISLE OF WIGHT CCG,44.0
pandemic,2020-04-01,10Q,NHS OXFORDSHIRE CCG,45.0
pandemic,2020-04-01,10R,NHS PORTSMOUTH CCG,54.0
pandemic,2020-04-01,10V,NHS SOUTH EASTERN HAMPSHIRE CCG,61.0
pandemic,2020-04-01,10X,NHS SOUTHAMPTON CCG,39.0
pandemic,2020-04-01,11A,NHS WEST HAMPSHIRE CCG,51.0
pandemic,2020-04-01,11J,NHS DORSET CCG,36.0
pandemic,2020-04-01,11M,NHS GLOUCESTERSHIRE CCG,37.0
pandemic,2020-04-01,11N,NHS KERNOW CCG,39.0
pandemic,2020-04-01,11X,NHS SOMERSET CCG,51.0
pandemic,2020-04-01,12F,NHS WIRRAL CCG,27.0
pandemic,2020-04-01,13Q,NATIONAL COMMISSIONING HUB 1,65.0
pandemic,2020-04-01,13T,NHS NEWCASTLE GATESHEAD CCG,42.0
pandemic,2020-04-01,14L,NHS MANCHESTER CCG,44.0
pandemic,2020-04-01,14Y,NHS BUCKINGHAMSHIRE CCG,57.0
pandemic,2020-04-01,15A,NHS BERKSHIRE WEST CCG,53.0
pandemic,2020-04-01,15C,"NHS BRISTOL, NORTH SOMERSET AND SOUTH GLOUCESTERSHIRE CCG",41.0
pandemic,2020-04-01,15D,NHS EAST BERKSHIRE CCG,49.0
pandemic,2020-04-01,15E,NHS BIRMINGHAM AND SOLIHULL CCG,47.0
pandemic,2020-04-01,15F,NHS LEEDS CCG,47.0
pandemic,2020-04-01,15M,NHS DERBY AND DERBYSHIRE CCG,56.0
pandemic,2020-04-01,15N,NHS DEVON CCG,50.0
pandemic,2020-04-01,16C,NHS TEES VALLEY CCG,44.0
pandemic,2020-04-01,18C,NHS HEREFORDSHIRE AND WORCESTERSHIRE CCG,53.0
pandemic,2020-04-01,26A,NHS NORFOLK AND WAVENEY CCG,51.0
pandemic,2020-04-01,27D,NHS CHESHIRE CCG,45.0
pandemic,2020-04-01,36J,NHS BRADFORD DISTRICT AND CRAVEN CCG,56.0
pandemic,2020-04-01,36L,NHS SOUTH WEST LONDON CCG,51.0
pandemic,2020-04-01,42D,NHS NORTH YORKSHIRE CCG,50.0
pandemic,2020-04-01,52R,NHS NOTTINGHAM AND NOTTINGHAMSHIRE CCG,52.0
pandemic,2020-04-01,70F,NHS WEST SUSSEX CCG,55.0
pandemic,2020-04-01,71E,NHS LINCOLNSHIRE CCG,47.0
pandemic,2020-04-01,72Q,NHS SOUTH EAST LONDON CCG,49.0
pandemic,2020-04-01,78H,NHS NORTHAMPTONSHIRE CCG,52.0
pandemic,2020-04-01,84H,NHS COUNTY DURHAM CCG,44.0
pandemic,2020-04-01,91Q,NHS KENT AND MEDWAY CCG,50.0
pandemic,2020-04-01,92A,NHS SURREY HEARTLANDS CCG,50.0
pandemic,2020-04-01,92G,"NHS BATH AND NORTH EAST SOMERSET, SWINDON AND WILTSHIRE CCG",42.0
pandemic,2020-04-01,93C,NHS NORTH CENTRAL LONDON CCG,47.0
pandemic,2020-04-01,97R,NHS EAST SUSSEX CCG,29.0
pandemic,2020-04-01,99A,NHS LIVERPOOL CCG,33.0
pandemic,2020-04-01,99C,NHS NORTH TYNESIDE CCG,48.0
pandemic,2020-04-01,99E,NHS BASILDON AND BRENTWOOD CCG,50.0
pandemic,2020-04-01,99F,NHS CASTLE POINT AND ROCHFORD CCG,42.0
pandemic,2020-04-01,99G,NHS SOUTHEND CCG,42.0
pandemic,2020-04-01,99M,NHS NORTH EAST HAMPSHIRE AND FARNHAM CCG,51.0
pandemic,2020-05-01,00L,NHS NORTHUMBERLAND CCG,52.0
pandemic,2020-05-01,00N,NHS SOUTH TYNESIDE CCG,59.0
pandemic,2020-05-01,00P,NHS SUNDERLAND CCG,55.0
pandemic,2020-05-01,00Q,NHS BLACKBURN WITH DARWEN CCG,54.0
pandemic,2020-05-01,00R,NHS BLACKPOOL CCG,50.0
pandemic,2020-05-01,00T,NHS BOLTON CCG,47.0
pandemic,2020-05-01,00V,NHS BURY CCG,50.0
pandemic,2020-05-01,00X,NHS CHORLEY AND SOUTH RIBBLE CCG,44.0
pandemic,2020-05-01,00Y,NHS OLDHAM CCG,56.0
pandemic,2020-05-01,01A,NHS EAST LANCASHIRE CCG,58.0
pandemic,2020-05-01,01D,"NHS HEYWOOD, MIDDLETON AND ROCHDALE CCG",56.0
pandemic,2020-05-01,01E,NHS GREATER PRESTON CCG,49.0
pandemic,2020-05-01,01F,NHS HALTON CCG,50.0
pandemic,2020-05-01,01G,NHS SALFORD CCG,43.0
pandemic,2020-05-01,01H,NHS NORTH CUMBRIA CCG,50.0
pandemic,2020-05-01,01J,NHS KNOWSLEY CCG,51.0
pandemic,2020-05-01,01K,NHS MORECAMBE BAY CCG,53.0
pandemic,2020-05-01,01T,NHS SOUTH SEFTON CCG,38.0
pandemic,2020-05-01,01V,NHS SOUTHPORT AND FORMBY CCG,55.0
pandemic,2020-05-01,01W,NHS STOCKPORT CCG,47.0
pandemic,2020-05-01,01X,NHS ST HELENS CCG,36.0
pandemic,2020-05-01,01Y,NHS TAMESIDE AND GLOSSOP CCG,56.0
pandemic,2020-05-01,02A,NHS TRAFFORD CCG,55.0
pandemic,2020-05-01,02E,NHS WARRINGTON CCG,42.0
pandemic,2020-05-01,02G,NHS WEST LANCASHIRE CCG,61.0
pandemic,2020-05-01,02H,NHS WIGAN BOROUGH CCG,50.0
pandemic,2020-05-01,02M,NHS FYLDE AND WYRE CCG,54.0
pandemic,2020-05-01,02P,NHS BARNSLEY CCG,52.0
pandemic,2020-05-01,02Q,NHS BASSETLAW CCG,63.0
pandemic,2020-05-01,02T,NHS CALDERDALE CCG,43.0
pandemic,2020-05-01,02X,NHS DONCASTER CCG,41.0
pandemic,2020-05-01,02Y,NHS EAST RIDING OF YORKSHIRE CCG,59.0
pandemic,2020-05-01,03A,NHS GREATER HUDDERSFIELD CCG,52.0
pandemic,2020-05-01,03F,NHS HULL CCG,57.0
pandemic,2020-05-01,03H,NHS NORTH EAST LINCOLNSHIRE CCG,48.0
pandemic,2020-05-01,03J,NHS NORTH KIRKLEES CCG,40.0
pandemic,2020-05-01,03K,NHS NORTH LINCOLNSHIRE CCG,43.0
pandemic,2020-05-01,03L,NHS ROTHERHAM CCG,57.0
pandemic,2020-05-01,03Q,NHS VALE OF YORK CCG,44.0
pandemic,2020-05-01,03R,NHS WAKEFIELD CCG,50.0
pandemic,2020-05-01,03W,NHS EAST LEICESTERSHIRE AND RUTLAND CCG,59.0
pandemic,2020-05-01,04C,NHS LEICESTER CITY CCG,49.0
pandemic,2020-05-01,04F,NHS MILTON KEYNES CCG,51.0
pandemic,2020-05-01,04V,NHS WEST LEICESTERSHIRE CCG,53.0
pandemic,2020-05-01,05A,NHS COVENTRY AND RUGBY CCG,53.0
pandemic,2020-05-01,05C,NHS DUDLEY CCG,39.0
pandemic,2020-05-01,05D,NHS EAST STAFFORDSHIRE CCG,49.0
pandemic,2020-05-01,05G,NHS NORTH STAFFORDSHIRE CCG,52.0
pandemic,2020-05-01,05H,NHS WARWICKSHIRE NORTH CCG,63.0
pandemic,2020-05-01,05L,NHS SANDWELL AND WEST BIRMINGHAM CCG,53.0
pandemic,2020-05-01,05N,NHS SHROPSHIRE CCG,44.0
pandemic,2020-05-01,05Q,NHS SOUTH EAST STAFFORDSHIRE AND SEISDON PENINSULA CCG,53.0
pandemic,2020-05-01,05R,NHS SOUTH WARWICKSHIRE CCG,47.0
pandemic,2020-05-01,05W,NHS STOKE ON TRENT CCG,68.0
pandemic,2020-05-01,05X,NHS TELFORD AND WREKIN CCG,53.0
pandemic,2020-05-01,05Y,NHS WALSALL CCG,53.0
pandemic,2020-05-01,06A,NHS WOLVERHAMPTON CCG,47.0
pandemic,2020-05-01,06F,NHS BEDFORDSHIRE CCG,49.0
pandemic,2020-05-01,06H,NHS CAMBRIDGESHIRE AND PETERBOROUGH CCG,49.0
pandemic,2020-05-01,06K,NHS EAST AND NORTH HERTFORDSHIRE CCG,42.0
pandemic,2020-05-01,06L,NHS IPSWICH AND EAST SUFFOLK CCG,50.0
pandemic,2020-05-01,06N,NHS HERTS VALLEYS CCG,40.0
pandemic,2020-05-01,06P,NHS LUTON CCG,52.0
pandemic,2020-05-01,06Q,NHS MID ESSEX CCG,48.0
pandemic,2020-05-01,06T,NHS NORTH EAST ESSEX CCG,49.0
pandemic,2020-05-01,07G,NHS THURROCK CCG,58.0
pandemic,2020-05-01,07H,NHS WEST ESSEX CCG,50.0
pandemic,2020-05-01,07K,NHS WEST SUFFOLK CCG,54.0
pandemic,2020-05-01,07L,NHS BARKING AND DAGENHAM CCG,56.0
pandemic,2020-05-01,07P,NHS BRENT CCG,46.0
pandemic,2020-05-01,07T,NHS CITY AND HACKNEY CCG,63.0
pandemic,2020-05-01,07W,NHS EALING CCG,53.0
pandemic,2020-05-01,07Y,NHS HOUNSLOW CCG,48.0
pandemic,2020-05-01,08C,NHS HAMMERSMITH AND FULHAM CCG,50.0
pandemic,2020-05-01,08E,NHS HARROW CCG,43.0
pandemic,2020-05-01,08F,NHS HAVERING CCG,59.0
pandemic,2020-05-01,08G,NHS HILLINGDON CCG,33.0
pandemic,2020-05-01,08M,NHS NEWHAM CCG,49.0
pandemic,2020-05-01,08N,NHS REDBRIDGE CCG,45.0
pandemic,2020-05-01,08V,NHS TOWER HAMLETS CCG,49.0
pandemic,2020-05-01,08W,NHS WALTHAM FOREST CCG,51.0
pandemic,2020-05-01,08Y,NHS WEST LONDON CCG,38.0
pandemic,2020-05-01,09A,NHS CENTRAL LONDON (WESTMINSTER) CCG,23.0
pandemic,2020-05-01,09D,NHS BRIGHTON AND HOVE CCG,32.0
pandemic,2020-05-01,10C,NHS SURREY HEATH CCG,53.0
pandemic,2020-05-01,10J,NHS NORTH HAMPSHIRE CCG,48.0
pandemic,2020-05-01,10K,NHS FAREHAM AND GOSPORT CCG,41.0
pandemic,2020-05-01,10Q,NHS OXFORDSHIRE CCG,55.0
pandemic,2020-05-01,10R,NHS PORTSMOUTH CCG,55.0
pandemic,2020-05-01,10V,NHS SOUTH EASTERN HAMPSHIRE CCG,63.0
pandemic,2020-05-01,10X,NHS SOUTHAMPTON CCG,43.0
pandemic,2020-05-01,11A,NHS WEST HAMPSHIRE CCG,49.0
pandemic,2020-05-01,11J,NHS DORSET CCG,42.0
pandemic,2020-05-01,11M,NHS GLOUCESTERSHIRE CCG,44.0
pandemic,2020-05-01,11N,NHS KERNOW CCG,41.0
pandemic,2020-05-01,11X,NHS SOMERSET CCG,61.0
pandemic,2020-05-01,12F,NHS WIRRAL CCG,30.0
pandemic,2020-05-01,13Q,NATIONAL COMMISSIONING HUB 1,73.0
pandemic,2020-05-01,13T,NHS NEWCASTLE GATESHEAD CCG,51.0
pandemic,2020-05-01,14L,NHS MANCHESTER CCG,48.0
pandemic,2020-05-01,14R,EAST OF ENGLAND - H&J COMMISSIONING HUB,40.0
pandemic,2020-05-01,14Y,NHS BUCKINGHAMSHIRE CCG,55.0
pandemic,2020-05-01,15A,NHS BERKSHIRE WEST CCG,51.0
pandemic,2020-05-01,15C,"NHS BRISTOL, NORTH SOMERSET AND SOUTH GLOUCESTERSHIRE CCG",50.0
pandemic,2020-05-01,15D,NHS EAST BERKSHIRE CCG,49.0
pandemic,2020-05-01,15E,NHS BIRMINGHAM AND SOLIHULL CCG,48.0
pandemic,2020-05-01,15F,NHS LEEDS CCG,51.0
pandemic,2020-05-01,15M,NHS DERBY AND DERBYSHIRE CCG,59.0
pandemic,2020-05-01,15N,NHS DEVON CCG,46.0
pandemic,2020-05-01,16C,NHS TEES VALLEY CCG,47.0
pandemic,2020-05-01,18C,NHS HEREFORDSHIRE AND WORCESTERSHIRE CCG,54.0
pandemic,2020-05-01,26A,NHS NORFOLK AND WAVENEY CCG,55.0
pandemic,2020-05-01,27D,NHS CHESHIRE CCG,45.0
pandemic,2020-05-01,36J,NHS BRADFORD DISTRICT AND CRAVEN CCG,50.0
pandemic,2020-05-01,36L,NHS SOUTH WEST LONDON CCG,60.0
pandemic,2020-05-01,42D,NHS NORTH YORKSHIRE CCG,56.0
pandemic,2020-05-01,52R,NHS NOTTINGHAM AND NOTTINGHAMSHIRE CCG,56.0
pandemic,2020-05-01,70F,NHS WEST SUSSEX CCG,61.0
pandemic,2020-05-01,71E,NHS LINCOLNSHIRE CCG,54.0
pandemic,2020-05-01,72Q,NHS SOUTH EAST LONDON CCG,53.0
pandemic,2020-05-01,78H,NHS NORTHAMPTONSHIRE CCG,52.0
pandemic,2020-05-01,84H,NHS COUNTY DURHAM CCG,43.0
pandemic,2020-05-01,91Q,NHS KENT AND MEDWAY CCG,54.0
pandemic,2020-05-01,92A,NHS SURREY HEARTLANDS CCG,52.0
pandemic,2020-05-01,92G,"NHS BATH AND NORTH EAST SOMERSET, SWINDON AND WILTSHIRE CCG",47.0
pandemic,2020-05-01,93C,NHS NORTH CENTRAL LONDON CCG,49.0
pandemic,2020-05-01,97R,NHS EAST SUSSEX CCG,34.0
pandemic,2020-05-01,99A,NHS LIVERPOOL CCG,36.0
pandemic,2020-05-01,99C,NHS NORTH TYNESIDE CCG,50.0
pandemic,2020-05-01,99E,NHS BASILDON AND BRENTWOOD CCG,53.0
pandemic,2020-05-01,99F,NHS CASTLE POINT AND ROCHFORD CCG,48.0
pandemic,2020-05-01,99G,NHS SOUTHEND CCG,41.0
pandemic,2020-05-01,99M,NHS NORTH EAST HAMPSHIRE AND FARNHAM CCG,53.0
pandemic,2020-06-01,00L,NHS NORTHUMBERLAND CCG,58.0
pandemic,2020-06-01,00N,NHS SOUTH TYNESIDE CCG,57.0
pandemic,2020-06-01,00P,NHS SUNDERLAND CCG,59.0
pandemic,2020-06-01,00Q,NHS BLACKBURN WITH DARWEN CCG,56.0
pandemic,2020-06-01,00R,NHS BLACKPOOL CCG,54.0
pandemic,2020-06-01,00T,NHS BOLTON CCG,42.0
pandemic,2020-06-01,00V,NHS BURY CCG,48.0
pandemic,2020-06-01,00X,NHS CHORLEY AND SOUTH RIBBLE CCG,51.0
pandemic,2020-06-01,00Y,NHS OLDHAM CCG,47.0
pandemic,2020-06-01,01A,NHS EAST LANCASHIRE CCG,50.0
pandemic,2020-06-01,01D,"NHS HEYWOOD, MIDDLETON AND ROCHDALE CCG",53.0
pandemic,2020-06-01,01E,NHS GREATER PRESTON CCG,50.0
pandemic,2020-06-01,01F,NHS HALTON CCG,50.0
pandemic,2020-06-01,01G,NHS SALFORD CCG,45.0
pandemic,2020-06-01,01H,NHS NORTH CUMBRIA CCG,51.0
pandemic,2020-06-01,01J,NHS KNOWSLEY CCG,50.0
pandemic,2020-06-01,01K,NHS MORECAMBE BAY CCG,61.0
pandemic,2020-06-01,01T,NHS SOUTH SEFTON CCG,48.0
pandemic,2020-06-01,01V,NHS SOUTHPORT AND FORMBY CCG,60.0
pandemic,2020-06-01,01W,NHS STOCKPORT CCG,57.0
pandemic,2020-06-01,01X,NHS ST HELENS CCG,39.0
pandemic,2020-06-01,01Y,NHS TAMESIDE AND GLOSSOP CCG,57.0
pandemic,2020-06-01,02A,NHS TRAFFORD CCG,54.0
pandemic,2020-06-01,02E,NHS WARRINGTON CCG,42.0
pandemic,2020-06-01,02G,NHS WEST LANCASHIRE CCG,56.0
pandemic,2020-06-01,02H,NHS WIGAN BOROUGH CCG,51.0
pandemic,2020-06-01,02M,NHS FYLDE AND WYRE CCG,51.0
pandemic,2020-06-01,02P,NHS BARNSLEY CCG,37.0
pandemic,2020-06-01,02Q,NHS BASSETLAW CCG,68.0
pandemic,2020-06-01,02T,NHS CALDERDALE CCG,50.0
pandemic,2020-06-01,02X,NHS DONCASTER CCG,47.0
pandemic,2020-06-01,02Y,NHS EAST RIDING OF YORKSHIRE CCG,56.0
pandemic,2020-06-01,03A,NHS GREATER HUDDERSFIELD CCG,43.0
pandemic,2020-06-01,03F,NHS HULL CCG,57.0
pandemic,2020-06-01,03H,NHS NORTH EAST LINCOLNSHIRE CCG,53.0
pandemic,2020-06-01,03J,NHS NORTH KIRKLEES CCG,43.0
pandemic,2020-06-01,03K,NHS NORTH LINCOLNSHIRE CCG,48.0
pandemic,2020-06-01,03L,NHS ROTHERHAM CCG,58.0
pandemic,2020-06-01,03N,NHS SHEFFIELD CCG,27.0
pandemic,2020-06-01,03Q,NHS VALE OF YORK CCG,55.0
pandemic,2020-06-01,03R,NHS WAKEFIELD CCG,54.0
pandemic,2020-06-01,03W,NHS EAST LEICESTERSHIRE AND RUTLAND CCG,61.0
pandemic,2020-06-01,04C,NHS LEICESTER CITY CCG,58.0
pandemic,2020-06-01,04F,NHS MILTON KEYNES CCG,45.0
pandemic,2020-06-01,04V,NHS WEST LEICESTERSHIRE CCG,59.0
pandemic,2020-06-01,04Y,NHS CANNOCK CHASE CCG,34.0
pandemic,2020-06-01,05A,NHS COVENTRY AND RUGBY CCG,53.0
pandemic,2020-06-01,05C,NHS DUDLEY CCG,41.0
pandemic,2020-06-01,05D,NHS EAST STAFFORDSHIRE CCG,53.0
pandemic,2020-06-01,05G,NHS NORTH STAFFORDSHIRE CCG,53.0
pandemic,2020-06-01,05H,NHS WARWICKSHIRE NORTH CCG,62.0
pandemic,2020-06-01,05L,NHS SANDWELL AND WEST BIRMINGHAM CCG,51.0
pandemic,2020-06-01,05N,NHS SHROPSHIRE CCG,39.0
pandemic,2020-06-01,05Q,NHS SOUTH EAST STAFFORDSHIRE AND SEISDON PENINSULA CCG,57.0
pandemic,2020-06-01,05R,NHS SOUTH WARWICKSHIRE CCG,61.0
pandemic,2020-06-01,05V,NHS STAFFORD AND SURROUNDS CCG,37.0
pandemic,2020-06-01,05W,NHS STOKE ON TRENT CCG,71.0
pandemic,2020-06-01,05X,NHS TELFORD AND WREKIN CCG,52.0
pandemic,2020-06-01,05Y,NHS WALSALL CCG,49.0
pandemic,2020-06-01,06A,NHS WOLVERHAMPTON CCG,43.0
pandemic,2020-06-01,06F,NHS BEDFORDSHIRE CCG,51.0
pandemic,2020-06-01,06H,NHS CAMBRIDGESHIRE AND PETERBOROUGH CCG,51.0
pandemic,2020-06-01,06K,NHS EAST AND NORTH HERTFORDSHIRE CCG,39.0
pandemic,2020-06-01,06L,NHS IPSWICH AND EAST SUFFOLK CCG,49.0
pandemic,2020-06-01,06N,NHS HERTS VALLEYS CCG,39.0
pandemic,2020-06-01,06P,NHS LUTON CCG,51.0
pandemic,2020-06-01,06Q,NHS MID ESSEX CCG,51.0
pandemic,2020-06-01,06T,NHS NORTH EAST ESSEX CCG,50.0
pandemic,2020-06-01,07G,NHS THURROCK CCG,58.0
pandemic,2020-06-01,07H,NHS WEST ESSEX CCG,47.0
pandemic,2020-06-01,07K,NHS WEST SUFFOLK CCG,51.0
pandemic,2020-06-01,07L,NHS BARKING AND DAGENHAM CCG,52.0
pandemic,2020-06-01,07P,NHS BRENT CCG,50.0
pandemic,2020-06-01,07T,NHS CITY AND HACKNEY CCG,66.0
pandemic,2020-06-01,07W,NHS EALING CCG,57.0
pandemic,2020-06-01,07Y,NHS HOUNSLOW CCG,47.0
pandemic,2020-06-01,08C,NHS HAMMERSMITH AND FULHAM CCG,51.0
pandemic,2020-06-01,08E,NHS HARROW CCG,45.0
pandemic,2020-06-01,08F,NHS HAVERING CCG,59.0
pandemic,2020-06-01,08G,NHS HILLINGDON CCG,43.0
pandemic,2020-06-01,08M,NHS NEWHAM CCG,55.0
pandemic,2020-06-01,08N,NHS REDBRIDGE CCG,51.0
pandemic,2020-06-01,08V,NHS TOWER HAMLETS CCG,51.0
pandemic,2020-06-01,08W,NHS WALTHAM FOREST CCG,63.0
pandemic,2020-06-01,08Y,NHS WEST LONDON CCG,39.0
pandemic,2020-06-01,09A,NHS CENTRAL LONDON (WESTMINSTER) CCG,28.0
pandemic,2020-06-01,09D,NHS BRIGHTON AND HOVE CCG,22.0
pandemic,2020-06-01,10C,NHS SURREY HEATH CCG,63.0
pandemic,2020-06-01,10J,NHS NORTH HAMPSHIRE CCG,54.0
pandemic,2020-06-01,10K,NHS FAREHAM AND GOSPORT CCG,43.0
pandemic,2020-06-01,10L,NHS ISLE OF WIGHT CCG,55.0
pandemic,2020-06-01,10Q,NHS OXFORDSHIRE CCG,54.0
pandemic,2020-06-01,10R,NHS PORTSMOUTH CCG,59.0
pandemic,2020-06-01,10V,NHS SOUTH EASTERN HAMPSHIRE CCG,55.0
pandemic,2020-06-01,10X,NHS SOUTHAMPTON CCG,39.0
pandemic,2020-06-01,11A,NHS WEST HAMPSHIRE CCG,58.0
pandemic,2020-06-01,11J,NHS DORSET CCG,43.0
pandemic,2020-06-01,11M,NHS GLOUCESTERSHIRE CCG,53.0
pandemic,2020-06-01,11N,NHS KERNOW CCG,41.0
pandemic,2020-06-01,11X,NHS SOMERSET CCG,60.0
pandemic,2020-06-01,12F,NHS WIRRAL CCG,37.0
pandemic,2020-06-01,13Q,NATIONAL COMMISSIONING HUB 1,40.0
pandemic,2020-06-01,13T,NHS NEWCASTLE GATESHEAD CCG,56.0
pandemic,2020-06-01,14L,NHS MANCHESTER CCG,52.0
pandemic,2020-06-01,14R,EAST OF ENGLAND - H&J COMMISSIONING HUB,35.0
pandemic,2020-06-01,14Y,NHS BUCKINGHAMSHIRE CCG,58.0
pandemic,2020-06-01,15A,NHS BERKSHIRE WEST CCG,57.0
pandemic,2020-06-01,15C,"NHS BRISTOL, NORTH SOMERSET AND SOUTH GLOUCESTERSHIRE CCG",49.0
pandemic,2020-06-01,15D,NHS EAST BERKSHIRE CCG,51.0
pandemic,2020-06-01,15E,NHS BIRMINGHAM AND SOLIHULL CCG,53.0
pandemic,2020-06-01,15F,NHS LEEDS CCG,51.0
pandemic,2020-06-01,15M,NHS DERBY AND DERBYSHIRE CCG,58.0
pandemic,2020-06-01,15N,NHS DEVON CCG,51.0
pandemic,2020-06-01,16C,NHS TEES VALLEY CCG,48.0
pandemic,2020-06-01,18C,NHS HEREFORDSHIRE AND WORCESTERSHIRE CCG,54.0
pandemic,2020-06-01,26A,NHS NORFOLK AND WAVENEY CCG,57.0
pandemic,2020-06-01,27D,NHS CHESHIRE CCG,52.0
pandemic,2020-06-01,36J,NHS BRADFORD DISTRICT AND CRAVEN CCG,52.0
pandemic,2020-06-01,36L,NHS SOUTH WEST LONDON CCG,60.0
pandemic,2020-06-01,42D,NHS NORTH YORKSHIRE CCG,56.0
pandemic,2020-06-01,52R,NHS NOTTINGHAM AND NOTTINGHAMSHIRE CCG,57.0
pandemic,2020-06-01,70F,NHS WEST SUSSEX CCG,58.0
pandemic,2020-06-01,71E,NHS LINCOLNSHIRE CCG,52.0
pandemic,2020-06-01,72Q,NHS SOUTH EAST LONDON CCG,52.0
pandemic,2020-06-01,78H,NHS NORTHAMPTONSHIRE CCG,55.0
pandemic,2020-06-01,84H,NHS COUNTY DURHAM CCG,47.0
pandemic,2020-06-01,91Q,NHS KENT AND MEDWAY CCG,51.0
pandemic,2020-06-01,92A,NHS SURREY HEARTLANDS CCG,53.0
pandemic,2020-06-01,92G,"NHS BATH AND NORTH EAST SOMERSET, SWINDON AND WILTSHIRE CCG",48.0
pandemic,2020-06-01,93C,NHS NORTH CENTRAL LONDON CCG,49.0
pandemic,2020-06-01,97R,NHS EAST SUSSEX CCG,33.0
pandemic,2020-06-01,99A,NHS LIVERPOOL CCG,50.0
pandemic,2020-06-01,99C,NHS NORTH TYNESIDE CCG,59.0
pandemic,2020-06-01,99E,NHS BASILDON AND BRENTWOOD CCG,52.0
pandemic,2020-06-01,99F,NHS CASTLE POINT AND ROCHFORD CCG,53.0
pandemic,2020-06-01,99G,NHS SOUTHEND CCG,40.0
pandemic,2020-06-01,99M,NHS NORTH EAST HAMPSHIRE AND FARNHAM CCG,56.0
pandemic,2020-07-01,00L,NHS NORTHUMBERLAND CCG,54.0
pandemic,2020-07-01,00N,NHS SOUTH TYNESIDE CCG,58.0
pandemic,2020-07-01,00P,NHS SUNDERLAND CCG,57.0
pandemic,2020-07-01,00Q,NHS BLACKBURN WITH DARWEN CCG,62.0
pandemic,2020-07-01,00R,NHS BLACKPOOL CCG,51.0
pandemic,2020-07-01,00T,NHS BOLTON CCG,47.0
pandemic,2020-07-01,00V,NHS BURY CCG,57.0
pandemic,2020-07-01,00X,NHS CHORLEY AND SOUTH RIBBLE CCG,52.0
pandemic,2020-07-01,00Y,NHS OLDHAM CCG,51.0
pandemic,2020-07-01,01A,NHS EAST LANCASHIRE CCG,51.0
pandemic,2020-07-01,01D,"NHS HEYWOOD, MIDDLETON AND ROCHDALE CCG",54.0
pandemic,2020-07-01,01E,NHS GREATER PRESTON CCG,49.0
pandemic,2020-07-01,01F,NHS HALTON CCG,50.0
pandemic,2020-07-01,01G,NHS SALFORD CCG,48.0
pandemic,2020-07-01,01H,NHS NORTH CUMBRIA CCG,50.0
pandemic,2020-07-01,01J,NHS KNOWSLEY CCG,50.0
pandemic,2020-07-01,01K,NHS MORECAMBE BAY CCG,59.0
pandemic,2020-07-01,01T,NHS SOUTH SEFTON CCG,47.0
pandemic,2020-07-01,01V,NHS SOUTHPORT AND FORMBY CCG,59.0
pandemic,2020-07-01,01W,NHS STOCKPORT CCG,53.0
pandemic,2020-07-01,01X,NHS ST HELENS CCG,45.0
pandemic,2020-07-01,01Y,NHS TAMESIDE AND GLOSSOP CCG,50.0
pandemic,2020-07-01,02A,NHS TRAFFORD CCG,56.0
pandemic,2020-07-01,02E,NHS WARRINGTON CCG,50.0
pandemic,2020-07-01,02G,NHS WEST LANCASHIRE CCG,49.0
pandemic,2020-07-01,02H,NHS WIGAN BOROUGH CCG,51.0
pandemic,2020-07-01,02M,NHS FYLDE AND WYRE CCG,62.0
pandemic,2020-07-01,02P,NHS BARNSLEY CCG,50.0
pandemic,2020-07-01,02Q,NHS BASSETLAW CCG,58.0
pandemic,2020-07-01,02T,NHS CALDERDALE CCG,51.0
pandemic,2020-07-01,02X,NHS DONCASTER CCG,53.0
pandemic,2020-07-01,02Y,NHS EAST RIDING OF YORKSHIRE CCG,57.0
pandemic,2020-07-01,03A,NHS GREATER HUDDERSFIELD CCG,50.0
pandemic,2020-07-01,03F,NHS HULL CCG,61.0
pandemic,2020-07-01,03H,NHS NORTH EAST LINCOLNSHIRE CCG,54.0
pandemic,2020-07-01,03J,NHS NORTH KIRKLEES CCG,51.0
pandemic,2020-07-01,03K,NHS NORTH LINCOLNSHIRE CCG,54.0
pandemic,2020-07-01,03L,NHS ROTHERHAM CCG,50.0
pandemic,2020-07-01,03N,NHS SHEFFIELD CCG,33.0
pandemic,2020-07-01,03Q,NHS VALE OF YORK CCG,50.0
pandemic,2020-07-01,03R,NHS WAKEFIELD CCG,54.0
pandemic,2020-07-01,03W,NHS EAST LEICESTERSHIRE AND RUTLAND CCG,60.0
pandemic,2020-07-01,04C,NHS LEICESTER CITY CCG,52.0
pandemic,2020-07-01,04F,NHS MILTON KEYNES CCG,48.0
pandemic,2020-07-01,04V,NHS WEST LEICESTERSHIRE CCG,60.0
pandemic,2020-07-01,04Y,NHS CANNOCK CHASE CCG,37.0
pandemic,2020-07-01,05A,NHS COVENTRY AND RUGBY CCG,50.0
pandemic,2020-07-01,05C,NHS DUDLEY CCG,43.0
pandemic,2020-07-01,05D,NHS EAST STAFFORDSHIRE CCG,52.0
pandemic,2020-07-01,05G,NHS NORTH STAFFORDSHIRE CCG,60.0
pandemic,2020-07-01,05H,NHS WARWICKSHIRE NORTH CCG,58.0
pandemic,2020-07-01,05L,NHS SANDWELL AND WEST BIRMINGHAM CCG,51.0
pandemic,2020-07-01,05N,NHS SHROPSHIRE CCG,46.0
pandemic,2020-07-01,05Q,NHS SOUTH EAST STAFFORDSHIRE AND SEISDON PENINSULA CCG,48.0
pandemic,2020-07-01,05R,NHS SOUTH WARWICKSHIRE CCG,61.0
pandemic,2020-07-01,05V,NHS STAFFORD AND SURROUNDS CCG,45.0
pandemic,2020-07-01,05W,NHS STOKE ON TRENT CCG,70.0
pandemic,2020-07-01,05X,NHS TELFORD AND WREKIN CCG,58.0
pandemic,2020-07-01,05Y,NHS WALSALL CCG,46.0
pandemic,2020-07-01,06A,NHS WOLVERHAMPTON CCG,52.0
pandemic,2020-07-01,06F,NHS BEDFORDSHIRE CCG,49.0
pandemic,2020-07-01,06H,NHS CAMBRIDGESHIRE AND PETERBOROUGH CCG,51.0
pandemic,2020-07-01,06K,NHS EAST AND NORTH HERTFORDSHIRE CCG,46.0
pandemic,2020-07-01,06L,NHS IPSWICH AND EAST SUFFOLK CCG,51.0
pandemic,2020-07-01,06N,NHS HERTS VALLEYS CCG,48.0
pandemic,2020-07-01,06P,NHS LUTON CCG,55.0
pandemic,2020-07-01,06Q,NHS MID ESSEX CCG,50.0
pandemic,2020-07-01,06T,NHS NORTH EAST ESSEX CCG,50.0
pandemic,2020-07-01,07G,NHS THURROCK CCG,61.0
pandemic,2020-07-01,07H,NHS WEST ESSEX CCG,49.0
pandemic,2020-07-01,07K,NHS WEST SUFFOLK CCG,52.0
pandemic,2020-07-01,07L,NHS BARKING AND DAGENHAM CCG,54.0
pandemic,2020-07-01,07P,NHS BRENT CCG,64.0
pandemic,2020-07-01,07T,NHS CITY AND HACKNEY CCG,65.0
pandemic,2020-07-01,07W,NHS EALING CCG,56.0
pandemic,2020-07-01,07Y,NHS HOUNSLOW CCG,51.0
pandemic,2020-07-01,08C,NHS HAMMERSMITH AND FULHAM CCG,53.0
pandemic,2020-07-01,08E,NHS HARROW CCG,46.0
pandemic,2020-07-01,08F,NHS HAVERING CCG,55.0
pandemic,2020-07-01,08G,NHS HILLINGDON CCG,36.0
pandemic,2020-07-01,08M,NHS NEWHAM CCG,56.0
pandemic,2020-07-01,08N,NHS REDBRIDGE CCG,48.0
pandemic,2020-07-01,08V,NHS TOWER HAMLETS CCG,49.0
pandemic,2020-07-01,08W,NHS WALTHAM FOREST CCG,56.0
pandemic,2020-07-01,08Y,NHS WEST LONDON CCG,47.0
pandemic,2020-07-01,09A,NHS CENTRAL LONDON (WESTMINSTER) CCG,38.0
pandemic,2020-07-01,09D,NHS BRIGHTON AND HOVE CCG,26.0
pandemic,2020-07-01,10C,NHS SURREY HEATH CCG,51.0
pandemic,2020-07-01,10J,NHS NORTH HAMPSHIRE CCG,54.0
pandemic,2020-07-01,10K,NHS FAREHAM AND GOSPORT CCG,61.0
pandemic,2020-07-01,10L,NHS ISLE OF WIGHT CCG,47.0
pandemic,2020-07-01,10Q,NHS OXFORDSHIRE CCG,51.0
pandemic,2020-07-01,10R,NHS PORTSMOUTH CCG,60.0
pandemic,2020-07-01,10V,NHS SOUTH EASTERN HAMPSHIRE CCG,52.0
pandemic,2020-07-01,10X,NHS SOUTHAMPTON CCG,50.0
pandemic,2020-07-01,11A,NHS WEST HAMPSHIRE CCG,53.0
pandemic,2020-07-01,11J,NHS DORSET CCG,43.0
pandemic,2020-07-01,11M,NHS GLOUCESTERSHIRE CCG,55.0
pandemic,2020-07-01,11N,NHS KERNOW CCG,40.0
pandemic,2020-07-01,11X,NHS SOMERSET CCG,38.0
pandemic,2020-07-01,12F,NHS WIRRAL CCG,44.0
pandemic,2020-07-01,13Q,NATIONAL COMMISSIONING HUB 1,53.0
pandemic,2020-07-01,13T,NHS NEWCASTLE GATESHEAD CCG,50.0
pandemic,2020-07-01,14L,NHS MANCHESTER CCG,46.0
pandemic,2020-07-01,14Y,NHS BUCKINGHAMSHIRE CCG,53.0
pandemic,2020-07-01,15A,NHS BERKSHIRE WEST CCG,55.0
pandemic,2020-07-01,15C,"NHS BRISTOL, NORTH SOMERSET AND SOUTH GLOUCESTERSHIRE CCG",49.0
pandemic,2020-07-01,15D,NHS EAST BERKSHIRE CCG,57.0
pandemic,2020-07-01,15E,NHS BIRMINGHAM AND SOLIHULL CCG,54.0
pandemic,2020-07-01,15F,NHS LEEDS CCG,54.0
pandemic,2020-07-01,15M,NHS DERBY AND DERBYSHIRE CCG,56.0
pandemic,2020-07-01,15N,NHS DEVON CCG,51.0
pandemic,2020-07-01,16C,NHS TEES VALLEY CCG,51.0
pandemic,2020-07-01,18C,NHS HEREFORDSHIRE AND WORCESTERSHIRE CCG,54.0
pandemic,2020-07-01,26A,NHS NORFOLK AND WAVENEY CCG,56.0
pandemic,2020-07-01,27D,NHS CHESHIRE CCG,50.0
pandemic,2020-07-01,36J,NHS BRADFORD DISTRICT AND CRAVEN CCG,58.0
pandemic,2020-07-01,36L,NHS SOUTH WEST LONDON CCG,56.0
pandemic,2020-07-01,42D,NHS NORTH YORKSHIRE CCG,54.0
pandemic,2020-07-01,52R,NHS NOTTINGHAM AND NOTTINGHAMSHIRE CCG,53.0
pandemic,2020-07-01,70F,NHS WEST SUSSEX CCG,58.0
pandemic,2020-07-01,71E,NHS LINCOLNSHIRE CCG,54.0
pandemic,2020-07-01,72Q,NHS SOUTH EAST LONDON CCG,54.0
pandemic,2020-07-01,78H,NHS NORTHAMPTONSHIRE CCG,52.0
pandemic,2020-07-01,84H,NHS COUNTY DURHAM CCG,52.0
pandemic,2020-07-01,91Q,NHS KENT AND MEDWAY CCG,51.0
pandemic,2020-07-01,92A,NHS SURREY HEARTLANDS CCG,53.0
pandemic,2020-07-01,92G,"NHS BATH AND NORTH EAST SOMERSET, SWINDON AND WILTSHIRE CCG",49.0
pandemic,2020-07-01,93C,NHS NORTH CENTRAL LONDON CCG,52.0
pandemic,2020-07-01,97R,NHS EAST SUSSEX CCG,44.0
pandemic,2020-07-01,99A,NHS LIVERPOOL CCG,50.0
pandemic,2020-07-01,99C,NHS NORTH TYNESIDE CCG,56.0
pandemic,2020-07-01,99E,NHS BASILDON AND BRENTWOOD CCG,46.0
pandemic,2020-07-01,99F,NHS CASTLE POINT AND ROCHFORD CCG,54.0
pandemic,2020-07-01,99G,NHS SOUTHEND CCG,54.0
pandemic,2020-07-01,99M,NHS NORTH EAST HAMPSHIRE AND FARNHAM CCG,53.0
pandemic,2020-08-01,00L,NHS NORTHUMBERLAND CCG,55.0
pandemic,2020-08-01,00N,NHS SOUTH TYNESIDE CCG,53.0
pandemic,2020-08-01,00P,NHS SUNDERLAND CCG,62.0
pandemic,2020-08-01,00Q,NHS BLACKBURN WITH DARWEN CCG,58.0
pandemic,2020-08-01,00R,NHS BLACKPOOL CCG,54.0
pandemic,2020-08-01,00T,NHS BOLTON CCG,44.0
pandemic,2020-08-01,00V,NHS BURY CCG,55.0
pandemic,2020-08-01,00X,NHS CHORLEY AND SOUTH RIBBLE CCG,48.0
pandemic,2020-08-01,00Y,NHS OLDHAM CCG,55.0
pandemic,2020-08-01,01A,NHS EAST LANCASHIRE CCG,56.0
pandemic,2020-08-01,01D,"NHS HEYWOOD, MIDDLETON AND ROCHDALE CCG",53.0
pandemic,2020-08-01,01E,NHS GREATER PRESTON CCG,52.0
pandemic,2020-08-01,01F,NHS HALTON CCG,50.0
pandemic,2020-08-01,01G,NHS SALFORD CCG,45.0
pandemic,2020-08-01,01H,NHS NORTH CUMBRIA CCG,52.0
pandemic,2020-08-01,01J,NHS KNOWSLEY CCG,50.0
pandemic,2020-08-01,01K,NHS MORECAMBE BAY CCG,61.0
pandemic,2020-08-01,01T,NHS SOUTH SEFTON CCG,50.0
pandemic,2020-08-01,01V,NHS SOUTHPORT AND FORMBY CCG,57.0
pandemic,2020-08-01,01W,NHS STOCKPORT CCG,51.0
pandemic,2020-08-01,01X,NHS ST HELENS CCG,45.0
pandemic,2020-08-01,01Y,NHS TAMESIDE AND GLOSSOP CCG,50.0
pandemic,2020-08-01,02A,NHS TRAFFORD CCG,63.0
pandemic,2020-08-01,02E,NHS WARRINGTON CCG,50.0
pandemic,2020-08-01,02G,NHS WEST LANCASHIRE CCG,63.0
pandemic,2020-08-01,02H,NHS WIGAN BOROUGH CCG,51.0
pandemic,2020-08-01,02M,NHS FYLDE AND WYRE CCG,47.0
pandemic,2020-08-01,02P,NHS BARNSLEY CCG,58.0
pandemic,2020-08-01,02Q,NHS BASSETLAW CCG,52.0
pandemic,2020-08-01,02T,NHS CALDERDALE CCG,51.0
pandemic,2020-08-01,02X,NHS DONCASTER CCG,53.0
pandemic,2020-08-01,02Y,NHS EAST RIDING OF YORKSHIRE CCG,58.0
pandemic,2020-08-01,03A,NHS GREATER HUDDERSFIELD CCG,54.0
pandemic,2020-08-01,03F,NHS HULL CCG,57.0
pandemic,2020-08-01,03H,NHS NORTH EAST LINCOLNSHIRE CCG,53.0
pandemic,2020-08-01,03J,NHS NORTH KIRKLEES CCG,47.0
pandemic,2020-08-01,03K,NHS NORTH LINCOLNSHIRE CCG,52.0
pandemic,2020-08-01,03L,NHS ROTHERHAM CCG,48.0
pandemic,2020-08-01,03N,NHS SHEFFIELD CCG,36.0
pandemic,2020-08-01,03Q,NHS VALE OF YORK CCG,45.0
pandemic,2020-08-01,03R,NHS WAKEFIELD CCG,58.0
pandemic,2020-08-01,03W,NHS EAST LEICESTERSHIRE AND RUTLAND CCG,58.0
pandemic,2020-08-01,04C,NHS LEICESTER CITY CCG,53.0
pandemic,2020-08-01,04F,NHS MILTON KEYNES CCG,46.0
pandemic,2020-08-01,04V,NHS WEST LEICESTERSHIRE CCG,52.0
pandemic,2020-08-01,04Y,NHS CANNOCK CHASE CCG,37.0
pandemic,2020-08-01,05A,NHS COVENTRY AND RUGBY CCG,57.0
pandemic,2020-08-01,05C,NHS DUDLEY CCG,47.0
pandemic,2020-08-01,05D,NHS EAST STAFFORDSHIRE CCG,48.0
pandemic,2020-08-01,05G,NHS NORTH STAFFORDSHIRE CCG,60.0
pandemic,2020-08-01,05H,NHS WARWICKSHIRE NORTH CCG,59.0
pandemic,2020-08-01,05L,NHS SANDWELL AND WEST BIRMINGHAM CCG,52.0
pandemic,2020-08-01,05N,NHS SHROPSHIRE CCG,43.0
pandemic,2020-08-01,05Q,NHS SOUTH EAST STAFFORDSHIRE AND SEISDON PENINSULA CCG,50.0
pandemic,2020-08-01,05R,NHS SOUTH WARWICKSHIRE CCG,51.0
pandemic,2020-08-01,05V,NHS STAFFORD AND SURROUNDS CCG,47.0
pandemic,2020-08-01,05W,NHS STOKE ON TRENT CCG,63.0
pandemic,2020-08-01,05X,NHS TELFORD AND WREKIN CCG,63.0
pandemic,2020-08-01,05Y,NHS WALSALL CCG,47.0
pandemic,2020-08-01,06A,NHS WOLVERHAMPTON CCG,58.0
pandemic,2020-08-01,06F,NHS BEDFORDSHIRE CCG,54.0
pandemic,2020-08-01,06H,NHS CAMBRIDGESHIRE AND PETERBOROUGH CCG,52.0
pandemic,2020-08-01,06K,NHS EAST AND NORTH HERTFORDSHIRE CCG,41.0
pandemic,2020-08-01,06L,NHS IPSWICH AND EAST SUFFOLK CCG,52.0
pandemic,2020-08-01,06N,NHS HERTS VALLEYS CCG,53.0
pandemic,2020-08-01,06P,NHS LUTON CCG,52.0
pandemic,2020-08-01,06Q,NHS MID ESSEX CCG,50.0
pandemic,2020-08-01,06T,NHS NORTH EAST ESSEX CCG,53.0
pandemic,2020-08-01,07G,NHS THURROCK CCG,57.0
pandemic,2020-08-01,07H,NHS WEST ESSEX CCG,49.0
pandemic,2020-08-01,07K,NHS WEST SUFFOLK CCG,52.0
pandemic,2020-08-01,07L,NHS BARKING AND DAGENHAM CCG,50.0
pandemic,2020-08-01,07P,NHS BRENT CCG,55.0
pandemic,2020-08-01,07T,NHS CITY AND HACKNEY CCG,58.0
pandemic,2020-08-01,07W,NHS EALING CCG,60.0
pandemic,2020-08-01,07Y,NHS HOUNSLOW CCG,59.0
pandemic,2020-08-01,08C,NHS HAMMERSMITH AND FULHAM CCG,53.0
pandemic,2020-08-01,08E,NHS HARROW CCG,59.0
pandemic,2020-08-01,08F,NHS HAVERING CCG,55.0
pandemic,2020-08-01,08G,NHS HILLINGDON CCG,44.0
pandemic,2020-08-01,08M,NHS NEWHAM CCG,59.0
pandemic,2020-08-01,08N,NHS REDBRIDGE CCG,49.0
pandemic,2020-08-01,08V,NHS TOWER HAMLETS CCG,50.0
pandemic,2020-08-01,08W,NHS WALTHAM FOREST CCG,55.0
pandemic,2020-08-01,08Y,NHS WEST LONDON CCG,55.0
pandemic,2020-08-01,09A,NHS CENTRAL LONDON (WESTMINSTER) CCG,51.0
pandemic,2020-08-01,09D,NHS BRIGHTON AND HOVE CCG,30.0
pandemic,2020-08-01,10C,NHS SURREY HEATH CCG,51.0
pandemic,2020-08-01,10J,NHS NORTH HAMPSHIRE CCG,63.0
pandemic,2020-08-01,10K,NHS FAREHAM AND GOSPORT CCG,60.0
pandemic,2020-08-01,10L,NHS ISLE OF WIGHT CCG,56.0
pandemic,2020-08-01,10Q,NHS OXFORDSHIRE CCG,55.0
pandemic,2020-08-01,10R,NHS PORTSMOUTH CCG,63.0
pandemic,2020-08-01,10V,NHS SOUTH EASTERN HAMPSHIRE CCG,61.0
pandemic,2020-08-01,10X,NHS SOUTHAMPTON CCG,51.0
pandemic,2020-08-01,11A,NHS WEST HAMPSHIRE CCG,55.0
pandemic,2020-08-01,11J,NHS DORSET CCG,44.0
pandemic,2020-08-01,11M,NHS GLOUCESTERSHIRE CCG,55.0
pandemic,2020-08-01,11N,NHS KERNOW CCG,43.0
pandemic,2020-08-01,11X,NHS SOMERSET CCG,51.0
pandemic,2020-08-01,12F,NHS WIRRAL CCG,40.0
pandemic,2020-08-01,13Q,NATIONAL COMMISSIONING HUB 1,50.0
pandemic,2020-08-01,13T,NHS NEWCASTLE GATESHEAD CCG,48.0
pandemic,2020-08-01,14L,NHS MANCHESTER CCG,44.0
pandemic,2020-08-01,14Y,NHS BUCKINGHAMSHIRE CCG,61.0
pandemic,2020-08-01,15A,NHS BERKSHIRE WEST CCG,57.0
pandemic,2020-08-01,15C,"NHS BRISTOL, NORTH SOMERSET AND SOUTH GLOUCESTERSHIRE CCG",48.0
pandemic,2020-08-01,15D,NHS EAST BERKSHIRE CCG,51.0
pandemic,2020-08-01,15E,NHS BIRMINGHAM AND SOLIHULL CCG,53.0
pandemic,2020-08-01,15F,NHS LEEDS CCG,48.0
pandemic,2020-08-01,15M,NHS DERBY AND DERBYSHIRE CCG,57.0
pandemic,2020-08-01,15N,NHS DEVON CCG,39.0
pandemic,2020-08-01,16C,NHS TEES VALLEY CCG,51.0
pandemic,2020-08-01,18C,NHS HEREFORDSHIRE AND WORCESTERSHIRE CCG,51.0
pandemic,2020-08-01,26A,NHS NORFOLK AND WAVENEY CCG,56.0
pandemic,2020-08-01,27D,NHS CHESHIRE CCG,52.0
pandemic,2020-08-01,36J,NHS BRADFORD DISTRICT AND CRAVEN CCG,59.0
pandemic,2020-08-01,36L,NHS SOUTH WEST LONDON CCG,55.0
pandemic,2020-08-01,42D,NHS NORTH YORKSHIRE CCG,55.0
pandemic,2020-08-01,52R,NHS NOTTINGHAM AND NOTTINGHAMSHIRE CCG,54.0
pandemic,2020-08-01,70F,NHS WEST SUSSEX CCG,55.0
pandemic,2020-08-01,71E,NHS LINCOLNSHIRE CCG,57.0
pandemic,2020-08-01,72Q,NHS SOUTH EAST LONDON CCG,51.0
pandemic,2020-08-01,78H,NHS NORTHAMPTONSHIRE CCG,52.0
pandemic,2020-08-01,84H,NHS COUNTY DURHAM CCG,51.0
pandemic,2020-08-01,91Q,NHS KENT AND MEDWAY CCG,50.0
pandemic,2020-08-01,92A,NHS SURREY HEARTLANDS CCG,53.0
pandemic,2020-08-01,92G,"NHS BATH AND NORTH EAST SOMERSET, SWINDON AND WILTSHIRE CCG",50.0
pandemic,2020-08-01,93C,NHS NORTH CENTRAL LONDON CCG,49.0
pandemic,2020-08-01,97R,NHS EAST SUSSEX CCG,45.0
pandemic,2020-08-01,99A,NHS LIVERPOOL CCG,50.0
pandemic,2020-08-01,99C,NHS NORTH TYNESIDE CCG,54.0
pandemic,2020-08-01,99E,NHS BASILDON AND BRENTWOOD CCG,46.0
pandemic,2020-08-01,99F,NHS CASTLE POINT AND ROCHFORD CCG,52.0
pandemic,2020-08-01,99G,NHS SOUTHEND CCG,54.0
pandemic,2020-08-01,99M,NHS NORTH EAST HAMPSHIRE AND FARNHAM CCG,56.0
pandemic,2020-09-01,00L,NHS NORTHUMBERLAND CCG,54.0
pandemic,2020-09-01,00N,NHS SOUTH TYNESIDE CCG,61.0
pandemic,2020-09-01,00P,NHS SUNDERLAND CCG,51.0
pandemic,2020-09-01,00Q,NHS BLACKBURN WITH DARWEN CCG,43.0
pandemic,2020-09-01,00R,NHS BLACKPOOL CCG,49.0
pandemic,2020-09-01,00T,NHS BOLTON CCG,43.0
pandemic,2020-09-01,00V,NHS BURY CCG,49.0
pandemic,2020-09-01,00X,NHS CHORLEY AND SOUTH RIBBLE CCG,31.0
pandemic,2020-09-01,00Y,NHS OLDHAM CCG,52.0
pandemic,2020-09-01,01A,NHS EAST LANCASHIRE CCG,32.0
pandemic,2020-09-01,01D,"NHS HEYWOOD, MIDDLETON AND ROCHDALE CCG",55.0
pandemic,2020-09-01,01E,NHS GREATER PRESTON CCG,36.0
pandemic,2020-09-01,01F,NHS HALTON CCG,52.0
pandemic,2020-09-01,01G,NHS SALFORD CCG,43.0
pandemic,2020-09-01,01H,NHS NORTH CUMBRIA CCG,47.0
pandemic,2020-09-01,01J,NHS KNOWSLEY CCG,53.0
pandemic,2020-09-01,01K,NHS MORECAMBE BAY CCG,48.0
pandemic,2020-09-01,01T,NHS SOUTH SEFTON CCG,37.0
pandemic,2020-09-01,01V,NHS SOUTHPORT AND FORMBY CCG,46.0
pandemic,2020-09-01,01W,NHS STOCKPORT CCG,49.0
pandemic,2020-09-01,01X,NHS ST HELENS CCG,48.0
pandemic,2020-09-01,01Y,NHS TAMESIDE AND GLOSSOP CCG,51.0
pandemic,2020-09-01,02A,NHS TRAFFORD CCG,52.0
pandemic,2020-09-01,02E,NHS WARRINGTON CCG,52.0
pandemic,2020-09-01,02G,NHS WEST LANCASHIRE CCG,32.0
pandemic,2020-09-01,02H,NHS WIGAN BOROUGH CCG,53.0
pandemic,2020-09-01,02M,NHS FYLDE AND WYRE CCG,32.0
pandemic,2020-09-01,02P,NHS BARNSLEY CCG,55.0
pandemic,2020-09-01,02Q,NHS BASSETLAW CCG,53.0
pandemic,2020-09-01,02T,NHS CALDERDALE CCG,48.0
pandemic,2020-09-01,02X,NHS DONCASTER CCG,56.0
pandemic,2020-09-01,02Y,NHS EAST RIDING OF YORKSHIRE CCG,59.0
pandemic,2020-09-01,03A,NHS GREATER HUDDERSFIELD CCG,55.0
pandemic,2020-09-01,03F,NHS HULL CCG,61.0
pandemic,2020-09-01,03H,NHS NORTH EAST LINCOLNSHIRE CCG,52.0
pandemic,2020-09-01,03J,NHS NORTH KIRKLEES CCG,53.0
pandemic,2020-09-01,03K,NHS NORTH LINCOLNSHIRE CCG,46.0
pandemic,2020-09-01,03L,NHS ROTHERHAM CCG,45.0
pandemic,2020-09-01,03N,NHS SHEFFIELD CCG,41.0
pandemic,2020-09-01,03Q,NHS VALE OF YORK CCG,52.0
pandemic,2020-09-01,03R,NHS WAKEFIELD CCG,53.0
pandemic,2020-09-01,03W,NHS EAST LEICESTERSHIRE AND RUTLAND CCG,65.0
pandemic,2020-09-01,04C,NHS LEICESTER CITY CCG,58.0
pandemic,2020-09-01,04F,NHS MILTON KEYNES CCG,44.0
pandemic,2020-09-01,04V,NHS WEST LEICESTERSHIRE CCG,49.0
pandemic,2020-09-01,04Y,NHS CANNOCK CHASE CCG,44.0
pandemic,2020-09-01,05C,NHS DUDLEY CCG,32.0
pandemic,2020-09-01,05D,NHS EAST STAFFORDSHIRE CCG,55.0
pandemic,2020-09-01,05G,NHS NORTH STAFFORDSHIRE CCG,62.0
pandemic,2020-09-01,05L,NHS SANDWELL AND WEST BIRMINGHAM CCG,54.0
pandemic,2020-09-01,05N,NHS SHROPSHIRE CCG,54.0
pandemic,2020-09-01,05Q,NHS SOUTH EAST STAFFORDSHIRE AND SEISDON PENINSULA CCG,55.0
pandemic,2020-09-01,05V,NHS STAFFORD AND SURROUNDS CCG,37.0
pandemic,2020-09-01,05W,NHS STOKE ON TRENT CCG,63.0
pandemic,2020-09-01,05X,NHS TELFORD AND WREKIN CCG,58.0
pandemic,2020-09-01,05Y,NHS WALSALL CCG,58.0
pandemic,2020-09-01,06A,NHS WOLVERHAMPTON CCG,59.0
pandemic,2020-09-01,06F,NHS BEDFORDSHIRE CCG,53.0
pandemic,2020-09-01,06H,NHS CAMBRIDGESHIRE AND PETERBOROUGH CCG,47.0
pandemic,2020-09-01,06K,NHS EAST AND NORTH HERTFORDSHIRE CCG,50.0
pandemic,2020-09-01,06L,NHS IPSWICH AND EAST SUFFOLK CCG,52.0
pandemic,2020-09-01,06N,NHS HERTS VALLEYS CCG,56.0
pandemic,2020-09-01,06P,NHS LUTON CCG,52.0
pandemic,2020-09-01,06Q,NHS MID ESSEX CCG,48.0
pandemic,2020-09-01,06T,NHS NORTH EAST ESSEX CCG,51.0
pandemic,2020-09-01,07G,NHS THURROCK CCG,60.0
pandemic,2020-09-01,07H,NHS WEST ESSEX CCG,46.0
pandemic,2020-09-01,07K,NHS WEST SUFFOLK CCG,51.0
pandemic,2020-09-01,07L,NHS BARKING AND DAGENHAM CCG,50.0
pandemic,2020-09-01,07P,NHS BRENT CCG,55.0
pandemic,2020-09-01,07T,NHS CITY AND HACKNEY CCG,59.0
pandemic,2020-09-01,07W,NHS EALING CCG,57.0
pandemic,2020-09-01,07Y,NHS HOUNSLOW CCG,52.0
pandemic,2020-09-01,08C,NHS HAMMERSMITH AND FULHAM CCG,49.0
pandemic,2020-09-01,08E,NHS HARROW CCG,60.0
pandemic,2020-09-01,08F,NHS HAVERING CCG,57.0
pandemic,2020-09-01,08G,NHS HILLINGDON CCG,52.0
pandemic,2020-09-01,08M,NHS NEWHAM CCG,54.0
pandemic,2020-09-01,08N,NHS REDBRIDGE CCG,55.0
pandemic,2020-09-01,08V,NHS TOWER HAMLETS CCG,53.0
pandemic,2020-09-01,08W,NHS WALTHAM FOREST CCG,58.0
pandemic,2020-09-01,08Y,NHS WEST LONDON CCG,55.0
pandemic,2020-09-01,09A,NHS CENTRAL LONDON (WESTMINSTER) CCG,57.0
pandemic,2020-09-01,09D,NHS BRIGHTON AND HOVE CCG,33.0
pandemic,2020-09-01,10C,NHS SURREY HEATH CCG,45.0
pandemic,2020-09-01,10J,NHS NORTH HAMPSHIRE CCG,50.0
pandemic,2020-09-01,10K,NHS FAREHAM AND GOSPORT CCG,45.0
pandemic,2020-09-01,10L,NHS ISLE OF WIGHT CCG,49.0
pandemic,2020-09-01,10Q,NHS OXFORDSHIRE CCG,48.0
pandemic,2020-09-01,10R,NHS PORTSMOUTH CCG,62.0
pandemic,2020-09-01,10V,NHS SOUTH EASTERN HAMPSHIRE CCG,66.0
pandemic,2020-09-01,10X,NHS SOUTHAMPTON CCG,51.0
pandemic,2020-09-01,11A,NHS WEST HAMPSHIRE CCG,54.0
pandemic,2020-09-01,11J,NHS DORSET CCG,55.0
pandemic,2020-09-01,11M,NHS GLOUCESTERSHIRE CCG,58.0
pandemic,2020-09-01,11N,NHS KERNOW CCG,47.0
pandemic,2020-09-01,11X,NHS SOMERSET CCG,51.0
pandemic,2020-09-01,12F,NHS WIRRAL CCG,42.0
pandemic,2020-09-01,13Q,NATIONAL COMMISSIONING HUB 1,47.0
pandemic,2020-09-01,13T,NHS NEWCASTLE GATESHEAD CCG,47.0
pandemic,2020-09-01,14L,NHS MANCHESTER CCG,43.0
pandemic,2020-09-01,14Y,NHS BUCKINGHAMSHIRE CCG,60.0
pandemic,2020-09-01,15A,NHS BERKSHIRE WEST CCG,57.0
pandemic,2020-09-01,15C,"NHS BRISTOL, NORTH SOMERSET AND SOUTH GLOUCESTERSHIRE CCG",43.0
pandemic,2020-09-01,15D,NHS EAST BERKSHIRE CCG,59.0
pandemic,2020-09-01,15E,NHS BIRMINGHAM AND SOLIHULL CCG,48.0
pandemic,2020-09-01,15F,NHS LEEDS CCG,51.0
pandemic,2020-09-01,15M,NHS DERBY AND DERBYSHIRE CCG,53.0
pandemic,2020-09-01,15N,NHS DEVON CCG,52.0
pandemic,2020-09-01,16C,NHS TEES VALLEY CCG,52.0
pandemic,2020-09-01,18C,NHS HEREFORDSHIRE AND WORCESTERSHIRE CCG,50.0
pandemic,2020-09-01,26A,NHS NORFOLK AND WAVENEY CCG,56.0
pandemic,2020-09-01,27D,NHS CHESHIRE CCG,53.0
pandemic,2020-09-01,36J,NHS BRADFORD DISTRICT AND CRAVEN CCG,58.0
pandemic,2020-09-01,36L,NHS SOUTH WEST LONDON CCG,55.0
pandemic,2020-09-01,42D,NHS NORTH YORKSHIRE CCG,57.0
pandemic,2020-09-01,52R,NHS NOTTINGHAM AND NOTTINGHAMSHIRE CCG,53.0
pandemic,2020-09-01,70F,NHS WEST SUSSEX CCG,60.0
pandemic,2020-09-01,71E,NHS LINCOLNSHIRE CCG,52.0
pandemic,2020-09-01,72Q,NHS SOUTH EAST LONDON CCG,56.0
pandemic,2020-09-01,78H,NHS NORTHAMPTONSHIRE CCG,55.0
pandemic,2020-09-01,84H,NHS COUNTY DURHAM CCG,53.0
pandemic,2020-09-01,91Q,NHS KENT AND MEDWAY CCG,47.0
pandemic,2020-09-01,92A,NHS SURREY HEARTLANDS CCG,50.0
pandemic,2020-09-01,92G,"NHS BATH AND NORTH EAST SOMERSET, SWINDON AND WILTSHIRE CCG",52.0
pandemic,2020-09-01,93C,NHS NORTH CENTRAL LONDON CCG,52.0
pandemic,2020-09-01,97R,NHS EAST SUSSEX CCG,50.0
pandemic,2020-09-01,99A,NHS LIVERPOOL CCG,62.0
pandemic,2020-09-01,99C,NHS NORTH TYNESIDE CCG,57.0
pandemic,2020-09-01,99E,NHS BASILDON AND BRENTWOOD CCG,54.0
pandemic,2020-09-01,99F,NHS CASTLE POINT AND ROCHFORD CCG,51.0
pandemic,2020-09-01,99G,NHS SOUTHEND CCG,52.0
pandemic,2020-09-01,99M,NHS NORTH EAST HAMPSHIRE AND FARNHAM CCG,57.0
pandemic,2020-09-01,InvalidCode,Unknown,50.0
pandemic,2020-10-01,00L,NHS NORTHUMBERLAND CCG,59.0
pandemic,2020-10-01,00N,NHS SOUTH TYNESIDE CCG,56.0
pandemic,2020-10-01,00P,NHS SUNDERLAND CCG,52.0
pandemic,2020-10-01,00Q,NHS BLACKBURN WITH DARWEN CCG,32.0
pandemic,2020-10-01,00R,NHS BLACKPOOL CCG,52.0
pandemic,2020-10-01,00T,NHS BOLTON CCG,46.0
pandemic,2020-10-01,00V,NHS BURY CCG,51.0
pandemic,2020-10-01,00X,NHS CHORLEY AND SOUTH RIBBLE CCG,33.0
pandemic,2020-10-01,00Y,NHS OLDHAM CCG,54.0
pandemic,2020-10-01,01A,NHS EAST LANCASHIRE CCG,34.0
pandemic,2020-10-01,01D,"NHS HEYWOOD, MIDDLETON AND ROCHDALE CCG",51.0
pandemic,2020-10-01,01E,NHS GREATER PRESTON CCG,33.0
pandemic,2020-10-01,01F,NHS HALTON CCG,54.0
pandemic,2020-10-01,01G,NHS SALFORD CCG,43.0
pandemic,2020-10-01,01H,NHS NORTH CUMBRIA CCG,46.0
pandemic,2020-10-01,01J,NHS KNOWSLEY CCG,52.0
pandemic,2020-10-01,01K,NHS MORECAMBE BAY CCG,46.0
pandemic,2020-10-01,01T,NHS SOUTH SEFTON CCG,43.0
pandemic,2020-10-01,01V,NHS SOUTHPORT AND FORMBY CCG,47.0
pandemic,2020-10-01,01W,NHS STOCKPORT CCG,52.0
pandemic,2020-10-01,01X,NHS ST HELENS CCG,53.0
pandemic,2020-10-01,01Y,NHS TAMESIDE AND GLOSSOP CCG,50.0
pandemic,2020-10-01,02A,NHS TRAFFORD CCG,60.0
pandemic,2020-10-01,02E,NHS WARRINGTON CCG,53.0
pandemic,2020-10-01,02G,NHS WEST LANCASHIRE CCG,36.0
pandemic,2020-10-01,02H,NHS WIGAN BOROUGH CCG,53.0
pandemic,2020-10-01,02M,NHS FYLDE AND WYRE CCG,38.0
pandemic,2020-10-01,02P,NHS BARNSLEY CCG,55.0
pandemic,2020-10-01,02Q,NHS BASSETLAW CCG,62.0
pandemic,2020-10-01,02T,NHS CALDERDALE CCG,51.0
pandemic,2020-10-01,02X,NHS DONCASTER CCG,56.0
pandemic,2020-10-01,02Y,NHS EAST RIDING OF YORKSHIRE CCG,62.0
pandemic,2020-10-01,03A,NHS GREATER HUDDERSFIELD CCG,60.0
pandemic,2020-10-01,03F,NHS HULL CCG,55.0
pandemic,2020-10-01,03H,NHS NORTH EAST LINCOLNSHIRE CCG,50.0
pandemic,2020-10-01,03J,NHS NORTH KIRKLEES CCG,54.0
pandemic,2020-10-01,03K,NHS NORTH LINCOLNSHIRE CCG,52.0
pandemic,2020-10-01,03L,NHS ROTHERHAM CCG,48.0
pandemic,2020-10-01,03N,NHS SHEFFIELD CCG,49.0
pandemic,2020-10-01,03Q,NHS VALE OF YORK CCG,48.0
pandemic,2020-10-01,03R,NHS WAKEFIELD CCG,52.0
pandemic,2020-10-01,03W,NHS EAST LEICESTERSHIRE AND RUTLAND CCG,55.0
pandemic,2020-10-01,04C,NHS LEICESTER CITY CCG,63.0
pandemic,2020-10-01,04F,NHS MILTON KEYNES CCG,46.0
pandemic,2020-10-01,04V,NHS WEST LEICESTERSHIRE CCG,56.0
pandemic,2020-10-01,04Y,NHS CANNOCK CHASE CCG,54.0
pandemic,2020-10-01,05C,NHS DUDLEY CCG,34.0
pandemic,2020-10-01,05D,NHS EAST STAFFORDSHIRE CCG,52.0
pandemic,2020-10-01,05G,NHS NORTH STAFFORDSHIRE CCG,63.0
pandemic,2020-10-01,05L,NHS SANDWELL AND WEST BIRMINGHAM CCG,51.0
pandemic,2020-10-01,05N,NHS SHROPSHIRE CCG,52.0
pandemic,2020-10-01,05Q,NHS SOUTH EAST STAFFORDSHIRE AND SEISDON PENINSULA CCG,59.0
pandemic,2020-10-01,05V,NHS STAFFORD AND SURROUNDS CCG,53.0
pandemic,2020-10-01,05W,NHS STOKE ON TRENT CCG,62.0
pandemic,2020-10-01,05X,NHS TELFORD AND WREKIN CCG,61.0
pandemic,2020-10-01,05Y,NHS WALSALL CCG,49.0
pandemic,2020-10-01,06A,NHS WOLVERHAMPTON CCG,51.0
pandemic,2020-10-01,06F,NHS BEDFORDSHIRE CCG,52.0
pandemic,2020-10-01,06H,NHS CAMBRIDGESHIRE AND PETERBOROUGH CCG,51.0
pandemic,2020-10-01,06K,NHS EAST AND NORTH HERTFORDSHIRE CCG,50.0
pandemic,2020-10-01,06L,NHS IPSWICH AND EAST SUFFOLK CCG,49.0
pandemic,2020-10-01,06N,NHS HERTS VALLEYS CCG,56.0
pandemic,2020-10-01,06P,NHS LUTON CCG,56.0
pandemic,2020-10-01,06Q,NHS MID ESSEX CCG,51.0
pandemic,2020-10-01,06T,NHS NORTH EAST ESSEX CCG,55.0
pandemic,2020-10-01,07G,NHS THURROCK CCG,55.0
pandemic,2020-10-01,07H,NHS WEST ESSEX CCG,56.0
pandemic,2020-10-01,07K,NHS WEST SUFFOLK CCG,57.0
pandemic,2020-10-01,07L,NHS BARKING AND DAGENHAM CCG,54.0
pandemic,2020-10-01,07P,NHS BRENT CCG,59.0
pandemic,2020-10-01,07T,NHS CITY AND HACKNEY CCG,60.0
pandemic,2020-10-01,07W,NHS EALING CCG,55.0
pandemic,2020-10-01,07Y,NHS HOUNSLOW CCG,52.0
pandemic,2020-10-01,08C,NHS HAMMERSMITH AND FULHAM CCG,53.0
pandemic,2020-10-01,08E,NHS HARROW CCG,54.0
pandemic,2020-10-01,08F,NHS HAVERING CCG,60.0
pandemic,2020-10-01,08G,NHS HILLINGDON CCG,53.0
pandemic,2020-10-01,08M,NHS NEWHAM CCG,69.0
pandemic,2020-10-01,08N,NHS REDBRIDGE CCG,52.0
pandemic,2020-10-01,08V,NHS TOWER HAMLETS CCG,52.0
pandemic,2020-10-01,08W,NHS WALTHAM FOREST CCG,52.0
pandemic,2020-10-01,08Y,NHS WEST LONDON CCG,49.0
pandemic,2020-10-01,09A,NHS CENTRAL LONDON (WESTMINSTER) CCG,55.0
pandemic,2020-10-01,09D,NHS BRIGHTON AND HOVE CCG,34.0
pandemic,2020-10-01,10C,NHS SURREY HEATH CCG,39.0
pandemic,2020-10-01,10J,NHS NORTH HAMPSHIRE CCG,59.0
pandemic,2020-10-01,10K,NHS FAREHAM AND GOSPORT CCG,56.0
pandemic,2020-10-01,10L,NHS ISLE OF WIGHT CCG,56.0
pandemic,2020-10-01,10Q,NHS OXFORDSHIRE CCG,52.0
pandemic,2020-10-01,10R,NHS PORTSMOUTH CCG,61.0
pandemic,2020-10-01,10V,NHS SOUTH EASTERN HAMPSHIRE CCG,59.0
pandemic,2020-10-01,10X,NHS SOUTHAMPTON CCG,51.0
pandemic,2020-10-01,11A,NHS WEST HAMPSHIRE CCG,54.0
pandemic,2020-10-01,11J,NHS DORSET CCG,52.0
pandemic,2020-10-01,11M,NHS GLOUCESTERSHIRE CCG,53.0
pandemic,2020-10-01,11N,NHS KERNOW CCG,45.0
pandemic,2020-10-01,11X,NHS SOMERSET CCG,61.0
pandemic,2020-10-01,12F,NHS WIRRAL CCG,36.0
pandemic,2020-10-01,13T,NHS NEWCASTLE GATESHEAD CCG,43.0
pandemic,2020-10-01,14L,NHS MANCHESTER CCG,40.0
pandemic,2020-10-01,14R,EAST OF ENGLAND - H&J COMMISSIONING HUB,42.0
pandemic,2020-10-01,14Y,NHS BUCKINGHAMSHIRE CCG,56.0
pandemic,2020-10-01,15A,NHS BERKSHIRE WEST CCG,57.0
pandemic,2020-10-01,15C,"NHS BRISTOL, NORTH SOMERSET AND SOUTH GLOUCESTERSHIRE CCG",45.0
pandemic,2020-10-01,15D,NHS EAST BERKSHIRE CCG,56.0
pandemic,2020-10-01,15E,NHS BIRMINGHAM AND SOLIHULL CCG,54.0
pandemic,2020-10-01,15F,NHS LEEDS CCG,50.0
pandemic,2020-10-01,15M,NHS DERBY AND DERBYSHIRE CCG,52.0
pandemic,2020-10-01,15N,NHS DEVON CCG,55.0
pandemic,2020-10-01,16C,NHS TEES VALLEY CCG,52.0
pandemic,2020-10-01,18C,NHS HEREFORDSHIRE AND WORCESTERSHIRE CCG,52.0
pandemic,2020-10-01,26A,NHS NORFOLK AND WAVENEY CCG,59.0
pandemic,2020-10-01,27D,NHS CHESHIRE CCG,50.0
pandemic,2020-10-01,36J,NHS BRADFORD DISTRICT AND CRAVEN CCG,56.0
pandemic,2020-10-01,36L,NHS SOUTH WEST LONDON CCG,57.0
pandemic,2020-10-01,42D,NHS NORTH YORKSHIRE CCG,55.0
pandemic,2020-10-01,52R,NHS NOTTINGHAM AND NOTTINGHAMSHIRE CCG,52.0
pandemic,2020-10-01,70F,NHS WEST SUSSEX CCG,58.0
pandemic,2020-10-01,71E,NHS LINCOLNSHIRE CCG,49.0
pandemic,2020-10-01,72Q,NHS SOUTH EAST LONDON CCG,55.0
pandemic,2020-10-01,78H,NHS NORTHAMPTONSHIRE CCG,54.0
pandemic,2020-10-01,84H,NHS COUNTY DURHAM CCG,52.0
pandemic,2020-10-01,91Q,NHS KENT AND MEDWAY CCG,49.0
pandemic,2020-10-01,92A,NHS SURREY HEARTLANDS CCG,51.0
pandemic,2020-10-01,92G,"NHS BATH AND NORTH EAST SOMERSET, SWINDON AND WILTSHIRE CCG",51.0
pandemic,2020-10-01,93C,NHS NORTH CENTRAL LONDON CCG,49.0
pandemic,2020-10-01,97R,NHS EAST SUSSEX CCG,53.0
pandemic,2020-10-01,99A,NHS LIVERPOOL CCG,50.0
pandemic,2020-10-01,99C,NHS NORTH TYNESIDE CCG,53.0
pandemic,2020-10-01,99E,NHS BASILDON AND BRENTWOOD CCG,44.0
pandemic,2020-10-01,99F,NHS CASTLE POINT AND ROCHFORD CCG,51.0
pandemic,2020-10-01,99G,NHS SOUTHEND CCG,52.0
pandemic,2020-10-01,99M,NHS NORTH EAST HAMPSHIRE AND FARNHAM CCG,53.0
pandemic,2020-10-01,InvalidCode,Unknown,51.0
pandemic,2020-11-01,00L,NHS NORTHUMBERLAND CCG,60.0
pandemic,2020-11-01,00N,NHS SOUTH TYNESIDE CCG,60.0
pandemic,2020-11-01,00P,NHS SUNDERLAND CCG,53.0
pandemic,2020-11-01,00Q,NHS BLACKBURN WITH DARWEN CCG,42.0
pandemic,2020-11-01,00R,NHS BLACKPOOL CCG,57.0
pandemic,2020-11-01,00T,NHS BOLTON CCG,47.0
pandemic,2020-11-01,00V,NHS BURY CCG,48.0
pandemic,2020-11-01,00X,NHS CHORLEY AND SOUTH RIBBLE CCG,43.0
pandemic,2020-11-01,00Y,NHS OLDHAM CCG,48.0
pandemic,2020-11-01,01A,NHS EAST LANCASHIRE CCG,34.0
pandemic,2020-11-01,01D,"NHS HEYWOOD, MIDDLETON AND ROCHDALE CCG",50.0
pandemic,2020-11-01,01E,NHS GREATER PRESTON CCG,45.0
pandemic,2020-11-01,01F,NHS HALTON CCG,52.0
pandemic,2020-11-01,01G,NHS SALFORD CCG,41.0
pandemic,2020-11-01,01H,NHS NORTH CUMBRIA CCG,56.0
pandemic,2020-11-01,01J,NHS KNOWSLEY CCG,51.0
pandemic,2020-11-01,01K,NHS MORECAMBE BAY CCG,53.0
pandemic,2020-11-01,01T,NHS SOUTH SEFTON CCG,45.0
pandemic,2020-11-01,01V,NHS SOUTHPORT AND FORMBY CCG,48.0
pandemic,2020-11-01,01W,NHS STOCKPORT CCG,55.0
pandemic,2020-11-01,01X,NHS ST HELENS CCG,55.0
pandemic,2020-11-01,01Y,NHS TAMESIDE AND GLOSSOP CCG,50.0
pandemic,2020-11-01,02A,NHS TRAFFORD CCG,57.0
pandemic,2020-11-01,02E,NHS WARRINGTON CCG,49.0
pandemic,2020-11-01,02G,NHS WEST LANCASHIRE CCG,37.0
pandemic,2020-11-01,02H,NHS WIGAN BOROUGH CCG,51.0
pandemic,2020-11-01,02M,NHS FYLDE AND WYRE CCG,42.0
pandemic,2020-11-01,02P,NHS BARNSLEY CCG,62.0
pandemic,2020-11-01,02Q,NHS BASSETLAW CCG,59.0
pandemic,2020-11-01,02T,NHS CALDERDALE CCG,51.0
pandemic,2020-11-01,02X,NHS DONCASTER CCG,54.0
pandemic,2020-11-01,02Y,NHS EAST RIDING OF YORKSHIRE CCG,60.0
pandemic,2020-11-01,03A,NHS GREATER HUDDERSFIELD CCG,53.0
pandemic,2020-11-01,03F,NHS HULL CCG,54.0
pandemic,2020-11-01,03H,NHS NORTH EAST LINCOLNSHIRE CCG,49.0
pandemic,2020-11-01,03J,NHS NORTH KIRKLEES CCG,55.0
pandemic,2020-11-01,03K,NHS NORTH LINCOLNSHIRE CCG,50.0
pandemic,2020-11-01,03L,NHS ROTHERHAM CCG,44.0
pandemic,2020-11-01,03N,NHS SHEFFIELD CCG,34.0
pandemic,2020-11-01,03Q,NHS VALE OF YORK CCG,57.0
pandemic,2020-11-01,03R,NHS WAKEFIELD CCG,49.0
pandemic,2020-11-01,03W,NHS EAST LEICESTERSHIRE AND RUTLAND CCG,56.0
pandemic,2020-11-01,04C,NHS LEICESTER CITY CCG,46.0
pandemic,2020-11-01,04F,NHS MILTON KEYNES CCG,47.0
pandemic,2020-11-01,04V,NHS WEST LEICESTERSHIRE CCG,52.0
pandemic,2020-11-01,04Y,NHS CANNOCK CHASE CCG,56.0
pandemic,2020-11-01,05A,NHS COVENTRY AND RUGBY CCG,56.0
pandemic,2020-11-01,05C,NHS DUDLEY CCG,38.0
pandemic,2020-11-01,05D,NHS EAST STAFFORDSHIRE CCG,56.0
pandemic,2020-11-01,05G,NHS NORTH STAFFORDSHIRE CCG,55.0
pandemic,2020-11-01,05L,NHS SANDWELL AND WEST BIRMINGHAM CCG,52.0
pandemic,2020-11-01,05N,NHS SHROPSHIRE CCG,59.0
pandemic,2020-11-01,05Q,NHS SOUTH EAST STAFFORDSHIRE AND SEISDON PENINSULA CCG,54.0
pandemic,2020-11-01,05V,NHS STAFFORD AND SURROUNDS CCG,45.0
pandemic,2020-11-01,05W,NHS STOKE ON TRENT CCG,62.0
pandemic,2020-11-01,05X,NHS TELFORD AND WREKIN CCG,46.0
pandemic,2020-11-01,05Y,NHS WALSALL CCG,47.0
pandemic,2020-11-01,06A,NHS WOLVERHAMPTON CCG,55.0
pandemic,2020-11-01,06F,NHS BEDFORDSHIRE CCG,51.0
pandemic,2020-11-01,06H,NHS CAMBRIDGESHIRE AND PETERBOROUGH CCG,49.0
pandemic,2020-11-01,06K,NHS EAST AND NORTH HERTFORDSHIRE CCG,46.0
pandemic,2020-11-01,06L,NHS IPSWICH AND EAST SUFFOLK CCG,52.0
pandemic,2020-11-01,06N,NHS HERTS VALLEYS CCG,52.0
pandemic,2020-11-01,06P,NHS LUTON CCG,53.0
pandemic,2020-11-01,06Q,NHS MID ESSEX CCG,48.0
pandemic,2020-11-01,06T,NHS NORTH EAST ESSEX CCG,54.0
pandemic,2020-11-01,07G,NHS THURROCK CCG,57.0
pandemic,2020-11-01,07H,NHS WEST ESSEX CCG,49.0
pandemic,2020-11-01,07K,NHS WEST SUFFOLK CCG,61.0
pandemic,2020-11-01,07L,NHS BARKING AND DAGENHAM CCG,53.0
pandemic,2020-11-01,07P,NHS BRENT CCG,53.0
pandemic,2020-11-01,07T,NHS CITY AND HACKNEY CCG,60.0
pandemic,2020-11-01,07W,NHS EALING CCG,53.0
pandemic,2020-11-01,07Y,NHS HOUNSLOW CCG,52.0
pandemic,2020-11-01,08C,NHS HAMMERSMITH AND FULHAM CCG,53.0
pandemic,2020-11-01,08E,NHS HARROW CCG,57.0
pandemic,2020-11-01,08F,NHS HAVERING CCG,58.0
pandemic,2020-11-01,08G,NHS HILLINGDON CCG,52.0
pandemic,2020-11-01,08M,NHS NEWHAM CCG,57.0
pandemic,2020-11-01,08N,NHS REDBRIDGE CCG,57.0
pandemic,2020-11-01,08V,NHS TOWER HAMLETS CCG,55.0
pandemic,2020-11-01,08W,NHS WALTHAM FOREST CCG,60.0
pandemic,2020-11-01,08Y,NHS WEST LONDON CCG,46.0
pandemic,2020-11-01,09A,NHS CENTRAL LONDON (WESTMINSTER) CCG,56.0
pandemic,2020-11-01,09D,NHS BRIGHTON AND HOVE CCG,43.0
pandemic,2020-11-01,10C,NHS SURREY HEATH CCG,52.0
pandemic,2020-11-01,10J,NHS NORTH HAMPSHIRE CCG,50.0
pandemic,2020-11-01,10K,NHS FAREHAM AND GOSPORT CCG,56.0
pandemic,2020-11-01,10L,NHS ISLE OF WIGHT CCG,56.0
pandemic,2020-11-01,10Q,NHS OXFORDSHIRE CCG,48.0
pandemic,2020-11-01,10R,NHS PORTSMOUTH CCG,59.0
pandemic,2020-11-01,10V,NHS SOUTH EASTERN HAMPSHIRE CCG,56.0
pandemic,2020-11-01,10X,NHS SOUTHAMPTON CCG,50.0
pandemic,2020-11-01,11A,NHS WEST HAMPSHIRE CCG,53.0
pandemic,2020-11-01,11J,NHS DORSET CCG,53.0
pandemic,2020-11-01,11M,NHS GLOUCESTERSHIRE CCG,55.0
pandemic,2020-11-01,11N,NHS KERNOW CCG,44.0
pandemic,2020-11-01,11X,NHS SOMERSET CCG,57.0
pandemic,2020-11-01,12F,NHS WIRRAL CCG,38.0
pandemic,2020-11-01,13Q,NATIONAL COMMISSIONING HUB 1,37.0
pandemic,2020-11-01,13T,NHS NEWCASTLE GATESHEAD CCG,50.0
pandemic,2020-11-01,14L,NHS MANCHESTER CCG,43.0
pandemic,2020-11-01,14R,EAST OF ENGLAND - H&J COMMISSIONING HUB,50.0
pandemic,2020-11-01,14Y,NHS BUCKINGHAMSHIRE CCG,63.0
pandemic,2020-11-01,15A,NHS BERKSHIRE WEST CCG,61.0
pandemic,2020-11-01,15C,"NHS BRISTOL, NORTH SOMERSET AND SOUTH GLOUCESTERSHIRE CCG",48.0
pandemic,2020-11-01,15D,NHS EAST BERKSHIRE CCG,59.0
pandemic,2020-11-01,15E,NHS BIRMINGHAM AND SOLIHULL CCG,51.0
pandemic,2020-11-01,15F,NHS LEEDS CCG,51.0
pandemic,2020-11-01,15M,NHS DERBY AND DERBYSHIRE CCG,56.0
pandemic,2020-11-01,15N,NHS DEVON CCG,55.0
pandemic,2020-11-01,16C,NHS TEES VALLEY CCG,47.0
pandemic,2020-11-01,18C,NHS HEREFORDSHIRE AND WORCESTERSHIRE CCG,55.0
pandemic,2020-11-01,26A,NHS NORFOLK AND WAVENEY CCG,62.0
pandemic,2020-11-01,27D,NHS CHESHIRE CCG,51.0
pandemic,2020-11-01,36J,NHS BRADFORD DISTRICT AND CRAVEN CCG,57.0
pandemic,2020-11-01,36L,NHS SOUTH WEST LONDON CCG,52.0
pandemic,2020-11-01,42D,NHS NORTH YORKSHIRE CCG,60.0
pandemic,2020-11-01,52R,NHS NOTTINGHAM AND NOTTINGHAMSHIRE CCG,56.0
pandemic,2020-11-01,70F,NHS WEST SUSSEX CCG,59.0
pandemic,2020-11-01,71E,NHS LINCOLNSHIRE CCG,47.0
pandemic,2020-11-01,72Q,NHS SOUTH EAST LONDON CCG,52.0
pandemic,2020-11-01,78H,NHS NORTHAMPTONSHIRE CCG,54.0
pandemic,2020-11-01,84H,NHS COUNTY DURHAM CCG,50.0
pandemic,2020-11-01,91Q,NHS KENT AND MEDWAY CCG,50.0
pandemic,2020-11-01,92A,NHS SURREY HEARTLANDS CCG,52.0
pandemic,2020-11-01,92G,"NHS BATH AND NORTH EAST SOMERSET, SWINDON AND WILTSHIRE CCG",52.0
pandemic,2020-11-01,93C,NHS NORTH CENTRAL LONDON CCG,50.0
pandemic,2020-11-01,97R,NHS EAST SUSSEX CCG,52.0
pandemic,2020-11-01,99A,NHS LIVERPOOL CCG,49.0
pandemic,2020-11-01,99C,NHS NORTH TYNESIDE CCG,57.0
pandemic,2020-11-01,99E,NHS BASILDON AND BRENTWOOD CCG,46.0
pandemic,2020-11-01,99F,NHS CASTLE POINT AND ROCHFORD CCG,47.0
pandemic,2020-11-01,99G,NHS SOUTHEND CCG,45.0
pandemic,2020-11-01,99M,NHS NORTH EAST HAMPSHIRE AND FARNHAM CCG,47.0
pandemic,2020-11-01,InvalidCode,Unknown,54.0
pandemic,2020-12-01,00L,NHS NORTHUMBERLAND CCG,56.0
pandemic,2020-12-01,00N,NHS SOUTH TYNESIDE CCG,56.0
pandemic,2020-12-01,00P,NHS SUNDERLAND CCG,59.0
pandemic,2020-12-01,00Q,NHS BLACKBURN WITH DARWEN CCG,53.0
pandemic,2020-12-01,00R,NHS BLACKPOOL CCG,62.0
pandemic,2020-12-01,00T,NHS BOLTON CCG,51.0
pandemic,2020-12-01,00V,NHS BURY CCG,41.0
pandemic,2020-12-01,00X,NHS CHORLEY AND SOUTH RIBBLE CCG,49.0
pandemic,2020-12-01,00Y,NHS OLDHAM CCG,45.0
pandemic,2020-12-01,01A,NHS EAST LANCASHIRE CCG,48.0
pandemic,2020-12-01,01D,"NHS HEYWOOD, MIDDLETON AND ROCHDALE CCG",52.0
pandemic,2020-12-01,01E,NHS GREATER PRESTON CCG,45.0
pandemic,2020-12-01,01F,NHS HALTON CCG,51.0
pandemic,2020-12-01,01G,NHS SALFORD CCG,44.0
pandemic,2020-12-01,01H,NHS NORTH CUMBRIA CCG,53.0
pandemic,2020-12-01,01J,NHS KNOWSLEY CCG,52.0
pandemic,2020-12-01,01K,NHS MORECAMBE BAY CCG,58.0
pandemic,2020-12-01,01T,NHS SOUTH SEFTON CCG,45.0
pandemic,2020-12-01,01V,NHS SOUTHPORT AND FORMBY CCG,55.0
pandemic,2020-12-01,01W,NHS STOCKPORT CCG,50.0
pandemic,2020-12-01,01X,NHS ST HELENS CCG,53.0
pandemic,2020-12-01,01Y,NHS TAMESIDE AND GLOSSOP CCG,50.0
pandemic,2020-12-01,02A,NHS TRAFFORD CCG,54.0
pandemic,2020-12-01,02E,NHS WARRINGTON CCG,52.0
pandemic,2020-12-01,02G,NHS WEST LANCASHIRE CCG,37.0
pandemic,2020-12-01,02H,NHS WIGAN BOROUGH CCG,48.0
pandemic,2020-12-01,02M,NHS FYLDE AND WYRE CCG,58.0
pandemic,2020-12-01,02P,NHS BARNSLEY CCG,52.0
pandemic,2020-12-01,02Q,NHS BASSETLAW CCG,58.0
pandemic,2020-12-01,02T,NHS CALDERDALE CCG,48.0
pandemic,2020-12-01,02X,NHS DONCASTER CCG,47.0
pandemic,2020-12-01,02Y,NHS EAST RIDING OF YORKSHIRE CCG,60.0
pandemic,2020-12-01,03A,NHS GREATER HUDDERSFIELD CCG,65.0
pandemic,2020-12-01,03F,NHS HULL CCG,58.0
pandemic,2020-12-01,03H,NHS NORTH EAST LINCOLNSHIRE CCG,58.0
pandemic,2020-12-01,03J,NHS NORTH KIRKLEES CCG,51.0
pandemic,2020-12-01,03K,NHS NORTH LINCOLNSHIRE CCG,50.0
pandemic,2020-12-01,03L,NHS ROTHERHAM CCG,48.0
pandemic,2020-12-01,03N,NHS SHEFFIELD CCG,41.0
pandemic,2020-12-01,03Q,NHS VALE OF YORK CCG,56.0
pandemic,2020-12-01,03R,NHS WAKEFIELD CCG,51.0
pandemic,2020-12-01,03W,NHS EAST LEICESTERSHIRE AND RUTLAND CCG,60.0
pandemic,2020-12-01,04C,NHS LEICESTER CITY CCG,51.0
pandemic,2020-12-01,04F,NHS MILTON KEYNES CCG,44.0
pandemic,2020-12-01,04V,NHS WEST LEICESTERSHIRE CCG,54.0
pandemic,2020-12-01,04Y,NHS CANNOCK CHASE CCG,44.0
pandemic,2020-12-01,05C,NHS DUDLEY CCG,39.0
pandemic,2020-12-01,05D,NHS EAST STAFFORDSHIRE CCG,50.0
pandemic,2020-12-01,05G,NHS NORTH STAFFORDSHIRE CCG,62.0
pandemic,2020-12-01,05L,NHS SANDWELL AND WEST BIRMINGHAM CCG,56.0
pandemic,2020-12-01,05N,NHS SHROPSHIRE CCG,57.0
pandemic,2020-12-01,05Q,NHS SOUTH EAST STAFFORDSHIRE AND SEISDON PENINSULA CCG,52.0
pandemic,2020-12-01,05V,NHS STAFFORD AND SURROUNDS CCG,44.0
pandemic,2020-12-01,05W,NHS STOKE ON TRENT CCG,57.0
pandemic,2020-12-01,05X,NHS TELFORD AND WREKIN CCG,56.0
pandemic,2020-12-01,05Y,NHS WALSALL CCG,47.0
pandemic,2020-12-01,06A,NHS WOLVERHAMPTON CCG,52.0
pandemic,2020-12-01,06F,NHS BEDFORDSHIRE CCG,55.0
pandemic,2020-12-01,06H,NHS CAMBRIDGESHIRE AND PETERBOROUGH CCG,49.0
pandemic,2020-12-01,06K,NHS EAST AND NORTH HERTFORDSHIRE CCG,50.0
pandemic,2020-12-01,06L,NHS IPSWICH AND EAST SUFFOLK CCG,51.0
pandemic,2020-12-01,06N,NHS HERTS VALLEYS CCG,49.0
pandemic,2020-12-01,06P,NHS LUTON CCG,54.0
pandemic,2020-12-01,06Q,NHS MID ESSEX CCG,51.0
pandemic,2020-12-01,06T,NHS NORTH EAST ESSEX CCG,56.0
pandemic,2020-12-01,07G,NHS THURROCK CCG,64.0
pandemic,2020-12-01,07H,NHS WEST ESSEX CCG,47.0
pandemic,2020-12-01,07K,NHS WEST SUFFOLK CCG,62.0
pandemic,2020-12-01,07L,NHS BARKING AND DAGENHAM CCG,52.0
pandemic,2020-12-01,07P,NHS BRENT CCG,54.0
pandemic,2020-12-01,07T,NHS CITY AND HACKNEY CCG,61.0
pandemic,2020-12-01,07W,NHS EALING CCG,53.0
pandemic,2020-12-01,07Y,NHS HOUNSLOW CCG,50.0
pandemic,2020-12-01,08C,NHS HAMMERSMITH AND FULHAM CCG,51.0
pandemic,2020-12-01,08E,NHS HARROW CCG,55.0
pandemic,2020-12-01,08F,NHS HAVERING CCG,56.0
pandemic,2020-12-01,08G,NHS HILLINGDON CCG,53.0
pandemic,2020-12-01,08M,NHS NEWHAM CCG,44.0
pandemic,2020-12-01,08N,NHS REDBRIDGE CCG,56.0
pandemic,2020-12-01,08V,NHS TOWER HAMLETS CCG,57.0
pandemic,2020-12-01,08W,NHS WALTHAM FOREST CCG,53.0
pandemic,2020-12-01,08Y,NHS WEST LONDON CCG,55.0
pandemic,2020-12-01,09A,NHS CENTRAL LONDON (WESTMINSTER) CCG,52.0
pandemic,2020-12-01,09D,NHS BRIGHTON AND HOVE CCG,44.0
pandemic,2020-12-01,10C,NHS SURREY HEATH CCG,42.0
pandemic,2020-12-01,10J,NHS NORTH HAMPSHIRE CCG,53.0
pandemic,2020-12-01,10K,NHS FAREHAM AND GOSPORT CCG,53.0
pandemic,2020-12-01,10L,NHS ISLE OF WIGHT CCG,44.0
pandemic,2020-12-01,10Q,NHS OXFORDSHIRE CCG,54.0
pandemic,2020-12-01,10R,NHS PORTSMOUTH CCG,51.0
pandemic,2020-12-01,10V,NHS SOUTH EASTERN HAMPSHIRE CCG,54.0
pandemic,2020-12-01,10X,NHS SOUTHAMPTON CCG,52.0
pandemic,2020-12-01,11A,NHS WEST HAMPSHIRE CCG,54.0
pandemic,2020-12-01,11J,NHS DORSET CCG,51.0
pandemic,2020-12-01,11M,NHS GLOUCESTERSHIRE CCG,52.0
pandemic,2020-12-01,11N,NHS KERNOW CCG,40.0
pandemic,2020-12-01,11X,NHS SOMERSET CCG,64.0
pandemic,2020-12-01,12F,NHS WIRRAL CCG,34.0
pandemic,2020-12-01,13T,NHS NEWCASTLE GATESHEAD CCG,45.0
pandemic,2020-12-01,14L,NHS MANCHESTER CCG,43.0
pandemic,2020-12-01,14R,EAST OF ENGLAND - H&J COMMISSIONING HUB,48.0
pandemic,2020-12-01,14Y,NHS BUCKINGHAMSHIRE CCG,62.0
pandemic,2020-12-01,15A,NHS BERKSHIRE WEST CCG,56.0
pandemic,2020-12-01,15C,"NHS BRISTOL, NORTH SOMERSET AND SOUTH GLOUCESTERSHIRE CCG",49.0
pandemic,2020-12-01,15D,NHS EAST BERKSHIRE CCG,54.0
pandemic,2020-12-01,15E,NHS BIRMINGHAM AND SOLIHULL CCG,52.0
pandemic,2020-12-01,15F,NHS LEEDS CCG,46.0
pandemic,2020-12-01,15M,NHS DERBY AND DERBYSHIRE CCG,50.0
pandemic,2020-12-01,15N,NHS DEVON CCG,56.0
pandemic,2020-12-01,16C,NHS TEES VALLEY CCG,39.0
pandemic,2020-12-01,18C,NHS HEREFORDSHIRE AND WORCESTERSHIRE CCG,51.0
pandemic,2020-12-01,26A,NHS NORFOLK AND WAVENEY CCG,53.0
pandemic,2020-12-01,27D,NHS CHESHIRE CCG,51.0
pandemic,2020-12-01,36J,NHS BRADFORD DISTRICT AND CRAVEN CCG,56.0
pandemic,2020-12-01,36L,NHS SOUTH WEST LONDON CCG,55.0
pandemic,2020-12-01,42D,NHS NORTH YORKSHIRE CCG,56.0
pandemic,2020-12-01,52R,NHS NOTTINGHAM AND NOTTINGHAMSHIRE CCG,55.0
pandemic,2020-12-01,70F,NHS WEST SUSSEX CCG,61.0
pandemic,2020-12-01,71E,NHS LINCOLNSHIRE CCG,50.0
pandemic,2020-12-01,72Q,NHS SOUTH EAST LONDON CCG,52.0
pandemic,2020-12-01,78H,NHS NORTHAMPTONSHIRE CCG,57.0
pandemic,2020-12-01,84H,NHS COUNTY DURHAM CCG,38.0
pandemic,2020-12-01,91Q,NHS KENT AND MEDWAY CCG,50.0
pandemic,2020-12-01,92A,NHS SURREY HEARTLANDS CCG,48.0
pandemic,2020-12-01,92G,"NHS BATH AND NORTH EAST SOMERSET, SWINDON AND WILTSHIRE CCG",52.0
pandemic,2020-12-01,93C,NHS NORTH CENTRAL LONDON CCG,50.0
pandemic,2020-12-01,97R,NHS EAST SUSSEX CCG,51.0
pandemic,2020-12-01,99A,NHS LIVERPOOL CCG,51.0
pandemic,2020-12-01,99C,NHS NORTH TYNESIDE CCG,56.0
pandemic,2020-12-01,99E,NHS BASILDON AND BRENTWOOD CCG,44.0
pandemic,2020-12-01,99F,NHS CASTLE POINT AND ROCHFORD CCG,43.0
pandemic,2020-12-01,99G,NHS SOUTHEND CCG,45.0
pandemic,2020-12-01,99M,NHS NORTH EAST HAMPSHIRE AND FARNHAM CCG,54.0
pandemic,2020-12-01,InvalidCode,Unknown,57.0
pandemic,2021-01-01,00L,NHS NORTHUMBERLAND CCG,52.0
pandemic,2021-01-01,00N,NHS SOUTH TYNESIDE CCG,58.0
pandemic,2021-01-01,00P,NHS SUNDERLAND CCG,61.0
pandemic,2021-01-01,00Q,NHS BLACKBURN WITH DARWEN CCG,44.0
pandemic,2021-01-01,00R,NHS BLACKPOOL CCG,52.0
pandemic,2021-01-01,00T,NHS BOLTON CCG,50.0
pandemic,2021-01-01,00V,NHS BURY CCG,55.0
pandemic,2021-01-01,00X,NHS CHORLEY AND SOUTH RIBBLE CCG,40.0
pandemic,2021-01-01,00Y,NHS OLDHAM CCG,50.0
pandemic,2021-01-01,01A,NHS EAST LANCASHIRE CCG,48.0
pandemic,2021-01-01,01D,"NHS HEYWOOD, MIDDLETON AND ROCHDALE CCG",51.0
pandemic,2021-01-01,01E,NHS GREATER PRESTON CCG,46.0
pandemic,2021-01-01,01F,NHS HALTON CCG,51.0
pandemic,2021-01-01,01G,NHS SALFORD CCG,42.0
pandemic,2021-01-01,01H,NHS NORTH CUMBRIA CCG,49.0
pandemic,2021-01-01,01J,NHS KNOWSLEY CCG,51.0
pandemic,2021-01-01,01K,NHS MORECAMBE BAY CCG,54.0
pandemic,2021-01-01,01T,NHS SOUTH SEFTON CCG,63.0
pandemic,2021-01-01,01W,NHS STOCKPORT CCG,48.0
pandemic,2021-01-01,01X,NHS ST HELENS CCG,56.0
pandemic,2021-01-01,01Y,NHS TAMESIDE AND GLOSSOP CCG,50.0
pandemic,2021-01-01,02A,NHS TRAFFORD CCG,58.0
pandemic,2021-01-01,02E,NHS WARRINGTON CCG,46.0
pandemic,2021-01-01,02G,NHS WEST LANCASHIRE CCG,47.0
pandemic,2021-01-01,02H,NHS WIGAN BOROUGH CCG,52.0
pandemic,2021-01-01,02M,NHS FYLDE AND WYRE CCG,50.0
pandemic,2021-01-01,02P,NHS BARNSLEY CCG,50.0
pandemic,2021-01-01,02Q,NHS BASSETLAW CCG,59.0
pandemic,2021-01-01,02T,NHS CALDERDALE CCG,58.0
pandemic,2021-01-01,02X,NHS DONCASTER CCG,46.0
pandemic,2021-01-01,02Y,NHS EAST RIDING OF YORKSHIRE CCG,62.0
pandemic,2021-01-01,03A,NHS GREATER HUDDERSFIELD CCG,56.0
pandemic,2021-01-01,03F,NHS HULL CCG,59.0
pandemic,2021-01-01,03H,NHS NORTH EAST LINCOLNSHIRE CCG,52.0
pandemic,2021-01-01,03J,NHS NORTH KIRKLEES CCG,50.0
pandemic,2021-01-01,03K,NHS NORTH LINCOLNSHIRE CCG,45.0
pandemic,2021-01-01,03L,NHS ROTHERHAM CCG,54.0
pandemic,2021-01-01,03N,NHS SHEFFIELD CCG,48.0
pandemic,2021-01-01,03Q,NHS VALE OF YORK CCG,53.0
pandemic,2021-01-01,03R,NHS WAKEFIELD CCG,53.0
pandemic,2021-01-01,03W,NHS EAST LEICESTERSHIRE AND RUTLAND CCG,51.0
pandemic,2021-01-01,04C,NHS LEICESTER CITY CCG,49.0
pandemic,2021-01-01,04F,NHS MILTON KEYNES CCG,50.0
pandemic,2021-01-01,04V,NHS WEST LEICESTERSHIRE CCG,53.0
pandemic,2021-01-01,04Y,NHS CANNOCK CHASE CCG,47.0
pandemic,2021-01-01,05C,NHS DUDLEY CCG,38.0
pandemic,2021-01-01,05D,NHS EAST STAFFORDSHIRE CCG,56.0
pandemic,2021-01-01,05G,NHS NORTH STAFFORDSHIRE CCG,60.0
pandemic,2021-01-01,05L,NHS SANDWELL AND WEST BIRMINGHAM CCG,54.0
pandemic,2021-01-01,05N,NHS SHROPSHIRE CCG,51.0
pandemic,2021-01-01,05Q,NHS SOUTH EAST STAFFORDSHIRE AND SEISDON PENINSULA CCG,50.0
pandemic,2021-01-01,05V,NHS STAFFORD AND SURROUNDS CCG,52.0
pandemic,2021-01-01,05W,NHS STOKE ON TRENT CCG,64.0
pandemic,2021-01-01,05X,NHS TELFORD AND WREKIN CCG,58.0
pandemic,2021-01-01,05Y,NHS WALSALL CCG,45.0
pandemic,2021-01-01,06A,NHS WOLVERHAMPTON CCG,57.0
pandemic,2021-01-01,06F,NHS BEDFORDSHIRE CCG,50.0
pandemic,2021-01-01,06H,NHS CAMBRIDGESHIRE AND PETERBOROUGH CCG,49.0
pandemic,2021-01-01,06K,NHS EAST AND NORTH HERTFORDSHIRE CCG,52.0
pandemic,2021-01-01,06L,NHS IPSWICH AND EAST SUFFOLK CCG,51.0
pandemic,2021-01-01,06N,NHS HERTS VALLEYS CCG,52.0
pandemic,2021-01-01,06P,NHS LUTON CCG,54.0
pandemic,2021-01-01,06Q,NHS MID ESSEX CCG,50.0
pandemic,2021-01-01,06T,NHS NORTH EAST ESSEX CCG,49.0
pandemic,2021-01-01,07G,NHS THURROCK CCG,51.0
pandemic,2021-01-01,07H,NHS WEST ESSEX CCG,46.0
pandemic,2021-01-01,07K,NHS WEST SUFFOLK CCG,54.0
pandemic,2021-01-01,07L,NHS BARKING AND DAGENHAM CCG,53.0
pandemic,2021-01-01,07P,NHS BRENT CCG,54.0
pandemic,2021-01-01,07T,NHS CITY AND HACKNEY CCG,57.0
pandemic,2021-01-01,07W,NHS EALING CCG,53.0
pandemic,2021-01-01,07Y,NHS HOUNSLOW CCG,50.0
pandemic,2021-01-01,08C,NHS HAMMERSMITH AND FULHAM CCG,57.0
pandemic,2021-01-01,08E,NHS HARROW CCG,57.0
pandemic,2021-01-01,08F,NHS HAVERING CCG,51.0
pandemic,2021-01-01,08G,NHS HILLINGDON CCG,50.0
pandemic,2021-01-01,08M,NHS NEWHAM CCG,38.0
pandemic,2021-01-01,08N,NHS REDBRIDGE CCG,52.0
pandemic,2021-01-01,08V,NHS TOWER HAMLETS CCG,54.0
pandemic,2021-01-01,08W,NHS WALTHAM FOREST CCG,53.0
pandemic,2021-01-01,08Y,NHS WEST LONDON CCG,51.0
pandemic,2021-01-01,09A,NHS CENTRAL LONDON (WESTMINSTER) CCG,54.0
pandemic,2021-01-01,09D,NHS BRIGHTON AND HOVE CCG,35.0
pandemic,2021-01-01,10C,NHS SURREY HEATH CCG,45.0
pandemic,2021-01-01,10J,NHS NORTH HAMPSHIRE CCG,51.0
pandemic,2021-01-01,10K,NHS FAREHAM AND GOSPORT CCG,51.0
pandemic,2021-01-01,10L,NHS ISLE OF WIGHT CCG,49.0
pandemic,2021-01-01,10Q,NHS OXFORDSHIRE CCG,53.0
pandemic,2021-01-01,10R,NHS PORTSMOUTH CCG,65.0
pandemic,2021-01-01,10V,NHS SOUTH EASTERN HAMPSHIRE CCG,52.0
pandemic,2021-01-01,10X,NHS SOUTHAMPTON CCG,51.0
pandemic,2021-01-01,11A,NHS WEST HAMPSHIRE CCG,54.0
pandemic,2021-01-01,11J,NHS DORSET CCG,53.0
pandemic,2021-01-01,11M,NHS GLOUCESTERSHIRE CCG,52.0
pandemic,2021-01-01,11N,NHS KERNOW CCG,43.0
pandemic,2021-01-01,11X,NHS SOMERSET CCG,61.0
pandemic,2021-01-01,12F,NHS WIRRAL CCG,40.0
pandemic,2021-01-01,13Q,NATIONAL COMMISSIONING HUB 1,62.0
pandemic,2021-01-01,13T,NHS NEWCASTLE GATESHEAD CCG,48.0
pandemic,2021-01-01,14L,NHS MANCHESTER CCG,40.0
pandemic,2021-01-01,14R,EAST OF ENGLAND - H&J COMMISSIONING HUB,31.0
pandemic,2021-01-01,14Y,NHS BUCKINGHAMSHIRE CCG,61.0
pandemic,2021-01-01,15A,NHS BERKSHIRE WEST CCG,55.0
pandemic,2021-01-01,15C,"NHS BRISTOL, NORTH SOMERSET AND SOUTH GLOUCESTERSHIRE CCG",45.0
pandemic,2021-01-01,15D,NHS EAST BERKSHIRE CCG,55.0
pandemic,2021-01-01,15E,NHS BIRMINGHAM AND SOLIHULL CCG,52.0
pandemic,2021-01-01,15F,NHS LEEDS CCG,47.0
pandemic,2021-01-01,15M,NHS DERBY AND DERBYSHIRE CCG,48.0
pandemic,2021-01-01,15N,NHS DEVON CCG,57.0
pandemic,2021-01-01,16C,NHS TEES VALLEY CCG,40.0
pandemic,2021-01-01,18C,NHS HEREFORDSHIRE AND WORCESTERSHIRE CCG,55.0
pandemic,2021-01-01,26A,NHS NORFOLK AND WAVENEY CCG,57.0
pandemic,2021-01-01,27D,NHS CHESHIRE CCG,56.0
pandemic,2021-01-01,36J,NHS BRADFORD DISTRICT AND CRAVEN CCG,53.0
pandemic,2021-01-01,36L,NHS SOUTH WEST LONDON CCG,54.0
pandemic,2021-01-01,42D,NHS NORTH YORKSHIRE CCG,63.0
pandemic,2021-01-01,52R,NHS NOTTINGHAM AND NOTTINGHAMSHIRE CCG,54.0
pandemic,2021-01-01,70F,NHS WEST SUSSEX CCG,61.0
pandemic,2021-01-01,71E,NHS LINCOLNSHIRE CCG,51.0
pandemic,2021-01-01,72Q,NHS SOUTH EAST LONDON CCG,54.0
pandemic,2021-01-01,78H,NHS NORTHAMPTONSHIRE CCG,54.0
pandemic,2021-01-01,84H,NHS COUNTY DURHAM CCG,53.0
pandemic,2021-01-01,91Q,NHS KENT AND MEDWAY CCG,49.0
pandemic,2021-01-01,92A,NHS SURREY HEARTLANDS CCG,47.0
pandemic,2021-01-01,92G,"NHS BATH AND NORTH EAST SOMERSET, SWINDON AND WILTSHIRE CCG",49.0
pandemic,2021-01-01,93C,NHS NORTH CENTRAL LONDON CCG,50.0
pandemic,2021-01-01,97R,NHS EAST SUSSEX CCG,50.0
pandemic,2021-01-01,99A,NHS LIVERPOOL CCG,48.0
pandemic,2021-01-01,99C,NHS NORTH TYNESIDE CCG,60.0
pandemic,2021-01-01,99E,NHS BASILDON AND BRENTWOOD CCG,63.0
pandemic,2021-01-01,99F,NHS CASTLE POINT AND ROCHFORD CCG,50.0
pandemic,2021-01-01,99G,NHS SOUTHEND CCG,45.0
pandemic,2021-01-01,99M,NHS NORTH EAST HAMPSHIRE AND FARNHAM CCG,59.0
pandemic,2021-01-01,InvalidCode,Unknown,55.0
pandemic,2021-02-01,00L,NHS NORTHUMBERLAND CCG,54.0
pandemic,2021-02-01,00N,NHS SOUTH TYNESIDE CCG,59.0
pandemic,2021-02-01,00P,NHS SUNDERLAND CCG,58.0
pandemic,2021-02-01,00Q,NHS BLACKBURN WITH DARWEN CCG,50.0
pandemic,2021-02-01,00R,NHS BLACKPOOL CCG,58.0
pandemic,2021-02-01,00T,NHS BOLTON CCG,44.0
pandemic,2021-02-01,00V,NHS BURY CCG,53.0
pandemic,2021-02-01,00X,NHS CHORLEY AND SOUTH RIBBLE CCG,43.0
pandemic,2021-02-01,00Y,NHS OLDHAM CCG,53.0
pandemic,2021-02-01,01A,NHS EAST LANCASHIRE CCG,54.0
pandemic,2021-02-01,01D,"NHS HEYWOOD, MIDDLETON AND ROCHDALE CCG",49.0
pandemic,2021-02-01,01E,NHS GREATER PRESTON CCG,53.0
pandemic,2021-02-01,01F,NHS HALTON CCG,50.0
pandemic,2021-02-01,01G,NHS SALFORD CCG,41.0
pandemic,2021-02-01,01H,NHS NORTH CUMBRIA CCG,50.0
pandemic,2021-02-01,01J,NHS KNOWSLEY CCG,50.0
pandemic,2021-02-01,01K,NHS MORECAMBE BAY CCG,59.0
pandemic,2021-02-01,01T,NHS SOUTH SEFTON CCG,50.0
pandemic,2021-02-01,01V,NHS SOUTHPORT AND FORMBY CCG,33.0
pandemic,2021-02-01,01W,NHS STOCKPORT CCG,52.0
pandemic,2021-02-01,01X,NHS ST HELENS CCG,50.0
pandemic,2021-02-01,01Y,NHS TAMESIDE AND GLOSSOP CCG,49.0
pandemic,2021-02-01,02A,NHS TRAFFORD CCG,61.0
pandemic,2021-02-01,02E,NHS WARRINGTON CCG,54.0
pandemic,2021-02-01,02G,NHS WEST LANCASHIRE CCG,62.0
pandemic,2021-02-01,02H,NHS WIGAN BOROUGH CCG,52.0
pandemic,2021-02-01,02M,NHS FYLDE AND WYRE CCG,51.0
pandemic,2021-02-01,02P,NHS BARNSLEY CCG,54.0
pandemic,2021-02-01,02Q,NHS BASSETLAW CCG,45.0
pandemic,2021-02-01,02T,NHS CALDERDALE CCG,66.0
pandemic,2021-02-01,02X,NHS DONCASTER CCG,48.0
pandemic,2021-02-01,02Y,NHS EAST RIDING OF YORKSHIRE CCG,55.0
pandemic,2021-02-01,03A,NHS GREATER HUDDERSFIELD CCG,55.0
pandemic,2021-02-01,03F,NHS HULL CCG,61.0
pandemic,2021-02-01,03H,NHS NORTH EAST LINCOLNSHIRE CCG,58.0
pandemic,2021-02-01,03J,NHS NORTH KIRKLEES CCG,45.0
pandemic,2021-02-01,03K,NHS NORTH LINCOLNSHIRE CCG,53.0
pandemic,2021-02-01,03L,NHS ROTHERHAM CCG,43.0
pandemic,2021-02-01,03N,NHS SHEFFIELD CCG,44.0
pandemic,2021-02-01,03Q,NHS VALE OF YORK CCG,54.0
pandemic,2021-02-01,03R,NHS WAKEFIELD CCG,53.0
pandemic,2021-02-01,03W,NHS EAST LEICESTERSHIRE AND RUTLAND CCG,56.0
pandemic,2021-02-01,04C,NHS LEICESTER CITY CCG,49.0
pandemic,2021-02-01,04F,NHS MILTON KEYNES CCG,51.0
pandemic,2021-02-01,04V,NHS WEST LEICESTERSHIRE CCG,61.0
pandemic,2021-02-01,04Y,NHS CANNOCK CHASE CCG,54.0
pandemic,2021-02-01,05C,NHS DUDLEY CCG,46.0
pandemic,2021-02-01,05D,NHS EAST STAFFORDSHIRE CCG,51.0
pandemic,2021-02-01,05G,NHS NORTH STAFFORDSHIRE CCG,57.0
pandemic,2021-02-01,05L,NHS SANDWELL AND WEST BIRMINGHAM CCG,55.0
pandemic,2021-02-01,05N,NHS SHROPSHIRE CCG,44.0
pandemic,2021-02-01,05Q,NHS SOUTH EAST STAFFORDSHIRE AND SEISDON PENINSULA CCG,58.0
pandemic,2021-02-01,05V,NHS STAFFORD AND SURROUNDS CCG,53.0
pandemic,2021-02-01,05W,NHS STOKE ON TRENT CCG,50.0
pandemic,2021-02-01,05X,NHS TELFORD AND WREKIN CCG,56.0
pandemic,2021-02-01,05Y,NHS WALSALL CCG,42.0
pandemic,2021-02-01,06A,NHS WOLVERHAMPTON CCG,49.0
pandemic,2021-02-01,06F,NHS BEDFORDSHIRE CCG,53.0
pandemic,2021-02-01,06H,NHS CAMBRIDGESHIRE AND PETERBOROUGH CCG,51.0
pandemic,2021-02-01,06K,NHS EAST AND NORTH HERTFORDSHIRE CCG,47.0
pandemic,2021-02-01,06L,NHS IPSWICH AND EAST SUFFOLK CCG,49.0
pandemic,2021-02-01,06N,NHS HERTS VALLEYS CCG,54.0
pandemic,2021-02-01,06P,NHS LUTON CCG,56.0
pandemic,2021-02-01,06Q,NHS MID ESSEX CCG,49.0
pandemic,2021-02-01,06T,NHS NORTH EAST ESSEX CCG,55.0
pandemic,2021-02-01,07G,NHS THURROCK CCG,53.0
pandemic,2021-02-01,07H,NHS WEST ESSEX CCG,55.0
pandemic,2021-02-01,07K,NHS WEST SUFFOLK CCG,52.0
pandemic,2021-02-01,07L,NHS BARKING AND DAGENHAM CCG,54.0
pandemic,2021-02-01,07P,NHS BRENT CCG,55.0
pandemic,2021-02-01,07T,NHS CITY AND HACKNEY CCG,66.0
pandemic,2021-02-01,07W,NHS EALING CCG,57.0
pandemic,2021-02-01,07Y,NHS HOUNSLOW CCG,53.0
pandemic,2021-02-01,08C,NHS HAMMERSMITH AND FULHAM CCG,54.0
pandemic,2021-02-01,08E,NHS HARROW CCG,58.0
pandemic,2021-02-01,08F,NHS HAVERING CCG,60.0
pandemic,2021-02-01,08G,NHS HILLINGDON CCG,52.0
pandemic,2021-02-01,08M,NHS NEWHAM CCG,64.0
pandemic,2021-02-01,08N,NHS REDBRIDGE CCG,45.0
pandemic,2021-02-01,08V,NHS TOWER HAMLETS CCG,58.0
pandemic,2021-02-01,08W,NHS WALTHAM FOREST CCG,59.0
pandemic,2021-02-01,08Y,NHS WEST LONDON CCG,52.0
pandemic,2021-02-01,09A,NHS CENTRAL LONDON (WESTMINSTER) CCG,55.0
pandemic,2021-02-01,09D,NHS BRIGHTON AND HOVE CCG,40.0
pandemic,2021-02-01,10C,NHS SURREY HEATH CCG,52.0
pandemic,2021-02-01,10J,NHS NORTH HAMPSHIRE CCG,62.0
pandemic,2021-02-01,10K,NHS FAREHAM AND GOSPORT CCG,61.0
pandemic,2021-02-01,10L,NHS ISLE OF WIGHT CCG,52.0
pandemic,2021-02-01,10Q,NHS OXFORDSHIRE CCG,53.0
pandemic,2021-02-01,10R,NHS PORTSMOUTH CCG,58.0
pandemic,2021-02-01,10V,NHS SOUTH EASTERN HAMPSHIRE CCG,48.0
pandemic,2021-02-01,10X,NHS SOUTHAMPTON CCG,52.0
pandemic,2021-02-01,11A,NHS WEST HAMPSHIRE CCG,54.0
pandemic,2021-02-01,11J,NHS DORSET CCG,49.0
pandemic,2021-02-01,11M,NHS GLOUCESTERSHIRE CCG,51.0
pandemic,2021-02-01,11N,NHS KERNOW CCG,39.0
pandemic,2021-02-01,11X,NHS SOMERSET CCG,63.0
pandemic,2021-02-01,12F,NHS WIRRAL CCG,36.0
pandemic,2021-02-01,13Q,NATIONAL COMMISSIONING HUB 1,53.0
pandemic,2021-02-01,13T,NHS NEWCASTLE GATESHEAD CCG,50.0
pandemic,2021-02-01,14L,NHS MANCHESTER CCG,40.0
pandemic,2021-02-01,14R,EAST OF ENGLAND - H&J COMMISSIONING HUB,24.0
pandemic,2021-02-01,14Y,NHS BUCKINGHAMSHIRE CCG,57.0
pandemic,2021-02-01,15A,NHS BERKSHIRE WEST CCG,53.0
pandemic,2021-02-01,15C,"NHS BRISTOL, NORTH SOMERSET AND SOUTH GLOUCESTERSHIRE CCG",52.0
pandemic,2021-02-01,15D,NHS EAST BERKSHIRE CCG,55.0
pandemic,2021-02-01,15E,NHS BIRMINGHAM AND SOLIHULL CCG,49.0
pandemic,2021-02-01,15F,NHS LEEDS CCG,45.0
pandemic,2021-02-01,15M,NHS DERBY AND DERBYSHIRE CCG,48.0
pandemic,2021-02-01,15N,NHS DEVON CCG,57.0
pandemic,2021-02-01,16C,NHS TEES VALLEY CCG,41.0
pandemic,2021-02-01,18C,NHS HEREFORDSHIRE AND WORCESTERSHIRE CCG,56.0
pandemic,2021-02-01,26A,NHS NORFOLK AND WAVENEY CCG,58.0
pandemic,2021-02-01,27D,NHS CHESHIRE CCG,52.0
pandemic,2021-02-01,36J,NHS BRADFORD DISTRICT AND CRAVEN CCG,60.0
pandemic,2021-02-01,36L,NHS SOUTH WEST LONDON CCG,57.0
pandemic,2021-02-01,42D,NHS NORTH YORKSHIRE CCG,64.0
pandemic,2021-02-01,52R,NHS NOTTINGHAM AND NOTTINGHAMSHIRE CCG,55.0
pandemic,2021-02-01,70F,NHS WEST SUSSEX CCG,66.0
pandemic,2021-02-01,71E,NHS LINCOLNSHIRE CCG,53.0
pandemic,2021-02-01,72Q,NHS SOUTH EAST LONDON CCG,57.0
pandemic,2021-02-01,78H,NHS NORTHAMPTONSHIRE CCG,56.0
pandemic,2021-02-01,84H,NHS COUNTY DURHAM CCG,51.0
pandemic,2021-02-01,91Q,NHS KENT AND MEDWAY CCG,53.0
pandemic,2021-02-01,92A,NHS SURREY HEARTLANDS CCG,55.0
pandemic,2021-02-01,92G,"NHS BATH AND NORTH EAST SOMERSET, SWINDON AND WILTSHIRE CCG",52.0
pandemic,2021-02-01,93C,NHS NORTH CENTRAL LONDON CCG,47.0
pandemic,2021-02-01,97R,NHS EAST SUSSEX CCG,50.0
pandemic,2021-02-01,99A,NHS LIVERPOOL CCG,51.0
pandemic,2021-02-01,99C,NHS NORTH TYNESIDE CCG,59.0
pandemic,2021-02-01,99E,NHS BASILDON AND BRENTWOOD CCG,64.0
pandemic,2021-02-01,99F,NHS CASTLE POINT AND ROCHFORD CCG,52.0
pandemic,2021-02-01,99G,NHS SOUTHEND CCG,45.0
pandemic,2021-02-01,99M,NHS NORTH EAST HAMPSHIRE AND FARNHAM CCG,53.0
pandemic,2021-02-01,InvalidCode,Unknown,52.0
pandemic,2021-03-01,00L,NHS NORTHUMBERLAND CCG,57.0
pandemic,2021-03-01,00N,NHS SOUTH TYNESIDE CCG,62.0
pandemic,2021-03-01,00P,NHS SUNDERLAND CCG,62.0
pandemic,2021-03-01,00Q,NHS BLACKBURN WITH DARWEN CCG,55.0
pandemic,2021-03-01,00R,NHS BLACKPOOL CCG,59.0
pandemic,2021-03-01,00T,NHS BOLTON CCG,46.0
pandemic,2021-03-01,00V,NHS BURY CCG,51.0
pandemic,2021-03-01,00X,NHS CHORLEY AND SOUTH RIBBLE CCG,52.0
pandemic,2021-03-01,00Y,NHS OLDHAM CCG,54.0
pandemic,2021-03-01,01A,NHS EAST LANCASHIRE CCG,57.0
pandemic,2021-03-01,01D,"NHS HEYWOOD, MIDDLETON AND ROCHDALE CCG",53.0
pandemic,2021-03-01,01E,NHS GREATER PRESTON CCG,46.0
pandemic,2021-03-01,01F,NHS HALTON CCG,44.0
pandemic,2021-03-01,01G,NHS SALFORD CCG,42.0
pandemic,2021-03-01,01H,NHS NORTH CUMBRIA CCG,54.0
pandemic,2021-03-01,01J,NHS KNOWSLEY CCG,52.0
pandemic,2021-03-01,01K,NHS MORECAMBE BAY CCG,53.0
pandemic,2021-03-01,01T,NHS SOUTH SEFTON CCG,44.0
pandemic,2021-03-01,01V,NHS SOUTHPORT AND FORMBY CCG,45.0
pandemic,2021-03-01,01W,NHS STOCKPORT CCG,57.0
pandemic,2021-03-01,01X,NHS ST HELENS CCG,50.0
pandemic,2021-03-01,01Y,NHS TAMESIDE AND GLOSSOP CCG,54.0
pandemic,2021-03-01,02A,NHS TRAFFORD CCG,56.0
pandemic,2021-03-01,02E,NHS WARRINGTON CCG,51.0
pandemic,2021-03-01,02G,NHS WEST LANCASHIRE CCG,49.0
pandemic,2021-03-01,02H,NHS WIGAN BOROUGH CCG,53.0
pandemic,2021-03-01,02M,NHS FYLDE AND WYRE CCG,57.0
pandemic,2021-03-01,02P,NHS BARNSLEY CCG,56.0
pandemic,2021-03-01,02Q,NHS BASSETLAW CCG,61.0
pandemic,2021-03-01,02T,NHS CALDERDALE CCG,61.0
pandemic,2021-03-01,02X,NHS DONCASTER CCG,49.0
pandemic,2021-03-01,02Y,NHS EAST RIDING OF YORKSHIRE CCG,58.0
pandemic,2021-03-01,03A,NHS GREATER HUDDERSFIELD CCG,51.0
pandemic,2021-03-01,03F,NHS HULL CCG,61.0
pandemic,2021-03-01,03H,NHS NORTH EAST LINCOLNSHIRE CCG,56.0
pandemic,2021-03-01,03J,NHS NORTH KIRKLEES CCG,50.0
pandemic,2021-03-01,03K,NHS NORTH LINCOLNSHIRE CCG,57.0
pandemic,2021-03-01,03L,NHS ROTHERHAM CCG,53.0
pandemic,2021-03-01,03N,NHS SHEFFIELD CCG,44.0
pandemic,2021-03-01,03Q,NHS VALE OF YORK CCG,55.0
pandemic,2021-03-01,03R,NHS WAKEFIELD CCG,55.0
pandemic,2021-03-01,03W,NHS EAST LEICESTERSHIRE AND RUTLAND CCG,55.0
pandemic,2021-03-01,04C,NHS LEICESTER CITY CCG,49.0
pandemic,2021-03-01,04F,NHS MILTON KEYNES CCG,52.0
pandemic,2021-03-01,04V,NHS WEST LEICESTERSHIRE CCG,55.0
pandemic,2021-03-01,04Y,NHS CANNOCK CHASE CCG,43.0
pandemic,2021-03-01,05C,NHS DUDLEY CCG,47.0
pandemic,2021-03-01,05D,NHS EAST STAFFORDSHIRE CCG,52.0
pandemic,2021-03-01,05G,NHS NORTH STAFFORDSHIRE CCG,54.0
pandemic,2021-03-01,05L,NHS SANDWELL AND WEST BIRMINGHAM CCG,58.0
pandemic,2021-03-01,05N,NHS SHROPSHIRE CCG,46.0
pandemic,2021-03-01,05Q,NHS SOUTH EAST STAFFORDSHIRE AND SEISDON PENINSULA CCG,50.0
pandemic,2021-03-01,05V,NHS STAFFORD AND SURROUNDS CCG,54.0
pandemic,2021-03-01,05W,NHS STOKE ON TRENT CCG,64.0
pandemic,2021-03-01,05X,NHS TELFORD AND WREKIN CCG,55.0
pandemic,2021-03-01,05Y,NHS WALSALL CCG,52.0
pandemic,2021-03-01,06A,NHS WOLVERHAMPTON CCG,54.0
pandemic,2021-03-01,06F,NHS BEDFORDSHIRE CCG,50.0
pandemic,2021-03-01,06H,NHS CAMBRIDGESHIRE AND PETERBOROUGH CCG,48.0
pandemic,2021-03-01,06K,NHS EAST AND NORTH HERTFORDSHIRE CCG,53.0
pandemic,2021-03-01,06L,NHS IPSWICH AND EAST SUFFOLK CCG,53.0
pandemic,2021-03-01,06N,NHS HERTS VALLEYS CCG,50.0
pandemic,2021-03-01,06P,NHS LUTON CCG,52.0
pandemic,2021-03-01,06Q,NHS MID ESSEX CCG,51.0
pandemic,2021-03-01,06T,NHS NORTH EAST ESSEX CCG,53.0
pandemic,2021-03-01,07G,NHS THURROCK CCG,58.0
pandemic,2021-03-01,07H,NHS WEST ESSEX CCG,57.0
pandemic,2021-03-01,07K,NHS WEST SUFFOLK CCG,53.0
pandemic,2021-03-01,07L,NHS BARKING AND DAGENHAM CCG,53.0
pandemic,2021-03-01,07P,NHS BRENT CCG,53.0
pandemic,2021-03-01,07T,NHS CITY AND HACKNEY CCG,63.0
pandemic,2021-03-01,07W,NHS EALING CCG,54.0
pandemic,2021-03-01,07Y,NHS HOUNSLOW CCG,58.0
pandemic,2021-03-01,08C,NHS HAMMERSMITH AND FULHAM CCG,56.0
pandemic,2021-03-01,08E,NHS HARROW CCG,51.0
pandemic,2021-03-01,08F,NHS HAVERING CCG,61.0
pandemic,2021-03-01,08G,NHS HILLINGDON CCG,53.0
pandemic,2021-03-01,08M,NHS NEWHAM CCG,48.0
pandemic,2021-03-01,08N,NHS REDBRIDGE CCG,51.0
pandemic,2021-03-01,08V,NHS TOWER HAMLETS CCG,53.0
pandemic,2021-03-01,08W,NHS WALTHAM FOREST CCG,55.0
pandemic,2021-03-01,08Y,NHS WEST LONDON CCG,53.0
pandemic,2021-03-01,09A,NHS CENTRAL LONDON (WESTMINSTER) CCG,51.0
pandemic,2021-03-01,09D,NHS BRIGHTON AND HOVE CCG,45.0
pandemic,2021-03-01,10C,NHS SURREY HEATH CCG,48.0
pandemic,2021-03-01,10J,NHS NORTH HAMPSHIRE CCG,60.0
pandemic,2021-03-01,10K,NHS FAREHAM AND GOSPORT CCG,57.0
pandemic,2021-03-01,10L,NHS ISLE OF WIGHT CCG,61.0
pandemic,2021-03-01,10Q,NHS OXFORDSHIRE CCG,51.0
pandemic,2021-03-01,10R,NHS PORTSMOUTH CCG,64.0
pandemic,2021-03-01,10V,NHS SOUTH EASTERN HAMPSHIRE CCG,58.0
pandemic,2021-03-01,10X,NHS SOUTHAMPTON CCG,53.0
pandemic,2021-03-01,11A,NHS WEST HAMPSHIRE CCG,52.0
pandemic,2021-03-01,11J,NHS DORSET CCG,54.0
pandemic,2021-03-01,11M,NHS GLOUCESTERSHIRE CCG,56.0
pandemic,2021-03-01,11N,NHS KERNOW CCG,30.0
pandemic,2021-03-01,11X,NHS SOMERSET CCG,65.0
pandemic,2021-03-01,12F,NHS WIRRAL CCG,36.0
pandemic,2021-03-01,13Q,NATIONAL COMMISSIONING HUB 1,56.0
pandemic,2021-03-01,13T,NHS NEWCASTLE GATESHEAD CCG,53.0
pandemic,2021-03-01,14L,NHS MANCHESTER CCG,46.0
pandemic,2021-03-01,14R,EAST OF ENGLAND - H&J COMMISSIONING HUB,34.0
pandemic,2021-03-01,14Y,NHS BUCKINGHAMSHIRE CCG,65.0
pandemic,2021-03-01,15A,NHS BERKSHIRE WEST CCG,53.0
pandemic,2021-03-01,15C,"NHS BRISTOL, NORTH SOMERSET AND SOUTH GLOUCESTERSHIRE CCG",52.0
pandemic,2021-03-01,15D,NHS EAST BERKSHIRE CCG,51.0
pandemic,2021-03-01,15E,NHS BIRMINGHAM AND SOLIHULL CCG,52.0
pandemic,2021-03-01,15F,NHS LEEDS CCG,45.0
pandemic,2021-03-01,15M,NHS DERBY AND DERBYSHIRE CCG,57.0
pandemic,2021-03-01,15N,NHS DEVON CCG,56.0
pandemic,2021-03-01,16C,NHS TEES VALLEY CCG,41.0
pandemic,2021-03-01,18C,NHS HEREFORDSHIRE AND WORCESTERSHIRE CCG,48.0
pandemic,2021-03-01,26A,NHS NORFOLK AND WAVENEY CCG,59.0
pandemic,2021-03-01,27D,NHS CHESHIRE CCG,54.0
pandemic,2021-03-01,36J,NHS BRADFORD DISTRICT AND CRAVEN CCG,57.0
pandemic,2021-03-01,36L,NHS SOUTH WEST LONDON CCG,53.0
pandemic,2021-03-01,42D,NHS NORTH YORKSHIRE CCG,66.0
pandemic,2021-03-01,52R,NHS NOTTINGHAM AND NOTTINGHAMSHIRE CCG,52.0
pandemic,2021-03-01,70F,NHS WEST SUSSEX CCG,64.0
pandemic,2021-03-01,71E,NHS LINCOLNSHIRE CCG,52.0
pandemic,2021-03-01,72Q,NHS SOUTH EAST LONDON CCG,55.0
pandemic,2021-03-01,78H,NHS NORTHAMPTONSHIRE CCG,56.0
pandemic,2021-03-01,84H,NHS COUNTY DURHAM CCG,59.0
pandemic,2021-03-01,91Q,NHS KENT AND MEDWAY CCG,54.0
pandemic,2021-03-01,92A,NHS SURREY HEARTLANDS CCG,53.0
pandemic,2021-03-01,92G,"NHS BATH AND NORTH EAST SOMERSET, SWINDON AND WILTSHIRE CCG",51.0
pandemic,2021-03-01,93C,NHS NORTH CENTRAL LONDON CCG,48.0
pandemic,2021-03-01,97R,NHS EAST SUSSEX CCG,50.0
pandemic,2021-03-01,99A,NHS LIVERPOOL CCG,50.0
pandemic,2021-03-01,99C,NHS NORTH TYNESIDE CCG,59.0
pandemic,2021-03-01,99E,NHS BASILDON AND BRENTWOOD CCG,59.0
pandemic,2021-03-01,99F,NHS CASTLE POINT AND ROCHFORD CCG,55.0
pandemic,2021-03-01,99G,NHS SOUTHEND CCG,45.0
pandemic,2021-03-01,99M,NHS NORTH EAST HAMPSHIRE AND FARNHAM CCG,60.0
pandemic,2021-03-01,InvalidCode,Unknown,56.0
recovery,2021-04-01,00L,NHS NORTHUMBERLAND CCG,57.0
recovery,2021-04-01,00N,NHS SOUTH TYNESIDE CCG,59.0
recovery,2021-04-01,00P,NHS SUNDERLAND CCG,61.0
recovery,2021-04-01,00Q,NHS BLACKBURN WITH DARWEN CCG,57.0
recovery,2021-04-01,00R,NHS BLACKPOOL CCG,55.0
recovery,2021-04-01,00T,NHS BOLTON CCG,49.0
recovery,2021-04-01,00V,NHS BURY CCG,48.0
recovery,2021-04-01,00X,NHS CHORLEY AND SOUTH RIBBLE CCG,52.0
recovery,2021-04-01,00Y,NHS OLDHAM CCG,54.0
recovery,2021-04-01,01A,NHS EAST LANCASHIRE CCG,56.0
recovery,2021-04-01,01D,"NHS HEYWOOD, MIDDLETON AND ROCHDALE CCG",52.0
recovery,2021-04-01,01E,NHS GREATER PRESTON CCG,57.0
recovery,2021-04-01,01F,NHS HALTON CCG,52.0
recovery,2021-04-01,01G,NHS SALFORD CCG,40.0
recovery,2021-04-01,01H,NHS NORTH CUMBRIA CCG,54.0
recovery,2021-04-01,01J,NHS KNOWSLEY CCG,51.0
recovery,2021-04-01,01K,NHS MORECAMBE BAY CCG,59.0
recovery,2021-04-01,01T,NHS SOUTH SEFTON CCG,48.0
recovery,2021-04-01,01V,NHS SOUTHPORT AND FORMBY CCG,47.0
recovery,2021-04-01,01W,NHS STOCKPORT CCG,49.0
recovery,2021-04-01,01X,NHS ST HELENS CCG,51.0
recovery,2021-04-01,01Y,NHS TAMESIDE AND GLOSSOP CCG,51.0
recovery,2021-04-01,02A,NHS TRAFFORD CCG,54.0
recovery,2021-04-01,02E,NHS WARRINGTON CCG,50.0
recovery,2021-04-01,02G,NHS WEST LANCASHIRE CCG,66.0
recovery,2021-04-01,02H,NHS WIGAN BOROUGH CCG,52.0
recovery,2021-04-01,02M,NHS FYLDE AND WYRE CCG,47.0
recovery,2021-04-01,02P,NHS BARNSLEY CCG,57.0
recovery,2021-04-01,02Q,NHS BASSETLAW CCG,57.0
recovery,2021-04-01,02T,NHS CALDERDALE CCG,55.0
recovery,2021-04-01,02X,NHS DONCASTER CCG,48.0
recovery,2021-04-01,02Y,NHS EAST RIDING OF YORKSHIRE CCG,58.0
recovery,2021-04-01,03F,NHS HULL CCG,61.0
recovery,2021-04-01,03H,NHS NORTH EAST LINCOLNSHIRE CCG,55.0
recovery,2021-04-01,03K,NHS NORTH LINCOLNSHIRE CCG,34.0
recovery,2021-04-01,03L,NHS ROTHERHAM CCG,51.0
recovery,2021-04-01,03N,NHS SHEFFIELD CCG,51.0
recovery,2021-04-01,03Q,NHS VALE OF YORK CCG,54.0
recovery,2021-04-01,03R,NHS WAKEFIELD CCG,51.0
recovery,2021-04-01,03W,NHS EAST LEICESTERSHIRE AND RUTLAND CCG,61.0
recovery,2021-04-01,04C,NHS LEICESTER CITY CCG,50.0
recovery,2021-04-01,04V,NHS WEST LEICESTERSHIRE CCG,53.0
recovery,2021-04-01,04Y,NHS CANNOCK CHASE CCG,55.0
recovery,2021-04-01,05D,NHS EAST STAFFORDSHIRE CCG,48.0
recovery,2021-04-01,05G,NHS NORTH STAFFORDSHIRE CCG,57.0
recovery,2021-04-01,05Q,NHS SOUTH EAST STAFFORDSHIRE AND SEISDON PENINSULA CCG,56.0
recovery,2021-04-01,05V,NHS STAFFORD AND SURROUNDS CCG,63.0
recovery,2021-04-01,05W,NHS STOKE ON TRENT CCG,53.0
recovery,2021-04-01,06H,NHS CAMBRIDGESHIRE AND PETERBOROUGH CCG,50.0
recovery,2021-04-01,06K,NHS EAST AND NORTH HERTFORDSHIRE CCG,50.0
recovery,2021-04-01,06L,NHS IPSWICH AND EAST SUFFOLK CCG,54.0
recovery,2021-04-01,06N,NHS HERTS VALLEYS CCG,54.0
recovery,2021-04-01,06Q,NHS MID ESSEX CCG,54.0
recovery,2021-04-01,06T,NHS NORTH EAST ESSEX CCG,42.0
recovery,2021-04-01,07G,NHS THURROCK CCG,59.0
recovery,2021-04-01,07H,NHS WEST ESSEX CCG,58.0
recovery,2021-04-01,07K,NHS WEST SUFFOLK CCG,53.0
recovery,2021-04-01,09D,NHS BRIGHTON AND HOVE CCG,45.0
recovery,2021-04-01,10Q,NHS OXFORDSHIRE CCG,49.0
recovery,2021-04-01,10R,NHS PORTSMOUTH CCG,52.0
recovery,2021-04-01,11J,NHS DORSET CCG,55.0
recovery,2021-04-01,11M,NHS GLOUCESTERSHIRE CCG,51.0
recovery,2021-04-01,11N,NHS KERNOW CCG,44.0
recovery,2021-04-01,11X,NHS SOMERSET CCG,65.0
recovery,2021-04-01,12F,NHS WIRRAL CCG,41.0
recovery,2021-04-01,13Q,NATIONAL COMMISSIONING HUB 1,24.0
recovery,2021-04-01,13T,NHS NEWCASTLE GATESHEAD CCG,51.0
recovery,2021-04-01,14L,NHS MANCHESTER CCG,44.0
recovery,2021-04-01,14R,EAST OF ENGLAND - H&J COMMISSIONING HUB,50.0
recovery,2021-04-01,14Y,NHS BUCKINGHAMSHIRE CCG,61.0
recovery,2021-04-01,15A,NHS BERKSHIRE WEST CCG,54.0
recovery,2021-04-01,15C,"NHS BRISTOL, NORTH SOMERSET AND SOUTH GLOUCESTERSHIRE CCG",53.0
recovery,2021-04-01,15E,NHS BIRMINGHAM AND SOLIHULL CCG,53.0
recovery,2021-04-01,15F,NHS LEEDS CCG,39.0
recovery,2021-04-01,15M,NHS DERBY AND DERBYSHIRE CCG,54.0
recovery,2021-04-01,15N,NHS DEVON CCG,57.0
recovery,2021-04-01,16C,NHS TEES VALLEY CCG,53.0
recovery,2021-04-01,18C,NHS HEREFORDSHIRE AND WORCESTERSHIRE CCG,53.0
recovery,2021-04-01,26A,NHS NORFOLK AND WAVENEY CCG,60.0
recovery,2021-04-01,27D,NHS CHESHIRE CCG,54.0
recovery,2021-04-01,36J,NHS BRADFORD DISTRICT AND CRAVEN CCG,56.0
recovery,2021-04-01,36L,NHS SOUTH WEST LONDON CCG,56.0
recovery,2021-04-01,42D,NHS NORTH YORKSHIRE CCG,61.0
recovery,2021-04-01,52R,NHS NOTTINGHAM AND NOTTINGHAMSHIRE CCG,53.0
recovery,2021-04-01,70F,NHS WEST SUSSEX CCG,64.0
recovery,2021-04-01,71E,NHS LINCOLNSHIRE CCG,51.0
recovery,2021-04-01,72Q,NHS SOUTH EAST LONDON CCG,55.0
recovery,2021-04-01,78H,NHS NORTHAMPTONSHIRE CCG,57.0
recovery,2021-04-01,84H,NHS COUNTY DURHAM CCG,60.0
recovery,2021-04-01,91Q,NHS KENT AND MEDWAY CCG,50.0
recovery,2021-04-01,92A,NHS SURREY HEARTLANDS CCG,53.0
recovery,2021-04-01,92G,"NHS BATH AND NORTH EAST SOMERSET, SWINDON AND WILTSHIRE CCG",5.0
recovery,2021-04-01,93C,NHS NORTH CENTRAL LONDON CCG,50.0
recovery,2021-04-01,97R,NHS EAST SUSSEX CCG,49.0
recovery,2021-04-01,99A,NHS LIVERPOOL CCG,47.0
recovery,2021-04-01,99C,NHS NORTH TYNESIDE CCG,52.0
recovery,2021-04-01,99E,NHS BASILDON AND BRENTWOOD CCG,59.0
recovery,2021-04-01,99F,NHS CASTLE POINT AND ROCHFORD CCG,55.0
recovery,2021-04-01,99G,NHS SOUTHEND CCG,49.0
recovery,2021-04-01,A3A8R,NHS NORTH EAST LONDON CCG,55.0
recovery,2021-04-01,B2M3M,NHS COVENTRY AND WARWICKSHIRE CCG,53.0
recovery,2021-04-01,D2P2L,NHS BLACK COUNTRY AND WEST BIRMINGHAM CCG,52.0
recovery,2021-04-01,D4U1Y,NHS FRIMLEY CCG,52.0
recovery,2021-04-01,D9Y0V,"NHS HAMPSHIRE, SOUTHAMPTON AND ISLE OF WIGHT CCG",52.0
recovery,2021-04-01,InvalidCode,Unknown,45.0
recovery,2021-04-01,M1J4Y,"NHS BEDFORDSHIRE, LUTON AND MILTON KEYNES CCG",52.0
recovery,2021-04-01,M2L0M,"NHS SHROPSHIRE, TELFORD AND WREKIN CCG",54.0
recovery,2021-04-01,W2U3Z,NHS NORTH WEST LONDON CCG,52.0
recovery,2021-04-01,X2C4Y,NHS KIRKLEES CCG,55.0
recovery,2021-05-01,00L,NHS NORTHUMBERLAND CCG,54.0
recovery,2021-05-01,00N,NHS SOUTH TYNESIDE CCG,55.0
recovery,2021-05-01,00P,NHS SUNDERLAND CCG,57.0
recovery,2021-05-01,00Q,NHS BLACKBURN WITH DARWEN CCG,56.0
recovery,2021-05-01,00R,NHS BLACKPOOL CCG,52.0
recovery,2021-05-01,00T,NHS BOLTON CCG,47.0
recovery,2021-05-01,00V,NHS BURY CCG,54.0
recovery,2021-05-01,00X,NHS CHORLEY AND SOUTH RIBBLE CCG,59.0
recovery,2021-05-01,00Y,NHS OLDHAM CCG,54.0
recovery,2021-05-01,01A,NHS EAST LANCASHIRE CCG,57.0
recovery,2021-05-01,01D,"NHS HEYWOOD, MIDDLETON AND ROCHDALE CCG",51.0
recovery,2021-05-01,01E,NHS GREATER PRESTON CCG,52.0
recovery,2021-05-01,01F,NHS HALTON CCG,50.0
recovery,2021-05-01,01G,NHS SALFORD CCG,44.0
recovery,2021-05-01,01H,NHS NORTH CUMBRIA CCG,48.0
recovery,2021-05-01,01J,NHS KNOWSLEY CCG,51.0
recovery,2021-05-01,01K,NHS MORECAMBE BAY CCG,54.0
recovery,2021-05-01,01T,NHS SOUTH SEFTON CCG,54.0
recovery,2021-05-01,01V,NHS SOUTHPORT AND FORMBY CCG,68.0
recovery,2021-05-01,01W,NHS STOCKPORT CCG,46.0
recovery,2021-05-01,01X,NHS ST HELENS CCG,50.0
recovery,2021-05-01,01Y,NHS TAMESIDE AND GLOSSOP CCG,51.0
recovery,2021-05-01,02A,NHS TRAFFORD CCG,62.0
recovery,2021-05-01,02E,NHS WARRINGTON CCG,50.0
recovery,2021-05-01,02G,NHS WEST LANCASHIRE CCG,63.0
recovery,2021-05-01,02H,NHS WIGAN BOROUGH CCG,53.0
recovery,2021-05-01,02M,NHS FYLDE AND WYRE CCG,52.0
recovery,2021-05-01,02P,NHS BARNSLEY CCG,59.0
recovery,2021-05-01,02Q,NHS BASSETLAW CCG,60.0
recovery,2021-05-01,02T,NHS CALDERDALE CCG,55.0
recovery,2021-05-01,02X,NHS DONCASTER CCG,47.0
recovery,2021-05-01,02Y,NHS EAST RIDING OF YORKSHIRE CCG,60.0
recovery,2021-05-01,03F,NHS HULL CCG,60.0
recovery,2021-05-01,03H,NHS NORTH EAST LINCOLNSHIRE CCG,53.0
recovery,2021-05-01,03K,NHS NORTH LINCOLNSHIRE CCG,41.0
recovery,2021-05-01,03L,NHS ROTHERHAM CCG,52.0
recovery,2021-05-01,03N,NHS SHEFFIELD CCG,47.0
recovery,2021-05-01,03Q,NHS VALE OF YORK CCG,58.0
recovery,2021-05-01,03R,NHS WAKEFIELD CCG,52.0
recovery,2021-05-01,03W,NHS EAST LEICESTERSHIRE AND RUTLAND CCG,60.0
recovery,2021-05-01,04C,NHS LEICESTER CITY CCG,52.0
recovery,2021-05-01,04V,NHS WEST LEICESTERSHIRE CCG,53.0
recovery,2021-05-01,04Y,NHS CANNOCK CHASE CCG,47.0
recovery,2021-05-01,05D,NHS EAST STAFFORDSHIRE CCG,55.0
recovery,2021-05-01,05G,NHS NORTH STAFFORDSHIRE CCG,55.0
recovery,2021-05-01,05Q,NHS SOUTH EAST STAFFORDSHIRE AND SEISDON PENINSULA CCG,46.0
recovery,2021-05-01,05V,NHS STAFFORD AND SURROUNDS CCG,58.0
recovery,2021-05-01,05W,NHS STOKE ON TRENT CCG,62.0
recovery,2021-05-01,06H,NHS CAMBRIDGESHIRE AND PETERBOROUGH CCG,51.0
recovery,2021-05-01,06K,NHS EAST AND NORTH HERTFORDSHIRE CCG,53.0
recovery,2021-05-01,06L,NHS IPSWICH AND EAST SUFFOLK CCG,51.0
recovery,2021-05-01,06N,NHS HERTS VALLEYS CCG,49.0
recovery,2021-05-01,06Q,NHS MID ESSEX CCG,51.0
recovery,2021-05-01,06T,NHS NORTH EAST ESSEX CCG,42.0
recovery,2021-05-01,07G,NHS THURROCK CCG,56.0
recovery,2021-05-01,07H,NHS WEST ESSEX CCG,54.0
recovery,2021-05-01,07K,NHS WEST SUFFOLK CCG,52.0
recovery,2021-05-01,09D,NHS BRIGHTON AND HOVE CCG,51.0
recovery,2021-05-01,10Q,NHS OXFORDSHIRE CCG,46.0
recovery,2021-05-01,10R,NHS PORTSMOUTH CCG,60.0
recovery,2021-05-01,11J,NHS DORSET CCG,51.0
recovery,2021-05-01,11M,NHS GLOUCESTERSHIRE CCG,51.0
recovery,2021-05-01,11N,NHS KERNOW CCG,37.0
recovery,2021-05-01,11X,NHS SOMERSET CCG,58.0
recovery,2021-05-01,12F,NHS WIRRAL CCG,38.0
recovery,2021-05-01,13T,NHS NEWCASTLE GATESHEAD CCG,51.0
recovery,2021-05-01,14L,NHS MANCHESTER CCG,43.0
recovery,2021-05-01,14R,EAST OF ENGLAND - H&J COMMISSIONING HUB,52.0
recovery,2021-05-01,14Y,NHS BUCKINGHAMSHIRE CCG,57.0
recovery,2021-05-01,15A,NHS BERKSHIRE WEST CCG,56.0
recovery,2021-05-01,15C,"NHS BRISTOL, NORTH SOMERSET AND SOUTH GLOUCESTERSHIRE CCG",52.0
recovery,2021-05-01,15E,NHS BIRMINGHAM AND SOLIHULL CCG,55.0
recovery,2021-05-01,15F,NHS LEEDS CCG,46.0
recovery,2021-05-01,15M,NHS DERBY AND DERBYSHIRE CCG,52.0
recovery,2021-05-01,15N,NHS DEVON CCG,58.0
recovery,2021-05-01,16C,NHS TEES VALLEY CCG,54.0
recovery,2021-05-01,18C,NHS HEREFORDSHIRE AND WORCESTERSHIRE CCG,53.0
recovery,2021-05-01,26A,NHS NORFOLK AND WAVENEY CCG,58.0
recovery,2021-05-01,27D,NHS CHESHIRE CCG,52.0
recovery,2021-05-01,36J,NHS BRADFORD DISTRICT AND CRAVEN CCG,55.0
recovery,2021-05-01,36L,NHS SOUTH WEST LONDON CCG,54.0
recovery,2021-05-01,42D,NHS NORTH YORKSHIRE CCG,59.0
recovery,2021-05-01,52R,NHS NOTTINGHAM AND NOTTINGHAMSHIRE CCG,53.0
recovery,2021-05-01,70F,NHS WEST SUSSEX CCG,64.0
recovery,2021-05-01,71E,NHS LINCOLNSHIRE CCG,52.0
recovery,2021-05-01,72Q,NHS SOUTH EAST LONDON CCG,55.0
recovery,2021-05-01,78H,NHS NORTHAMPTONSHIRE CCG,60.0
recovery,2021-05-01,84H,NHS COUNTY DURHAM CCG,52.0
recovery,2021-05-01,91Q,NHS KENT AND MEDWAY CCG,54.0
recovery,2021-05-01,92A,NHS SURREY HEARTLANDS CCG,51.0
recovery,2021-05-01,92G,"NHS BATH AND NORTH EAST SOMERSET, SWINDON AND WILTSHIRE CCG",53.0
recovery,2021-05-01,93C,NHS NORTH CENTRAL LONDON CCG,50.0
recovery,2021-05-01,97R,NHS EAST SUSSEX CCG,47.0
recovery,2021-05-01,99A,NHS LIVERPOOL CCG,51.0
recovery,2021-05-01,99C,NHS NORTH TYNESIDE CCG,63.0
recovery,2021-05-01,99E,NHS BASILDON AND BRENTWOOD CCG,63.0
recovery,2021-05-01,99F,NHS CASTLE POINT AND ROCHFORD CCG,51.0
recovery,2021-05-01,99G,NHS SOUTHEND CCG,48.0
recovery,2021-05-01,A3A8R,NHS NORTH EAST LONDON CCG,56.0
recovery,2021-05-01,B2M3M,NHS COVENTRY AND WARWICKSHIRE CCG,53.0
recovery,2021-05-01,D2P2L,NHS BLACK COUNTRY AND WEST BIRMINGHAM CCG,50.0
recovery,2021-05-01,D4U1Y,NHS FRIMLEY CCG,52.0
recovery,2021-05-01,D9Y0V,"NHS HAMPSHIRE, SOUTHAMPTON AND ISLE OF WIGHT CCG",51.0
recovery,2021-05-01,InvalidCode,Unknown,32.0
recovery,2021-05-01,M1J4Y,"NHS BEDFORDSHIRE, LUTON AND MILTON KEYNES CCG",50.0
recovery,2021-05-01,M2L0M,"NHS SHROPSHIRE, TELFORD AND WREKIN CCG",47.0
recovery,2021-05-01,W2U3Z,NHS NORTH WEST LONDON CCG,51.0
recovery,2021-05-01,X2C4Y,NHS KIRKLEES CCG,51.0
recovery,2021-06-01,00L,NHS NORTHUMBERLAND CCG,56.0
recovery,2021-06-01,00N,NHS SOUTH TYNESIDE CCG,56.0
recovery,2021-06-01,00P,NHS SUNDERLAND CCG,56.0
recovery,2021-06-01,00Q,NHS BLACKBURN WITH DARWEN CCG,55.0
recovery,2021-06-01,00R,NHS BLACKPOOL CCG,51.0
recovery,2021-06-01,00T,NHS BOLTON CCG,50.0
recovery,2021-06-01,00V,NHS BURY CCG,51.0
recovery,2021-06-01,00X,NHS CHORLEY AND SOUTH RIBBLE CCG,54.0
recovery,2021-06-01,00Y,NHS OLDHAM CCG,55.0
recovery,2021-06-01,01A,NHS EAST LANCASHIRE CCG,59.0
recovery,2021-06-01,01D,"NHS HEYWOOD, MIDDLETON AND ROCHDALE CCG",51.0
recovery,2021-06-01,01E,NHS GREATER PRESTON CCG,54.0
recovery,2021-06-01,01F,NHS HALTON CCG,50.0
recovery,2021-06-01,01G,NHS SALFORD CCG,38.0
recovery,2021-06-01,01H,NHS NORTH CUMBRIA CCG,49.0
recovery,2021-06-01,01J,NHS KNOWSLEY CCG,51.0
recovery,2021-06-01,01K,NHS MORECAMBE BAY CCG,53.0
recovery,2021-06-01,01T,NHS SOUTH SEFTON CCG,37.0
recovery,2021-06-01,01V,NHS SOUTHPORT AND FORMBY CCG,52.0
recovery,2021-06-01,01W,NHS STOCKPORT CCG,47.0
recovery,2021-06-01,01X,NHS ST HELENS CCG,52.0
recovery,2021-06-01,01Y,NHS TAMESIDE AND GLOSSOP CCG,47.0
recovery,2021-06-01,02A,NHS TRAFFORD CCG,54.0
recovery,2021-06-01,02E,NHS WARRINGTON CCG,51.0
recovery,2021-06-01,02G,NHS WEST LANCASHIRE CCG,62.0
recovery,2021-06-01,02H,NHS WIGAN BOROUGH CCG,53.0
recovery,2021-06-01,02M,NHS FYLDE AND WYRE CCG,63.0
recovery,2021-06-01,02P,NHS BARNSLEY CCG,53.0
recovery,2021-06-01,02Q,NHS BASSETLAW CCG,58.0
recovery,2021-06-01,02T,NHS CALDERDALE CCG,55.0
recovery,2021-06-01,02X,NHS DONCASTER CCG,49.0
recovery,2021-06-01,02Y,NHS EAST RIDING OF YORKSHIRE CCG,52.0
recovery,2021-06-01,03F,NHS HULL CCG,58.0
recovery,2021-06-01,03H,NHS NORTH EAST LINCOLNSHIRE CCG,56.0
recovery,2021-06-01,03K,NHS NORTH LINCOLNSHIRE CCG,45.0
recovery,2021-06-01,03L,NHS ROTHERHAM CCG,52.0
recovery,2021-06-01,03N,NHS SHEFFIELD CCG,50.0
recovery,2021-06-01,03Q,NHS VALE OF YORK CCG,53.0
recovery,2021-06-01,03R,NHS WAKEFIELD CCG,54.0
recovery,2021-06-01,03W,NHS EAST LEICESTERSHIRE AND RUTLAND CCG,53.0
recovery,2021-06-01,04C,NHS LEICESTER CITY CCG,43.0
recovery,2021-06-01,04V,NHS WEST LEICESTERSHIRE CCG,51.0
recovery,2021-06-01,04Y,NHS CANNOCK CHASE CCG,51.0
recovery,2021-06-01,05D,NHS EAST STAFFORDSHIRE CCG,53.0
recovery,2021-06-01,05G,NHS NORTH STAFFORDSHIRE CCG,52.0
recovery,2021-06-01,05Q,NHS SOUTH EAST STAFFORDSHIRE AND SEISDON PENINSULA CCG,49.0
recovery,2021-06-01,05V,NHS STAFFORD AND SURROUNDS CCG,49.0
recovery,2021-06-01,05W,NHS STOKE ON TRENT CCG,47.0
recovery,2021-06-01,06H,NHS CAMBRIDGESHIRE AND PETERBOROUGH CCG,51.0
recovery,2021-06-01,06K,NHS EAST AND NORTH HERTFORDSHIRE CCG,52.0
recovery,2021-06-01,06L,NHS IPSWICH AND EAST SUFFOLK CCG,53.0
recovery,2021-06-01,06N,NHS HERTS VALLEYS CCG,49.0
recovery,2021-06-01,06Q,NHS MID ESSEX CCG,50.0
recovery,2021-06-01,06T,NHS NORTH EAST ESSEX CCG,42.0
recovery,2021-06-01,07G,NHS THURROCK CCG,53.0
recovery,2021-06-01,07H,NHS WEST ESSEX CCG,49.0
recovery,2021-06-01,07K,NHS WEST SUFFOLK CCG,53.0
recovery,2021-06-01,09D,NHS BRIGHTON AND HOVE CCG,45.0
recovery,2021-06-01,10Q,NHS OXFORDSHIRE CCG,46.0
recovery,2021-06-01,10R,NHS PORTSMOUTH CCG,55.0
recovery,2021-06-01,11J,NHS DORSET CCG,51.0
recovery,2021-06-01,11M,NHS GLOUCESTERSHIRE CCG,50.0
recovery,2021-06-01,11N,NHS KERNOW CCG,36.0
recovery,2021-06-01,11X,NHS SOMERSET CCG,65.0
recovery,2021-06-01,12F,NHS WIRRAL CCG,34.0
recovery,2021-06-01,13Q,NATIONAL COMMISSIONING HUB 1,60.0
recovery,2021-06-01,13T,NHS NEWCASTLE GATESHEAD CCG,47.0
recovery,2021-06-01,14L,NHS MANCHESTER CCG,44.0
recovery,2021-06-01,14R,EAST OF ENGLAND - H&J COMMISSIONING HUB,34.0
recovery,2021-06-01,14Y,NHS BUCKINGHAMSHIRE CCG,58.0
recovery,2021-06-01,15A,NHS BERKSHIRE WEST CCG,54.0
recovery,2021-06-01,15C,"NHS BRISTOL, NORTH SOMERSET AND SOUTH GLOUCESTERSHIRE CCG",53.0
recovery,2021-06-01,15E,NHS BIRMINGHAM AND SOLIHULL CCG,51.0
recovery,2021-06-01,15F,NHS LEEDS CCG,39.0
recovery,2021-06-01,15M,NHS DERBY AND DERBYSHIRE CCG,52.0
recovery,2021-06-01,15N,NHS DEVON CCG,54.0
recovery,2021-06-01,16C,NHS TEES VALLEY CCG,49.0
recovery,2021-06-01,18C,NHS HEREFORDSHIRE AND WORCESTERSHIRE CCG,53.0
recovery,2021-06-01,26A,NHS NORFOLK AND WAVENEY CCG,57.0
recovery,2021-06-01,27D,NHS CHESHIRE CCG,55.0
recovery,2021-06-01,36J,NHS BRADFORD DISTRICT AND CRAVEN CCG,50.0
recovery,2021-06-01,36L,NHS SOUTH WEST LONDON CCG,54.0
recovery,2021-06-01,42D,NHS NORTH YORKSHIRE CCG,61.0
recovery,2021-06-01,52R,NHS NOTTINGHAM AND NOTTINGHAMSHIRE CCG,52.0
recovery,2021-06-01,70F,NHS WEST SUSSEX CCG,64.0
recovery,2021-06-01,71E,NHS LINCOLNSHIRE CCG,51.0
recovery,2021-06-01,72Q,NHS SOUTH EAST LONDON CCG,54.0
recovery,2021-06-01,78H,NHS NORTHAMPTONSHIRE CCG,55.0
recovery,2021-06-01,84H,NHS COUNTY DURHAM CCG,55.0
recovery,2021-06-01,91Q,NHS KENT AND MEDWAY CCG,52.0
recovery,2021-06-01,92A,NHS SURREY HEARTLANDS CCG,51.0
recovery,2021-06-01,92G,"NHS BATH AND NORTH EAST SOMERSET, SWINDON AND WILTSHIRE CCG",37.0
recovery,2021-06-01,93C,NHS NORTH CENTRAL LONDON CCG,50.0
recovery,2021-06-01,97R,NHS EAST SUSSEX CCG,51.0
recovery,2021-06-01,99A,NHS LIVERPOOL CCG,46.0
recovery,2021-06-01,99C,NHS NORTH TYNESIDE CCG,54.0
recovery,2021-06-01,99E,NHS BASILDON AND BRENTWOOD CCG,56.0
recovery,2021-06-01,99F,NHS CASTLE POINT AND ROCHFORD CCG,51.0
recovery,2021-06-01,99G,NHS SOUTHEND CCG,52.0
recovery,2021-06-01,A3A8R,NHS NORTH EAST LONDON CCG,54.0
recovery,2021-06-01,B2M3M,NHS COVENTRY AND WARWICKSHIRE CCG,51.0
recovery,2021-06-01,D2P2L,NHS BLACK COUNTRY AND WEST BIRMINGHAM CCG,49.0
recovery,2021-06-01,D4U1Y,NHS FRIMLEY CCG,54.0
recovery,2021-06-01,D9Y0V,"NHS HAMPSHIRE, SOUTHAMPTON AND ISLE OF WIGHT CCG",50.0
recovery,2021-06-01,InvalidCode,Unknown,53.0
recovery,2021-06-01,M1J4Y,"NHS BEDFORDSHIRE, LUTON AND MILTON KEYNES CCG",50.0
recovery,2021-06-01,M2L0M,"NHS SHROPSHIRE, TELFORD AND WREKIN CCG",53.0
recovery,2021-06-01,W2U3Z,NHS NORTH WEST LONDON CCG,52.0
recovery,2021-06-01,X2C4Y,NHS KIRKLEES CCG,52.0
recovery,2021-07-01,00L,NHS NORTHUMBERLAND CCG,51.0
recovery,2021-07-01,00N,NHS SOUTH TYNESIDE CCG,57.0
recovery,2021-07-01,00P,NHS SUNDERLAND CCG,58.0
recovery,2021-07-01,00Q,NHS BLACKBURN WITH DARWEN CCG,53.0
recovery,2021-07-01,00R,NHS BLACKPOOL CCG,51.0
recovery,2021-07-01,00T,NHS BOLTON CCG,46.0
recovery,2021-07-01,00V,NHS BURY CCG,54.0
recovery,2021-07-01,00X,NHS CHORLEY AND SOUTH RIBBLE CCG,51.0
recovery,2021-07-01,00Y,NHS OLDHAM CCG,52.0
recovery,2021-07-01,01A,NHS EAST LANCASHIRE CCG,56.0
recovery,2021-07-01,01D,"NHS HEYWOOD, MIDDLETON AND ROCHDALE CCG",50.0
recovery,2021-07-01,01E,NHS GREATER PRESTON CCG,48.0
recovery,2021-07-01,01F,NHS HALTON CCG,51.0
recovery,2021-07-01,01G,NHS SALFORD CCG,36.0
recovery,2021-07-01,01H,NHS NORTH CUMBRIA CCG,46.0
recovery,2021-07-01,01J,NHS KNOWSLEY CCG,50.0
recovery,2021-07-01,01K,NHS MORECAMBE BAY CCG,53.0
recovery,2021-07-01,01T,NHS SOUTH SEFTON CCG,42.0
recovery,2021-07-01,01V,NHS SOUTHPORT AND FORMBY CCG,55.0
recovery,2021-07-01,01W,NHS STOCKPORT CCG,53.0
recovery,2021-07-01,01X,NHS ST HELENS CCG,51.0
recovery,2021-07-01,01Y,NHS TAMESIDE AND GLOSSOP CCG,45.0
recovery,2021-07-01,02A,NHS TRAFFORD CCG,61.0
recovery,2021-07-01,02E,NHS WARRINGTON CCG,51.0
recovery,2021-07-01,02G,NHS WEST LANCASHIRE CCG,51.0
recovery,2021-07-01,02H,NHS WIGAN BOROUGH CCG,50.0
recovery,2021-07-01,02M,NHS FYLDE AND WYRE CCG,49.0
recovery,2021-07-01,02P,NHS BARNSLEY CCG,36.0
recovery,2021-07-01,02Q,NHS BASSETLAW CCG,50.0
recovery,2021-07-01,02T,NHS CALDERDALE CCG,52.0
recovery,2021-07-01,02X,NHS DONCASTER CCG,51.0
recovery,2021-07-01,02Y,NHS EAST RIDING OF YORKSHIRE CCG,55.0
recovery,2021-07-01,03F,NHS HULL CCG,57.0
recovery,2021-07-01,03H,NHS NORTH EAST LINCOLNSHIRE CCG,54.0
recovery,2021-07-01,03K,NHS NORTH LINCOLNSHIRE CCG,57.0
recovery,2021-07-01,03L,NHS ROTHERHAM CCG,52.0
recovery,2021-07-01,03N,NHS SHEFFIELD CCG,50.0
recovery,2021-07-01,03Q,NHS VALE OF YORK CCG,53.0
recovery,2021-07-01,03R,NHS WAKEFIELD CCG,50.0
recovery,2021-07-01,03W,NHS EAST LEICESTERSHIRE AND RUTLAND CCG,54.0
recovery,2021-07-01,04C,NHS LEICESTER CITY CCG,50.0
recovery,2021-07-01,04V,NHS WEST LEICESTERSHIRE CCG,56.0
recovery,2021-07-01,04Y,NHS CANNOCK CHASE CCG,56.0
recovery,2021-07-01,05D,NHS EAST STAFFORDSHIRE CCG,50.0
recovery,2021-07-01,05G,NHS NORTH STAFFORDSHIRE CCG,55.0
recovery,2021-07-01,05Q,NHS SOUTH EAST STAFFORDSHIRE AND SEISDON PENINSULA CCG,51.0
recovery,2021-07-01,05V,NHS STAFFORD AND SURROUNDS CCG,56.0
recovery,2021-07-01,05W,NHS STOKE ON TRENT CCG,49.0
recovery,2021-07-01,06H,NHS CAMBRIDGESHIRE AND PETERBOROUGH CCG,49.0
recovery,2021-07-01,06K,NHS EAST AND NORTH HERTFORDSHIRE CCG,49.0
recovery,2021-07-01,06L,NHS IPSWICH AND EAST SUFFOLK CCG,51.0
recovery,2021-07-01,06N,NHS HERTS VALLEYS CCG,50.0
recovery,2021-07-01,06Q,NHS MID ESSEX CCG,48.0
recovery,2021-07-01,06T,NHS NORTH EAST ESSEX CCG,46.0
recovery,2021-07-01,07G,NHS THURROCK CCG,50.0
recovery,2021-07-01,07H,NHS WEST ESSEX CCG,37.0
recovery,2021-07-01,07K,NHS WEST SUFFOLK CCG,52.0
recovery,2021-07-01,09D,NHS BRIGHTON AND HOVE CCG,44.0
recovery,2021-07-01,10Q,NHS OXFORDSHIRE CCG,49.0
recovery,2021-07-01,10R,NHS PORTSMOUTH CCG,57.0
recovery,2021-07-01,11J,NHS DORSET CCG,53.0
recovery,2021-07-01,11M,NHS GLOUCESTERSHIRE CCG,47.0
recovery,2021-07-01,11N,NHS KERNOW CCG,38.0
recovery,2021-07-01,11X,NHS SOMERSET CCG,59.0
recovery,2021-07-01,12F,NHS WIRRAL CCG,36.0
recovery,2021-07-01,13Q,NATIONAL COMMISSIONING HUB 1,60.0
recovery,2021-07-01,13T,NHS NEWCASTLE GATESHEAD CCG,46.0
recovery,2021-07-01,14L,NHS MANCHESTER CCG,49.0
recovery,2021-07-01,14R,EAST OF ENGLAND - H&J COMMISSIONING HUB,60.0
recovery,2021-07-01,14Y,NHS BUCKINGHAMSHIRE CCG,54.0
recovery,2021-07-01,15A,NHS BERKSHIRE WEST CCG,53.0
recovery,2021-07-01,15C,"NHS BRISTOL, NORTH SOMERSET AND SOUTH GLOUCESTERSHIRE CCG",54.0
recovery,2021-07-01,15E,NHS BIRMINGHAM AND SOLIHULL CCG,50.0
recovery,2021-07-01,15F,NHS LEEDS CCG,42.0
recovery,2021-07-01,15M,NHS DERBY AND DERBYSHIRE CCG,51.0
recovery,2021-07-01,15N,NHS DEVON CCG,55.0
recovery,2021-07-01,16C,NHS TEES VALLEY CCG,51.0
recovery,2021-07-01,18C,NHS HEREFORDSHIRE AND WORCESTERSHIRE CCG,42.0
recovery,2021-07-01,26A,NHS NORFOLK AND WAVENEY CCG,59.0
recovery,2021-07-01,27D,NHS CHESHIRE CCG,54.0
recovery,2021-07-01,36J,NHS BRADFORD DISTRICT AND CRAVEN CCG,51.0
recovery,2021-07-01,36L,NHS SOUTH WEST LONDON CCG,54.0
recovery,2021-07-01,42D,NHS NORTH YORKSHIRE CCG,60.0
recovery,2021-07-01,52R,NHS NOTTINGHAM AND NOTTINGHAMSHIRE CCG,52.0
recovery,2021-07-01,70F,NHS WEST SUSSEX CCG,62.0
recovery,2021-07-01,71E,NHS LINCOLNSHIRE CCG,47.0
recovery,2021-07-01,72Q,NHS SOUTH EAST LONDON CCG,54.0
recovery,2021-07-01,78H,NHS NORTHAMPTONSHIRE CCG,54.0
recovery,2021-07-01,84H,NHS COUNTY DURHAM CCG,54.0
recovery,2021-07-01,91Q,NHS KENT AND MEDWAY CCG,49.0
recovery,2021-07-01,92A,NHS SURREY HEARTLANDS CCG,48.0
recovery,2021-07-01,92G,"NHS BATH AND NORTH EAST SOMERSET, SWINDON AND WILTSHIRE CCG",40.0
recovery,2021-07-01,93C,NHS NORTH CENTRAL LONDON CCG,50.0
recovery,2021-07-01,97R,NHS EAST SUSSEX CCG,49.0
recovery,2021-07-01,99A,NHS LIVERPOOL CCG,46.0
recovery,2021-07-01,99C,NHS NORTH TYNESIDE CCG,64.0
recovery,2021-07-01,99E,NHS BASILDON AND BRENTWOOD CCG,54.0
recovery,2021-07-01,99F,NHS CASTLE POINT AND ROCHFORD CCG,52.0
recovery,2021-07-01,99G,NHS SOUTHEND CCG,49.0
recovery,2021-07-01,A3A8R,NHS NORTH EAST LONDON CCG,55.0
recovery,2021-07-01,B2M3M,NHS COVENTRY AND WARWICKSHIRE CCG,54.0
recovery,2021-07-01,D2P2L,NHS BLACK COUNTRY AND WEST BIRMINGHAM CCG,50.0
recovery,2021-07-01,D4U1Y,NHS FRIMLEY CCG,53.0
recovery,2021-07-01,D9Y0V,"NHS HAMPSHIRE, SOUTHAMPTON AND ISLE OF WIGHT CCG",52.0
recovery,2021-07-01,InvalidCode,Unknown,38.0
recovery,2021-07-01,M1J4Y,"NHS BEDFORDSHIRE, LUTON AND MILTON KEYNES CCG",50.0
recovery,2021-07-01,M2L0M,"NHS SHROPSHIRE, TELFORD AND WREKIN CCG",53.0
recovery,2021-07-01,W2U3Z,NHS NORTH WEST LONDON CCG,49.0
recovery,2021-07-01,X2C4Y,NHS KIRKLEES CCG,52.0
recovery,2021-08-01,00L,NHS NORTHUMBERLAND CCG,49.0
recovery,2021-08-01,00N,NHS SOUTH TYNESIDE CCG,56.0
recovery,2021-08-01,00P,NHS SUNDERLAND CCG,55.0
recovery,2021-08-01,00Q,NHS BLACKBURN WITH DARWEN CCG,53.0
recovery,2021-08-01,00R,NHS BLACKPOOL CCG,54.0
recovery,2021-08-01,00T,NHS BOLTON CCG,49.0
recovery,2021-08-01,00V,NHS BURY CCG,50.0
recovery,2021-08-01,00X,NHS CHORLEY AND SOUTH RIBBLE CCG,48.0
recovery,2021-08-01,00Y,NHS OLDHAM CCG,52.0
recovery,2021-08-01,01A,NHS EAST LANCASHIRE CCG,51.0
recovery,2021-08-01,01D,"NHS HEYWOOD, MIDDLETON AND ROCHDALE CCG",51.0
recovery,2021-08-01,01E,NHS GREATER PRESTON CCG,47.0
recovery,2021-08-01,01F,NHS HALTON CCG,49.0
recovery,2021-08-01,01G,NHS SALFORD CCG,34.0
recovery,2021-08-01,01H,NHS NORTH CUMBRIA CCG,47.0
recovery,2021-08-01,01J,NHS KNOWSLEY CCG,49.0
recovery,2021-08-01,01K,NHS MORECAMBE BAY CCG,50.0
recovery,2021-08-01,01T,NHS SOUTH SEFTON CCG,37.0
recovery,2021-08-01,01V,NHS SOUTHPORT AND FORMBY CCG,40.0
recovery,2021-08-01,01W,NHS STOCKPORT CCG,44.0
recovery,2021-08-01,01X,NHS ST HELENS CCG,52.0
recovery,2021-08-01,01Y,NHS TAMESIDE AND GLOSSOP CCG,50.0
recovery,2021-08-01,02A,NHS TRAFFORD CCG,59.0
recovery,2021-08-01,02E,NHS WARRINGTON CCG,44.0
recovery,2021-08-01,02G,NHS WEST LANCASHIRE CCG,60.0
recovery,2021-08-01,02H,NHS WIGAN BOROUGH CCG,50.0
recovery,2021-08-01,02M,NHS FYLDE AND WYRE CCG,48.0
recovery,2021-08-01,02P,NHS BARNSLEY CCG,42.0
recovery,2021-08-01,02Q,NHS BASSETLAW CCG,57.0
recovery,2021-08-01,02T,NHS CALDERDALE CCG,46.0
recovery,2021-08-01,02X,NHS DONCASTER CCG,44.0
recovery,2021-08-01,02Y,NHS EAST RIDING OF YORKSHIRE CCG,50.0
recovery,2021-08-01,03F,NHS HULL CCG,56.0
recovery,2021-08-01,03H,NHS NORTH EAST LINCOLNSHIRE CCG,49.0
recovery,2021-08-01,03K,NHS NORTH LINCOLNSHIRE CCG,35.0
recovery,2021-08-01,03L,NHS ROTHERHAM CCG,48.0
recovery,2021-08-01,03N,NHS SHEFFIELD CCG,49.0
recovery,2021-08-01,03Q,NHS VALE OF YORK CCG,54.0
recovery,2021-08-01,03R,NHS WAKEFIELD CCG,53.0
recovery,2021-08-01,03W,NHS EAST LEICESTERSHIRE AND RUTLAND CCG,58.0
recovery,2021-08-01,04C,NHS LEICESTER CITY CCG,49.0
recovery,2021-08-01,04V,NHS WEST LEICESTERSHIRE CCG,61.0
recovery,2021-08-01,04Y,NHS CANNOCK CHASE CCG,53.0
recovery,2021-08-01,05D,NHS EAST STAFFORDSHIRE CCG,46.0
recovery,2021-08-01,05G,NHS NORTH STAFFORDSHIRE CCG,49.0
recovery,2021-08-01,05Q,NHS SOUTH EAST STAFFORDSHIRE AND SEISDON PENINSULA CCG,53.0
recovery,2021-08-01,05V,NHS STAFFORD AND SURROUNDS CCG,46.0
recovery,2021-08-01,05W,NHS STOKE ON TRENT CCG,55.0
recovery,2021-08-01,06H,NHS CAMBRIDGESHIRE AND PETERBOROUGH CCG,51.0
recovery,2021-08-01,06K,NHS EAST AND NORTH HERTFORDSHIRE CCG,54.0
recovery,2021-08-01,06L,NHS IPSWICH AND EAST SUFFOLK CCG,52.0
recovery,2021-08-01,06N,NHS HERTS VALLEYS CCG,51.0
recovery,2021-08-01,06Q,NHS MID ESSEX CCG,48.0
recovery,2021-08-01,06T,NHS NORTH EAST ESSEX CCG,46.0
recovery,2021-08-01,07G,NHS THURROCK CCG,51.0
recovery,2021-08-01,07H,NHS WEST ESSEX CCG,46.0
recovery,2021-08-01,07K,NHS WEST SUFFOLK CCG,52.0
recovery,2021-08-01,09D,NHS BRIGHTON AND HOVE CCG,51.0
recovery,2021-08-01,10Q,NHS OXFORDSHIRE CCG,46.0
recovery,2021-08-01,10R,NHS PORTSMOUTH CCG,52.0
recovery,2021-08-01,11J,NHS DORSET CCG,50.0
recovery,2021-08-01,11M,NHS GLOUCESTERSHIRE CCG,48.0
recovery,2021-08-01,11N,NHS KERNOW CCG,39.0
recovery,2021-08-01,11X,NHS SOMERSET CCG,65.0
recovery,2021-08-01,12F,NHS WIRRAL CCG,33.0
recovery,2021-08-01,13Q,NATIONAL COMMISSIONING HUB 1,50.0
recovery,2021-08-01,13T,NHS NEWCASTLE GATESHEAD CCG,49.0
recovery,2021-08-01,14L,NHS MANCHESTER CCG,43.0
recovery,2021-08-01,14R,EAST OF ENGLAND - H&J COMMISSIONING HUB,29.0
recovery,2021-08-01,14Y,NHS BUCKINGHAMSHIRE CCG,54.0
recovery,2021-08-01,15A,NHS BERKSHIRE WEST CCG,54.0
recovery,2021-08-01,15C,"NHS BRISTOL, NORTH SOMERSET AND SOUTH GLOUCESTERSHIRE CCG",52.0
recovery,2021-08-01,15E,NHS BIRMINGHAM AND SOLIHULL CCG,50.0
recovery,2021-08-01,15F,NHS LEEDS CCG,44.0
recovery,2021-08-01,15M,NHS DERBY AND DERBYSHIRE CCG,51.0
recovery,2021-08-01,15N,NHS DEVON CCG,53.0
recovery,2021-08-01,16C,NHS TEES VALLEY CCG,54.0
recovery,2021-08-01,18C,NHS HEREFORDSHIRE AND WORCESTERSHIRE CCG,46.0
recovery,2021-08-01,26A,NHS NORFOLK AND WAVENEY CCG,54.0
recovery,2021-08-01,27D,NHS CHESHIRE CCG,48.0
recovery,2021-08-01,36J,NHS BRADFORD DISTRICT AND CRAVEN CCG,52.0
recovery,2021-08-01,36L,NHS SOUTH WEST LONDON CCG,53.0
recovery,2021-08-01,42D,NHS NORTH YORKSHIRE CCG,46.0
recovery,2021-08-01,52R,NHS NOTTINGHAM AND NOTTINGHAMSHIRE CCG,50.0
recovery,2021-08-01,70F,NHS WEST SUSSEX CCG,57.0
recovery,2021-08-01,71E,NHS LINCOLNSHIRE CCG,48.0
recovery,2021-08-01,72Q,NHS SOUTH EAST LONDON CCG,52.0
recovery,2021-08-01,78H,NHS NORTHAMPTONSHIRE CCG,52.0
recovery,2021-08-01,84H,NHS COUNTY DURHAM CCG,53.0
recovery,2021-08-01,91Q,NHS KENT AND MEDWAY CCG,49.0
recovery,2021-08-01,92A,NHS SURREY HEARTLANDS CCG,51.0
recovery,2021-08-01,92G,"NHS BATH AND NORTH EAST SOMERSET, SWINDON AND WILTSHIRE CCG",18.0
recovery,2021-08-01,93C,NHS NORTH CENTRAL LONDON CCG,49.0
recovery,2021-08-01,97R,NHS EAST SUSSEX CCG,47.0
recovery,2021-08-01,99C,NHS NORTH TYNESIDE CCG,59.0
recovery,2021-08-01,99E,NHS BASILDON AND BRENTWOOD CCG,50.0
recovery,2021-08-01,99F,NHS CASTLE POINT AND ROCHFORD CCG,54.0
recovery,2021-08-01,99G,NHS SOUTHEND CCG,52.0
recovery,2021-08-01,A3A8R,NHS NORTH EAST LONDON CCG,51.0
recovery,2021-08-01,B2M3M,NHS COVENTRY AND WARWICKSHIRE CCG,54.0
recovery,2021-08-01,D2P2L,NHS BLACK COUNTRY AND WEST BIRMINGHAM CCG,46.0
recovery,2021-08-01,D4U1Y,NHS FRIMLEY CCG,51.0
recovery,2021-08-01,D9Y0V,"NHS HAMPSHIRE, SOUTHAMPTON AND ISLE OF WIGHT CCG",49.0
recovery,2021-08-01,InvalidCode,Unknown,57.0
recovery,2021-08-01,M1J4Y,"NHS BEDFORDSHIRE, LUTON AND MILTON KEYNES CCG",51.0
recovery,2021-08-01,M2L0M,"NHS SHROPSHIRE, TELFORD AND WREKIN CCG",51.0
recovery,2021-08-01,W2U3Z,NHS NORTH WEST LONDON CCG,51.0
recovery,2021-08-01,X2C4Y,NHS KIRKLEES CCG,45.0
recovery,2021-09-01,00L,NHS NORTHUMBERLAND CCG,48.0
recovery,2021-09-01,00N,NHS SOUTH TYNESIDE CCG,55.0
recovery,2021-09-01,00P,NHS SUNDERLAND CCG,54.0
recovery,2021-09-01,00Q,NHS BLACKBURN WITH DARWEN CCG,52.0
recovery,2021-09-01,00R,NHS BLACKPOOL CCG,52.0
recovery,2021-09-01,00T,NHS BOLTON CCG,53.0
recovery,2021-09-01,00V,NHS BURY CCG,47.0
recovery,2021-09-01,00X,NHS CHORLEY AND SOUTH RIBBLE CCG,54.0
recovery,2021-09-01,00Y,NHS OLDHAM CCG,50.0
recovery,2021-09-01,01A,NHS EAST LANCASHIRE CCG,47.0
recovery,2021-09-01,01D,"NHS HEYWOOD, MIDDLETON AND ROCHDALE CCG",49.0
recovery,2021-09-01,01E,NHS GREATER PRESTON CCG,49.0
recovery,2021-09-01,01F,NHS HALTON CCG,49.0
recovery,2021-09-01,01G,NHS SALFORD CCG,37.0
recovery,2021-09-01,01H,NHS NORTH CUMBRIA CCG,56.0
recovery,2021-09-01,01J,NHS KNOWSLEY CCG,50.0
recovery,2021-09-01,01K,NHS MORECAMBE BAY CCG,57.0
recovery,2021-09-01,01T,NHS SOUTH SEFTON CCG,48.0
recovery,2021-09-01,01V,NHS SOUTHPORT AND FORMBY CCG,29.0
recovery,2021-09-01,01W,NHS STOCKPORT CCG,49.0
recovery,2021-09-01,01X,NHS ST HELENS CCG,50.0
recovery,2021-09-01,01Y,NHS TAMESIDE AND GLOSSOP CCG,39.0
recovery,2021-09-01,02A,NHS TRAFFORD CCG,57.0
recovery,2021-09-01,02E,NHS WARRINGTON CCG,38.0
recovery,2021-09-01,02G,NHS WEST LANCASHIRE CCG,54.0
recovery,2021-09-01,02H,NHS WIGAN BOROUGH CCG,53.0
recovery,2021-09-01,02M,NHS FYLDE AND WYRE CCG,52.0
recovery,2021-09-01,02P,NHS BARNSLEY CCG,56.0
recovery,2021-09-01,02Q,NHS BASSETLAW CCG,60.0
recovery,2021-09-01,02T,NHS CALDERDALE CCG,62.0
recovery,2021-09-01,02X,NHS DONCASTER CCG,47.0
recovery,2021-09-01,02Y,NHS EAST RIDING OF YORKSHIRE CCG,52.0
recovery,2021-09-01,03F,NHS HULL CCG,55.0
recovery,2021-09-01,03H,NHS NORTH EAST LINCOLNSHIRE CCG,51.0
recovery,2021-09-01,03K,NHS NORTH LINCOLNSHIRE CCG,48.0
recovery,2021-09-01,03L,NHS ROTHERHAM CCG,47.0
recovery,2021-09-01,03N,NHS SHEFFIELD CCG,49.0
recovery,2021-09-01,03Q,NHS VALE OF YORK CCG,52.0
recovery,2021-09-01,03R,NHS WAKEFIELD CCG,47.0
recovery,2021-09-01,03W,NHS EAST LEICESTERSHIRE AND RUTLAND CCG,64.0
recovery,2021-09-01,04C,NHS LEICESTER CITY CCG,45.0
recovery,2021-09-01,04V,NHS WEST LEICESTERSHIRE CCG,55.0
recovery,2021-09-01,04Y,NHS CANNOCK CHASE CCG,51.0
recovery,2021-09-01,05D,NHS EAST STAFFORDSHIRE CCG,50.0
recovery,2021-09-01,05G,NHS NORTH STAFFORDSHIRE CCG,61.0
recovery,2021-09-01,05Q,NHS SOUTH EAST STAFFORDSHIRE AND SEISDON PENINSULA CCG,61.0
recovery,2021-09-01,05V,NHS STAFFORD AND SURROUNDS CCG,43.0
recovery,2021-09-01,05W,NHS STOKE ON TRENT CCG,52.0
recovery,2021-09-01,06H,NHS CAMBRIDGESHIRE AND PETERBOROUGH CCG,51.0
recovery,2021-09-01,06K,NHS EAST AND NORTH HERTFORDSHIRE CCG,56.0
recovery,2021-09-01,06L,NHS IPSWICH AND EAST SUFFOLK CCG,51.0
recovery,2021-09-01,06N,NHS HERTS VALLEYS CCG,50.0
recovery,2021-09-01,06Q,NHS MID ESSEX CCG,48.0
recovery,2021-09-01,06T,NHS NORTH EAST ESSEX CCG,46.0
recovery,2021-09-01,07G,NHS THURROCK CCG,51.0
recovery,2021-09-01,07H,NHS WEST ESSEX CCG,46.0
recovery,2021-09-01,07K,NHS WEST SUFFOLK CCG,52.0
recovery,2021-09-01,09D,NHS BRIGHTON AND HOVE CCG,47.0
recovery,2021-09-01,10Q,NHS OXFORDSHIRE CCG,47.0
recovery,2021-09-01,10R,NHS PORTSMOUTH CCG,58.0
recovery,2021-09-01,11J,NHS DORSET CCG,53.0
recovery,2021-09-01,11M,NHS GLOUCESTERSHIRE CCG,49.0
recovery,2021-09-01,11N,NHS KERNOW CCG,41.0
recovery,2021-09-01,11X,NHS SOMERSET CCG,56.0
recovery,2021-09-01,12F,NHS WIRRAL CCG,31.0
recovery,2021-09-01,13Q,NATIONAL COMMISSIONING HUB 1,43.0
recovery,2021-09-01,13T,NHS NEWCASTLE GATESHEAD CCG,51.0
recovery,2021-09-01,14L,NHS MANCHESTER CCG,44.0
recovery,2021-09-01,14R,EAST OF ENGLAND - H&J COMMISSIONING HUB,46.0
recovery,2021-09-01,14Y,NHS BUCKINGHAMSHIRE CCG,57.0
recovery,2021-09-01,15A,NHS BERKSHIRE WEST CCG,52.0
recovery,2021-09-01,15C,"NHS BRISTOL, NORTH SOMERSET AND SOUTH GLOUCESTERSHIRE CCG",49.0
recovery,2021-09-01,15E,NHS BIRMINGHAM AND SOLIHULL CCG,50.0
recovery,2021-09-01,15F,NHS LEEDS CCG,43.0
recovery,2021-09-01,15M,NHS DERBY AND DERBYSHIRE CCG,49.0
recovery,2021-09-01,15N,NHS DEVON CCG,51.0
recovery,2021-09-01,16C,NHS TEES VALLEY CCG,50.0
recovery,2021-09-01,18C,NHS HEREFORDSHIRE AND WORCESTERSHIRE CCG,44.0
recovery,2021-09-01,26A,NHS NORFOLK AND WAVENEY CCG,52.0
recovery,2021-09-01,27D,NHS CHESHIRE CCG,55.0
recovery,2021-09-01,36J,NHS BRADFORD DISTRICT AND CRAVEN CCG,51.0
recovery,2021-09-01,36L,NHS SOUTH WEST LONDON CCG,52.0
recovery,2021-09-01,42D,NHS NORTH YORKSHIRE CCG,56.0
recovery,2021-09-01,52R,NHS NOTTINGHAM AND NOTTINGHAMSHIRE CCG,50.0
recovery,2021-09-01,70F,NHS WEST SUSSEX CCG,61.0
recovery,2021-09-01,71E,NHS LINCOLNSHIRE CCG,49.0
recovery,2021-09-01,72Q,NHS SOUTH EAST LONDON CCG,51.0
recovery,2021-09-01,78H,NHS NORTHAMPTONSHIRE CCG,51.0
recovery,2021-09-01,84H,NHS COUNTY DURHAM CCG,53.0
recovery,2021-09-01,91Q,NHS KENT AND MEDWAY CCG,48.0
recovery,2021-09-01,92A,NHS SURREY HEARTLANDS CCG,49.0
recovery,2021-09-01,92G,"NHS BATH AND NORTH EAST SOMERSET, SWINDON AND WILTSHIRE CCG",16.0
recovery,2021-09-01,93C,NHS NORTH CENTRAL LONDON CCG,52.0
recovery,2021-09-01,97R,NHS EAST SUSSEX CCG,51.0
recovery,2021-09-01,99A,NHS LIVERPOOL CCG,41.0
recovery,2021-09-01,99C,NHS NORTH TYNESIDE CCG,54.0
recovery,2021-09-01,99E,NHS BASILDON AND BRENTWOOD CCG,51.0
recovery,2021-09-01,99F,NHS CASTLE POINT AND ROCHFORD CCG,53.0
recovery,2021-09-01,99G,NHS SOUTHEND CCG,51.0
recovery,2021-09-01,A3A8R,NHS NORTH EAST LONDON CCG,57.0
recovery,2021-09-01,B2M3M,NHS COVENTRY AND WARWICKSHIRE CCG,53.0
recovery,2021-09-01,D2P2L,NHS BLACK COUNTRY AND WEST BIRMINGHAM CCG,48.0
recovery,2021-09-01,D4U1Y,NHS FRIMLEY CCG,50.0
recovery,2021-09-01,D9Y0V,"NHS HAMPSHIRE, SOUTHAMPTON AND ISLE OF WIGHT CCG",49.0
recovery,2021-09-01,InvalidCode,Unknown,42.0
recovery,2021-09-01,M1J4Y,"NHS BEDFORDSHIRE, LUTON AND MILTON KEYNES CCG",46.0
recovery,2021-09-01,M2L0M,"NHS SHROPSHIRE, TELFORD AND WREKIN CCG",47.0
recovery,2021-09-01,W2U3Z,NHS NORTH WEST LONDON CCG,52.0
recovery,2021-09-01,X2C4Y,NHS KIRKLEES CCG,53.0
recovery,2021-10-01,00L,NHS NORTHUMBERLAND CCG,49.0
recovery,2021-10-01,00N,NHS SOUTH TYNESIDE CCG,52.0
recovery,2021-10-01,00P,NHS SUNDERLAND CCG,60.0
recovery,2021-10-01,00Q,NHS BLACKBURN WITH DARWEN CCG,49.0
recovery,2021-10-01,00R,NHS BLACKPOOL CCG,60.0
recovery,2021-10-01,00T,NHS BOLTON CCG,47.0
recovery,2021-10-01,00V,NHS BURY CCG,49.0
recovery,2021-10-01,00X,NHS CHORLEY AND SOUTH RIBBLE CCG,48.0
recovery,2021-10-01,00Y,NHS OLDHAM CCG,50.0
recovery,2021-10-01,01A,NHS EAST LANCASHIRE CCG,59.0
recovery,2021-10-01,01D,"NHS HEYWOOD, MIDDLETON AND ROCHDALE CCG",50.0
recovery,2021-10-01,01E,NHS GREATER PRESTON CCG,52.0
recovery,2021-10-01,01F,NHS HALTON CCG,50.0
recovery,2021-10-01,01G,NHS SALFORD CCG,38.0
recovery,2021-10-01,01H,NHS NORTH CUMBRIA CCG,49.0
recovery,2021-10-01,01J,NHS KNOWSLEY CCG,50.0
recovery,2021-10-01,01K,NHS MORECAMBE BAY CCG,58.0
recovery,2021-10-01,01T,NHS SOUTH SEFTON CCG,47.0
recovery,2021-10-01,01V,NHS SOUTHPORT AND FORMBY CCG,46.0
recovery,2021-10-01,01W,NHS STOCKPORT CCG,50.0
recovery,2021-10-01,01X,NHS ST HELENS CCG,52.0
recovery,2021-10-01,01Y,NHS TAMESIDE AND GLOSSOP CCG,50.0
recovery,2021-10-01,02A,NHS TRAFFORD CCG,55.0
recovery,2021-10-01,02E,NHS WARRINGTON CCG,39.0
recovery,2021-10-01,02G,NHS WEST LANCASHIRE CCG,60.0
recovery,2021-10-01,02H,NHS WIGAN BOROUGH CCG,49.0
recovery,2021-10-01,02M,NHS FYLDE AND WYRE CCG,52.0
recovery,2021-10-01,02P,NHS BARNSLEY CCG,53.0
recovery,2021-10-01,02Q,NHS BASSETLAW CCG,49.0
recovery,2021-10-01,02T,NHS CALDERDALE CCG,52.0
recovery,2021-10-01,02X,NHS DONCASTER CCG,38.0
recovery,2021-10-01,02Y,NHS EAST RIDING OF YORKSHIRE CCG,50.0
recovery,2021-10-01,03F,NHS HULL CCG,54.0
recovery,2021-10-01,03H,NHS NORTH EAST LINCOLNSHIRE CCG,46.0
recovery,2021-10-01,03K,NHS NORTH LINCOLNSHIRE CCG,37.0
recovery,2021-10-01,03L,NHS ROTHERHAM CCG,39.0
recovery,2021-10-01,03N,NHS SHEFFIELD CCG,50.0
recovery,2021-10-01,03Q,NHS VALE OF YORK CCG,56.0
recovery,2021-10-01,03R,NHS WAKEFIELD CCG,45.0
recovery,2021-10-01,03W,NHS EAST LEICESTERSHIRE AND RUTLAND CCG,56.0
recovery,2021-10-01,04C,NHS LEICESTER CITY CCG,46.0
recovery,2021-10-01,04V,NHS WEST LEICESTERSHIRE CCG,52.0
recovery,2021-10-01,04Y,NHS CANNOCK CHASE CCG,54.0
recovery,2021-10-01,05D,NHS EAST STAFFORDSHIRE CCG,46.0
recovery,2021-10-01,05G,NHS NORTH STAFFORDSHIRE CCG,57.0
recovery,2021-10-01,05Q,NHS SOUTH EAST STAFFORDSHIRE AND SEISDON PENINSULA CCG,57.0
recovery,2021-10-01,05V,NHS STAFFORD AND SURROUNDS CCG,59.0
recovery,2021-10-01,05W,NHS STOKE ON TRENT CCG,48.0
recovery,2021-10-01,06H,NHS CAMBRIDGESHIRE AND PETERBOROUGH CCG,47.0
recovery,2021-10-01,06K,NHS EAST AND NORTH HERTFORDSHIRE CCG,53.0
recovery,2021-10-01,06L,NHS IPSWICH AND EAST SUFFOLK CCG,53.0
recovery,2021-10-01,06N,NHS HERTS VALLEYS CCG,54.0
recovery,2021-10-01,06Q,NHS MID ESSEX CCG,49.0
recovery,2021-10-01,06T,NHS NORTH EAST ESSEX CCG,49.0
recovery,2021-10-01,07G,NHS THURROCK CCG,44.0
recovery,2021-10-01,07H,NHS WEST ESSEX CCG,51.0
recovery,2021-10-01,07K,NHS WEST SUFFOLK CCG,51.0
recovery,2021-10-01,09D,NHS BRIGHTON AND HOVE CCG,49.0
recovery,2021-10-01,10Q,NHS OXFORDSHIRE CCG,41.0
recovery,2021-10-01,10R,NHS PORTSMOUTH CCG,60.0
recovery,2021-10-01,11J,NHS DORSET CCG,50.0
recovery,2021-10-01,11M,NHS GLOUCESTERSHIRE CCG,48.0
recovery,2021-10-01,11N,NHS KERNOW CCG,42.0
recovery,2021-10-01,11X,NHS SOMERSET CCG,61.0
recovery,2021-10-01,12F,NHS WIRRAL CCG,29.0
recovery,2021-10-01,13Q,NATIONAL COMMISSIONING HUB 1,53.0
recovery,2021-10-01,13T,NHS NEWCASTLE GATESHEAD CCG,49.0
recovery,2021-10-01,14L,NHS MANCHESTER CCG,42.0
recovery,2021-10-01,14R,EAST OF ENGLAND - H&J COMMISSIONING HUB,41.0
recovery,2021-10-01,14Y,NHS BUCKINGHAMSHIRE CCG,54.0
recovery,2021-10-01,15A,NHS BERKSHIRE WEST CCG,54.0
recovery,2021-10-01,15C,"NHS BRISTOL, NORTH SOMERSET AND SOUTH GLOUCESTERSHIRE CCG",53.0
recovery,2021-10-01,15E,NHS BIRMINGHAM AND SOLIHULL CCG,51.0
recovery,2021-10-01,15F,NHS LEEDS CCG,39.0
recovery,2021-10-01,15M,NHS DERBY AND DERBYSHIRE CCG,48.0
recovery,2021-10-01,15N,NHS DEVON CCG,52.0
recovery,2021-10-01,16C,NHS TEES VALLEY CCG,51.0
recovery,2021-10-01,18C,NHS HEREFORDSHIRE AND WORCESTERSHIRE CCG,48.0
recovery,2021-10-01,26A,NHS NORFOLK AND WAVENEY CCG,53.0
recovery,2021-10-01,27D,NHS CHESHIRE CCG,55.0
recovery,2021-10-01,36J,NHS BRADFORD DISTRICT AND CRAVEN CCG,49.0
recovery,2021-10-01,36L,NHS SOUTH WEST LONDON CCG,53.0
recovery,2021-10-01,42D,NHS NORTH YORKSHIRE CCG,57.0
recovery,2021-10-01,52R,NHS NOTTINGHAM AND NOTTINGHAMSHIRE CCG,49.0
recovery,2021-10-01,70F,NHS WEST SUSSEX CCG,59.0
recovery,2021-10-01,71E,NHS LINCOLNSHIRE CCG,50.0
recovery,2021-10-01,72Q,NHS SOUTH EAST LONDON CCG,51.0
recovery,2021-10-01,78H,NHS NORTHAMPTONSHIRE CCG,52.0
recovery,2021-10-01,84H,NHS COUNTY DURHAM CCG,55.0
recovery,2021-10-01,91Q,NHS KENT AND MEDWAY CCG,49.0
recovery,2021-10-01,92A,NHS SURREY HEARTLANDS CCG,47.0
recovery,2021-10-01,92G,"NHS BATH AND NORTH EAST SOMERSET, SWINDON AND WILTSHIRE CCG",18.0
recovery,2021-10-01,93C,NHS NORTH CENTRAL LONDON CCG,50.0
recovery,2021-10-01,97R,NHS EAST SUSSEX CCG,48.0
recovery,2021-10-01,99A,NHS LIVERPOOL CCG,45.0
recovery,2021-10-01,99C,NHS NORTH TYNESIDE CCG,54.0
recovery,2021-10-01,99E,NHS BASILDON AND BRENTWOOD CCG,51.0
recovery,2021-10-01,99F,NHS CASTLE POINT AND ROCHFORD CCG,52.0
recovery,2021-10-01,99G,NHS SOUTHEND CCG,50.0
recovery,2021-10-01,A3A8R,NHS NORTH EAST LONDON CCG,55.0
recovery,2021-10-01,B2M3M,NHS COVENTRY AND WARWICKSHIRE CCG,47.0
recovery,2021-10-01,D2P2L,NHS BLACK COUNTRY AND WEST BIRMINGHAM CCG,49.0
recovery,2021-10-01,D4U1Y,NHS FRIMLEY CCG,54.0
recovery,2021-10-01,D9Y0V,"NHS HAMPSHIRE, SOUTHAMPTON AND ISLE OF WIGHT CCG",48.0
recovery,2021-10-01,InvalidCode,Unknown,41.0
recovery,2021-10-01,M1J4Y,"NHS BEDFORDSHIRE, LUTON AND MILTON KEYNES CCG",51.0
recovery,2021-10-01,M2L0M,"NHS SHROPSHIRE, TELFORD AND WREKIN CCG",40.0
recovery,2021-10-01,W2U3Z,NHS NORTH WEST LONDON CCG,51.0
recovery,2021-10-01,X2C4Y,NHS KIRKLEES CCG,58.0
recovery,2021-11-01,00L,NHS NORTHUMBERLAND CCG,52.0
recovery,2021-11-01,00N,NHS SOUTH TYNESIDE CCG,57.0
recovery,2021-11-01,00P,NHS SUNDERLAND CCG,62.0
recovery,2021-11-01,00Q,NHS BLACKBURN WITH DARWEN CCG,56.0
recovery,2021-11-01,00R,NHS BLACKPOOL CCG,58.0
recovery,2021-11-01,00T,NHS BOLTON CCG,48.0
recovery,2021-11-01,00V,NHS BURY CCG,47.0
recovery,2021-11-01,00X,NHS CHORLEY AND SOUTH RIBBLE CCG,55.0
recovery,2021-11-01,00Y,NHS OLDHAM CCG,50.0
recovery,2021-11-01,01A,NHS EAST LANCASHIRE CCG,64.0
recovery,2021-11-01,01D,"NHS HEYWOOD, MIDDLETON AND ROCHDALE CCG",40.0
recovery,2021-11-01,01E,NHS GREATER PRESTON CCG,53.0
recovery,2021-11-01,01F,NHS HALTON CCG,52.0
recovery,2021-11-01,01G,NHS SALFORD CCG,38.0
recovery,2021-11-01,01H,NHS NORTH CUMBRIA CCG,48.0
recovery,2021-11-01,01J,NHS KNOWSLEY CCG,50.0
recovery,2021-11-01,01K,NHS MORECAMBE BAY CCG,55.0
recovery,2021-11-01,01T,NHS SOUTH SEFTON CCG,43.0
recovery,2021-11-01,01V,NHS SOUTHPORT AND FORMBY CCG,33.0
recovery,2021-11-01,01W,NHS STOCKPORT CCG,50.0
recovery,2021-11-01,01X,NHS ST HELENS CCG,51.0
recovery,2021-11-01,01Y,NHS TAMESIDE AND GLOSSOP CCG,50.0
recovery,2021-11-01,02A,NHS TRAFFORD CCG,51.0
recovery,2021-11-01,02E,NHS WARRINGTON CCG,50.0
recovery,2021-11-01,02G,NHS WEST LANCASHIRE CCG,41.0
recovery,2021-11-01,02H,NHS WIGAN BOROUGH CCG,54.0
recovery,2021-11-01,02M,NHS FYLDE AND WYRE CCG,54.0
recovery,2021-11-01,02P,NHS BARNSLEY CCG,52.0
recovery,2021-11-01,02Q,NHS BASSETLAW CCG,48.0
recovery,2021-11-01,02T,NHS CALDERDALE CCG,48.0
recovery,2021-11-01,02X,NHS DONCASTER CCG,43.0
recovery,2021-11-01,02Y,NHS EAST RIDING OF YORKSHIRE CCG,57.0
recovery,2021-11-01,03F,NHS HULL CCG,52.0
recovery,2021-11-01,03H,NHS NORTH EAST LINCOLNSHIRE CCG,49.0
recovery,2021-11-01,03K,NHS NORTH LINCOLNSHIRE CCG,54.0
recovery,2021-11-01,03L,NHS ROTHERHAM CCG,49.0
recovery,2021-11-01,03N,NHS SHEFFIELD CCG,50.0
recovery,2021-11-01,03Q,NHS VALE OF YORK CCG,54.0
recovery,2021-11-01,03R,NHS WAKEFIELD CCG,53.0
recovery,2021-11-01,03W,NHS EAST LEICESTERSHIRE AND RUTLAND CCG,51.0
recovery,2021-11-01,04C,NHS LEICESTER CITY CCG,48.0
recovery,2021-11-01,04V,NHS WEST LEICESTERSHIRE CCG,56.0
recovery,2021-11-01,04Y,NHS CANNOCK CHASE CCG,51.0
recovery,2021-11-01,05D,NHS EAST STAFFORDSHIRE CCG,57.0
recovery,2021-11-01,05G,NHS NORTH STAFFORDSHIRE CCG,56.0
recovery,2021-11-01,05Q,NHS SOUTH EAST STAFFORDSHIRE AND SEISDON PENINSULA CCG,58.0
recovery,2021-11-01,05V,NHS STAFFORD AND SURROUNDS CCG,54.0
recovery,2021-11-01,05W,NHS STOKE ON TRENT CCG,53.0
recovery,2021-11-01,06H,NHS CAMBRIDGESHIRE AND PETERBOROUGH CCG,46.0
recovery,2021-11-01,06K,NHS EAST AND NORTH HERTFORDSHIRE CCG,51.0
recovery,2021-11-01,06L,NHS IPSWICH AND EAST SUFFOLK CCG,54.0
recovery,2021-11-01,06N,NHS HERTS VALLEYS CCG,52.0
recovery,2021-11-01,06Q,NHS MID ESSEX CCG,44.0
recovery,2021-11-01,06T,NHS NORTH EAST ESSEX CCG,52.0
recovery,2021-11-01,07G,NHS THURROCK CCG,51.0
recovery,2021-11-01,07H,NHS WEST ESSEX CCG,45.0
recovery,2021-11-01,07K,NHS WEST SUFFOLK CCG,53.0
recovery,2021-11-01,09D,NHS BRIGHTON AND HOVE CCG,46.0
recovery,2021-11-01,10Q,NHS OXFORDSHIRE CCG,47.0
recovery,2021-11-01,10R,NHS PORTSMOUTH CCG,56.0
recovery,2021-11-01,11J,NHS DORSET CCG,49.0
recovery,2021-11-01,11M,NHS GLOUCESTERSHIRE CCG,49.0
recovery,2021-11-01,11N,NHS KERNOW CCG,40.0
recovery,2021-11-01,11X,NHS SOMERSET CCG,52.0
recovery,2021-11-01,12F,NHS WIRRAL CCG,36.0
recovery,2021-11-01,13Q,NATIONAL COMMISSIONING HUB 1,44.0
recovery,2021-11-01,13T,NHS NEWCASTLE GATESHEAD CCG,49.0
recovery,2021-11-01,14L,NHS MANCHESTER CCG,42.0
recovery,2021-11-01,14R,EAST OF ENGLAND - H&J COMMISSIONING HUB,31.0
recovery,2021-11-01,14Y,NHS BUCKINGHAMSHIRE CCG,53.0
recovery,2021-11-01,15A,NHS BERKSHIRE WEST CCG,53.0
recovery,2021-11-01,15C,"NHS BRISTOL, NORTH SOMERSET AND SOUTH GLOUCESTERSHIRE CCG",52.0
recovery,2021-11-01,15E,NHS BIRMINGHAM AND SOLIHULL CCG,50.0
recovery,2021-11-01,15F,NHS LEEDS CCG,36.0
recovery,2021-11-01,15M,NHS DERBY AND DERBYSHIRE CCG,49.0
recovery,2021-11-01,15N,NHS DEVON CCG,52.0
recovery,2021-11-01,16C,NHS TEES VALLEY CCG,48.0
recovery,2021-11-01,18C,NHS HEREFORDSHIRE AND WORCESTERSHIRE CCG,50.0
recovery,2021-11-01,26A,NHS NORFOLK AND WAVENEY CCG,50.0
recovery,2021-11-01,27D,NHS CHESHIRE CCG,52.0
recovery,2021-11-01,36J,NHS BRADFORD DISTRICT AND CRAVEN CCG,53.0
recovery,2021-11-01,36L,NHS SOUTH WEST LONDON CCG,54.0
recovery,2021-11-01,42D,NHS NORTH YORKSHIRE CCG,60.0
recovery,2021-11-01,52R,NHS NOTTINGHAM AND NOTTINGHAMSHIRE CCG,49.0
recovery,2021-11-01,70F,NHS WEST SUSSEX CCG,61.0
recovery,2021-11-01,71E,NHS LINCOLNSHIRE CCG,50.0
recovery,2021-11-01,72Q,NHS SOUTH EAST LONDON CCG,52.0
recovery,2021-11-01,78H,NHS NORTHAMPTONSHIRE CCG,51.0
recovery,2021-11-01,84H,NHS COUNTY DURHAM CCG,51.0
recovery,2021-11-01,91Q,NHS KENT AND MEDWAY CCG,45.0
recovery,2021-11-01,92A,NHS SURREY HEARTLANDS CCG,45.0
recovery,2021-11-01,92G,"NHS BATH AND NORTH EAST SOMERSET, SWINDON AND WILTSHIRE CCG",19.0
recovery,2021-11-01,93C,NHS NORTH CENTRAL LONDON CCG,50.0
recovery,2021-11-01,97R,NHS EAST SUSSEX CCG,49.0
recovery,2021-11-01,99A,NHS LIVERPOOL CCG,42.0
recovery,2021-11-01,99C,NHS NORTH TYNESIDE CCG,53.0
recovery,2021-11-01,99E,NHS BASILDON AND BRENTWOOD CCG,51.0
recovery,2021-11-01,99F,NHS CASTLE POINT AND ROCHFORD CCG,54.0
recovery,2021-11-01,99G,NHS SOUTHEND CCG,52.0
recovery,2021-11-01,A3A8R,NHS NORTH EAST LONDON CCG,54.0
recovery,2021-11-01,B2M3M,NHS COVENTRY AND WARWICKSHIRE CCG,50.0
recovery,2021-11-01,D2P2L,NHS BLACK COUNTRY AND WEST BIRMINGHAM CCG,48.0
recovery,2021-11-01,D4U1Y,NHS FRIMLEY CCG,50.0
recovery,2021-11-01,D9Y0V,"NHS HAMPSHIRE, SOUTHAMPTON AND ISLE OF WIGHT CCG",49.0
recovery,2021-11-01,InvalidCode,Unknown,41.0
recovery,2021-11-01,M1J4Y,"NHS BEDFORDSHIRE, LUTON AND MILTON KEYNES CCG",50.0
recovery,2021-11-01,M2L0M,"NHS SHROPSHIRE, TELFORD AND WREKIN CCG",40.0
recovery,2021-11-01,W2U3Z,NHS NORTH WEST LONDON CCG,51.0
recovery,2021-11-01,X2C4Y,NHS KIRKLEES CCG,52.0
recovery,2021-12-01,00L,NHS NORTHUMBERLAND CCG,47.0
recovery,2021-12-01,00N,NHS SOUTH TYNESIDE CCG,51.0
recovery,2021-12-01,00P,NHS SUNDERLAND CCG,56.0
recovery,2021-12-01,00Q,NHS BLACKBURN WITH DARWEN CCG,58.0
recovery,2021-12-01,00R,NHS BLACKPOOL CCG,53.0
recovery,2021-12-01,00T,NHS BOLTON CCG,47.0
recovery,2021-12-01,00V,NHS BURY CCG,39.0
recovery,2021-12-01,00X,NHS CHORLEY AND SOUTH RIBBLE CCG,51.0
recovery,2021-12-01,00Y,NHS OLDHAM CCG,51.0
recovery,2021-12-01,01A,NHS EAST LANCASHIRE CCG,61.0
recovery,2021-12-01,01D,"NHS HEYWOOD, MIDDLETON AND ROCHDALE CCG",52.0
recovery,2021-12-01,01E,NHS GREATER PRESTON CCG,49.0
recovery,2021-12-01,01F,NHS HALTON CCG,51.0
recovery,2021-12-01,01G,NHS SALFORD CCG,43.0
recovery,2021-12-01,01H,NHS NORTH CUMBRIA CCG,50.0
recovery,2021-12-01,01J,NHS KNOWSLEY CCG,49.0
recovery,2021-12-01,01K,NHS MORECAMBE BAY CCG,63.0
recovery,2021-12-01,01T,NHS SOUTH SEFTON CCG,37.0
recovery,2021-12-01,01V,NHS SOUTHPORT AND FORMBY CCG,32.0
recovery,2021-12-01,01W,NHS STOCKPORT CCG,47.0
recovery,2021-12-01,01X,NHS ST HELENS CCG,49.0
recovery,2021-12-01,01Y,NHS TAMESIDE AND GLOSSOP CCG,46.0
recovery,2021-12-01,02A,NHS TRAFFORD CCG,52.0
recovery,2021-12-01,02E,NHS WARRINGTON CCG,44.0
recovery,2021-12-01,02G,NHS WEST LANCASHIRE CCG,51.0
recovery,2021-12-01,02H,NHS WIGAN BOROUGH CCG,51.0
recovery,2021-12-01,02M,NHS FYLDE AND WYRE CCG,51.0
recovery,2021-12-01,02P,NHS BARNSLEY CCG,53.0
recovery,2021-12-01,02Q,NHS BASSETLAW CCG,54.0
recovery,2021-12-01,02T,NHS CALDERDALE CCG,52.0
recovery,2021-12-01,02X,NHS DONCASTER CCG,45.0
recovery,2021-12-01,02Y,NHS EAST RIDING OF YORKSHIRE CCG,50.0
recovery,2021-12-01,03F,NHS HULL CCG,52.0
recovery,2021-12-01,03H,NHS NORTH EAST LINCOLNSHIRE CCG,48.0
recovery,2021-12-01,03K,NHS NORTH LINCOLNSHIRE CCG,47.0
recovery,2021-12-01,03L,NHS ROTHERHAM CCG,47.0
recovery,2021-12-01,03N,NHS SHEFFIELD CCG,50.0
recovery,2021-12-01,03Q,NHS VALE OF YORK CCG,55.0
recovery,2021-12-01,03R,NHS WAKEFIELD CCG,51.0
recovery,2021-12-01,03W,NHS EAST LEICESTERSHIRE AND RUTLAND CCG,62.0
recovery,2021-12-01,04C,NHS LEICESTER CITY CCG,44.0
recovery,2021-12-01,04V,NHS WEST LEICESTERSHIRE CCG,54.0
recovery,2021-12-01,04Y,NHS CANNOCK CHASE CCG,58.0
recovery,2021-12-01,05D,NHS EAST STAFFORDSHIRE CCG,60.0
recovery,2021-12-01,05G,NHS NORTH STAFFORDSHIRE CCG,55.0
recovery,2021-12-01,05Q,NHS SOUTH EAST STAFFORDSHIRE AND SEISDON PENINSULA CCG,56.0
recovery,2021-12-01,05V,NHS STAFFORD AND SURROUNDS CCG,50.0
recovery,2021-12-01,05W,NHS STOKE ON TRENT CCG,49.0
recovery,2021-12-01,06H,NHS CAMBRIDGESHIRE AND PETERBOROUGH CCG,48.0
recovery,2021-12-01,06K,NHS EAST AND NORTH HERTFORDSHIRE CCG,51.0
recovery,2021-12-01,06L,NHS IPSWICH AND EAST SUFFOLK CCG,53.0
recovery,2021-12-01,06N,NHS HERTS VALLEYS CCG,53.0
recovery,2021-12-01,06Q,NHS MID ESSEX CCG,48.0
recovery,2021-12-01,06T,NHS NORTH EAST ESSEX CCG,51.0
recovery,2021-12-01,07G,NHS THURROCK CCG,50.0
recovery,2021-12-01,07H,NHS WEST ESSEX CCG,36.0
recovery,2021-12-01,07K,NHS WEST SUFFOLK CCG,53.0
recovery,2021-12-01,09D,NHS BRIGHTON AND HOVE CCG,40.0
recovery,2021-12-01,10Q,NHS OXFORDSHIRE CCG,48.0
recovery,2021-12-01,10R,NHS PORTSMOUTH CCG,57.0
recovery,2021-12-01,11J,NHS DORSET CCG,47.0
recovery,2021-12-01,11M,NHS GLOUCESTERSHIRE CCG,53.0
recovery,2021-12-01,11N,NHS KERNOW CCG,39.0
recovery,2021-12-01,11X,NHS SOMERSET CCG,56.0
recovery,2021-12-01,12F,NHS WIRRAL CCG,28.0
recovery,2021-12-01,13Q,NATIONAL COMMISSIONING HUB 1,55.0
recovery,2021-12-01,13T,NHS NEWCASTLE GATESHEAD CCG,48.0
recovery,2021-12-01,14L,NHS MANCHESTER CCG,42.0
recovery,2021-12-01,14R,EAST OF ENGLAND - H&J COMMISSIONING HUB,39.0
recovery,2021-12-01,14Y,NHS BUCKINGHAMSHIRE CCG,57.0
recovery,2021-12-01,15A,NHS BERKSHIRE WEST CCG,52.0
recovery,2021-12-01,15C,"NHS BRISTOL, NORTH SOMERSET AND SOUTH GLOUCESTERSHIRE CCG",45.0
recovery,2021-12-01,15E,NHS BIRMINGHAM AND SOLIHULL CCG,50.0
recovery,2021-12-01,15F,NHS LEEDS CCG,41.0
recovery,2021-12-01,15M,NHS DERBY AND DERBYSHIRE CCG,47.0
recovery,2021-12-01,15N,NHS DEVON CCG,54.0
recovery,2021-12-01,16C,NHS TEES VALLEY CCG,53.0
recovery,2021-12-01,18C,NHS HEREFORDSHIRE AND WORCESTERSHIRE CCG,51.0
recovery,2021-12-01,26A,NHS NORFOLK AND WAVENEY CCG,50.0
recovery,2021-12-01,27D,NHS CHESHIRE CCG,48.0
recovery,2021-12-01,36J,NHS BRADFORD DISTRICT AND CRAVEN CCG,50.0
recovery,2021-12-01,36L,NHS SOUTH WEST LONDON CCG,54.0
recovery,2021-12-01,42D,NHS NORTH YORKSHIRE CCG,56.0
recovery,2021-12-01,52R,NHS NOTTINGHAM AND NOTTINGHAMSHIRE CCG,48.0
recovery,2021-12-01,70F,NHS WEST SUSSEX CCG,59.0
recovery,2021-12-01,71E,NHS LINCOLNSHIRE CCG,45.0
recovery,2021-12-01,72Q,NHS SOUTH EAST LONDON CCG,51.0
recovery,2021-12-01,78H,NHS NORTHAMPTONSHIRE CCG,49.0
recovery,2021-12-01,84H,NHS COUNTY DURHAM CCG,52.0
recovery,2021-12-01,91Q,NHS KENT AND MEDWAY CCG,45.0
recovery,2021-12-01,92A,NHS SURREY HEARTLANDS CCG,48.0
recovery,2021-12-01,92G,"NHS BATH AND NORTH EAST SOMERSET, SWINDON AND WILTSHIRE CCG",16.0
recovery,2021-12-01,93C,NHS NORTH CENTRAL LONDON CCG,48.0
recovery,2021-12-01,97R,NHS EAST SUSSEX CCG,52.0
recovery,2021-12-01,99A,NHS LIVERPOOL CCG,46.0
recovery,2021-12-01,99C,NHS NORTH TYNESIDE CCG,55.0
recovery,2021-12-01,99E,NHS BASILDON AND BRENTWOOD CCG,52.0
recovery,2021-12-01,99F,NHS CASTLE POINT AND ROCHFORD CCG,51.0
recovery,2021-12-01,99G,NHS SOUTHEND CCG,50.0
recovery,2021-12-01,A3A8R,NHS NORTH EAST LONDON CCG,52.0
recovery,2021-12-01,B2M3M,NHS COVENTRY AND WARWICKSHIRE CCG,50.0
recovery,2021-12-01,D2P2L,NHS BLACK COUNTRY AND WEST BIRMINGHAM CCG,46.0
recovery,2021-12-01,D4U1Y,NHS FRIMLEY CCG,53.0
recovery,2021-12-01,D9Y0V,"NHS HAMPSHIRE, SOUTHAMPTON AND ISLE OF WIGHT CCG",49.0
recovery,2021-12-01,InvalidCode,Unknown,38.0
recovery,2021-12-01,M1J4Y,"NHS BEDFORDSHIRE, LUTON AND MILTON KEYNES CCG",48.0
recovery,2021-12-01,M2L0M,"NHS SHROPSHIRE, TELFORD AND WREKIN CCG",53.0
recovery,2021-12-01,W2U3Z,NHS NORTH WEST LONDON CCG,48.0
recovery,2021-12-01,X2C4Y,NHS KIRKLEES CCG,49.0
recovery,2022-01-01,00L,NHS NORTHUMBERLAND CCG,50.0
recovery,2022-01-01,00N,NHS SOUTH TYNESIDE CCG,56.0
recovery,2022-01-01,00P,NHS SUNDERLAND CCG,64.0
recovery,2022-01-01,00Q,NHS BLACKBURN WITH DARWEN CCG,63.0
recovery,2022-01-01,00R,NHS BLACKPOOL CCG,52.0
recovery,2022-01-01,00T,NHS BOLTON CCG,53.0
recovery,2022-01-01,00V,NHS BURY CCG,47.0
recovery,2022-01-01,00X,NHS CHORLEY AND SOUTH RIBBLE CCG,52.0
recovery,2022-01-01,00Y,NHS OLDHAM CCG,50.0
recovery,2022-01-01,01A,NHS EAST LANCASHIRE CCG,63.0
recovery,2022-01-01,01D,"NHS HEYWOOD, MIDDLETON AND ROCHDALE CCG",52.0
recovery,2022-01-01,01E,NHS GREATER PRESTON CCG,52.0
recovery,2022-01-01,01F,NHS HALTON CCG,50.0
recovery,2022-01-01,01G,NHS SALFORD CCG,38.0
recovery,2022-01-01,01H,NHS NORTH CUMBRIA CCG,53.0
recovery,2022-01-01,01J,NHS KNOWSLEY CCG,40.0
recovery,2022-01-01,01K,NHS MORECAMBE BAY CCG,53.0
recovery,2022-01-01,01T,NHS SOUTH SEFTON CCG,52.0
recovery,2022-01-01,01V,NHS SOUTHPORT AND FORMBY CCG,41.0
recovery,2022-01-01,01W,NHS STOCKPORT CCG,51.0
recovery,2022-01-01,01X,NHS ST HELENS CCG,50.0
recovery,2022-01-01,01Y,NHS TAMESIDE AND GLOSSOP CCG,50.0
recovery,2022-01-01,02A,NHS TRAFFORD CCG,48.0
recovery,2022-01-01,02E,NHS WARRINGTON CCG,50.0
recovery,2022-01-01,02G,NHS WEST LANCASHIRE CCG,66.0
recovery,2022-01-01,02H,NHS WIGAN BOROUGH CCG,53.0
recovery,2022-01-01,02M,NHS FYLDE AND WYRE CCG,49.0
recovery,2022-01-01,02P,NHS BARNSLEY CCG,51.0
recovery,2022-01-01,02Q,NHS BASSETLAW CCG,55.0
recovery,2022-01-01,02T,NHS CALDERDALE CCG,61.0
recovery,2022-01-01,02X,NHS DONCASTER CCG,46.0
recovery,2022-01-01,02Y,NHS EAST RIDING OF YORKSHIRE CCG,55.0
recovery,2022-01-01,03F,NHS HULL CCG,55.0
recovery,2022-01-01,03H,NHS NORTH EAST LINCOLNSHIRE CCG,52.0
recovery,2022-01-01,03K,NHS NORTH LINCOLNSHIRE CCG,54.0
recovery,2022-01-01,03L,NHS ROTHERHAM CCG,47.0
recovery,2022-01-01,03N,NHS SHEFFIELD CCG,51.0
recovery,2022-01-01,03Q,NHS VALE OF YORK CCG,60.0
recovery,2022-01-01,03R,NHS WAKEFIELD CCG,50.0
recovery,2022-01-01,03W,NHS EAST LEICESTERSHIRE AND RUTLAND CCG,56.0
recovery,2022-01-01,04C,NHS LEICESTER CITY CCG,48.0
recovery,2022-01-01,04V,NHS WEST LEICESTERSHIRE CCG,49.0
recovery,2022-01-01,04Y,NHS CANNOCK CHASE CCG,58.0
recovery,2022-01-01,05D,NHS EAST STAFFORDSHIRE CCG,51.0
recovery,2022-01-01,05G,NHS NORTH STAFFORDSHIRE CCG,60.0
recovery,2022-01-01,05Q,NHS SOUTH EAST STAFFORDSHIRE AND SEISDON PENINSULA CCG,50.0
recovery,2022-01-01,05V,NHS STAFFORD AND SURROUNDS CCG,56.0
recovery,2022-01-01,05W,NHS STOKE ON TRENT CCG,42.0
recovery,2022-01-01,06H,NHS CAMBRIDGESHIRE AND PETERBOROUGH CCG,48.0
recovery,2022-01-01,06K,NHS EAST AND NORTH HERTFORDSHIRE CCG,47.0
recovery,2022-01-01,06L,NHS IPSWICH AND EAST SUFFOLK CCG,53.0
recovery,2022-01-01,06N,NHS HERTS VALLEYS CCG,53.0
recovery,2022-01-01,06Q,NHS MID ESSEX CCG,52.0
recovery,2022-01-01,06T,NHS NORTH EAST ESSEX CCG,54.0
recovery,2022-01-01,07G,NHS THURROCK CCG,50.0
recovery,2022-01-01,07H,NHS WEST ESSEX CCG,49.0
recovery,2022-01-01,07K,NHS WEST SUFFOLK CCG,52.0
recovery,2022-01-01,09D,NHS BRIGHTON AND HOVE CCG,43.0
recovery,2022-01-01,10Q,NHS OXFORDSHIRE CCG,51.0
recovery,2022-01-01,10R,NHS PORTSMOUTH CCG,66.0
recovery,2022-01-01,11J,NHS DORSET CCG,47.0
recovery,2022-01-01,11M,NHS GLOUCESTERSHIRE CCG,49.0
recovery,2022-01-01,11N,NHS KERNOW CCG,40.0
recovery,2022-01-01,11X,NHS SOMERSET CCG,57.0
recovery,2022-01-01,12F,NHS WIRRAL CCG,25.0
recovery,2022-01-01,13Q,NATIONAL COMMISSIONING HUB 1,31.0
recovery,2022-01-01,13T,NHS NEWCASTLE GATESHEAD CCG,51.0
recovery,2022-01-01,14L,NHS MANCHESTER CCG,47.0
recovery,2022-01-01,14R,EAST OF ENGLAND - H&J COMMISSIONING HUB,56.0
recovery,2022-01-01,14Y,NHS BUCKINGHAMSHIRE CCG,56.0
recovery,2022-01-01,15A,NHS BERKSHIRE WEST CCG,53.0
recovery,2022-01-01,15C,"NHS BRISTOL, NORTH SOMERSET AND SOUTH GLOUCESTERSHIRE CCG",53.0
recovery,2022-01-01,15E,NHS BIRMINGHAM AND SOLIHULL CCG,46.0
recovery,2022-01-01,15F,NHS LEEDS CCG,45.0
recovery,2022-01-01,15M,NHS DERBY AND DERBYSHIRE CCG,52.0
recovery,2022-01-01,15N,NHS DEVON CCG,50.0
recovery,2022-01-01,16C,NHS TEES VALLEY CCG,50.0
recovery,2022-01-01,18C,NHS HEREFORDSHIRE AND WORCESTERSHIRE CCG,50.0
recovery,2022-01-01,26A,NHS NORFOLK AND WAVENEY CCG,55.0
recovery,2022-01-01,27D,NHS CHESHIRE CCG,54.0
recovery,2022-01-01,36J,NHS BRADFORD DISTRICT AND CRAVEN CCG,49.0
recovery,2022-01-01,36L,NHS SOUTH WEST LONDON CCG,53.0
recovery,2022-01-01,42D,NHS NORTH YORKSHIRE CCG,53.0
recovery,2022-01-01,52R,NHS NOTTINGHAM AND NOTTINGHAMSHIRE CCG,49.0
recovery,2022-01-01,70F,NHS WEST SUSSEX CCG,61.0
recovery,2022-01-01,71E,NHS LINCOLNSHIRE CCG,49.0
recovery,2022-01-01,72Q,NHS SOUTH EAST LONDON CCG,50.0
recovery,2022-01-01,78H,NHS NORTHAMPTONSHIRE CCG,50.0
recovery,2022-01-01,84H,NHS COUNTY DURHAM CCG,53.0
recovery,2022-01-01,91Q,NHS KENT AND MEDWAY CCG,46.0
recovery,2022-01-01,92A,NHS SURREY HEARTLANDS CCG,51.0
recovery,2022-01-01,92G,"NHS BATH AND NORTH EAST SOMERSET, SWINDON AND WILTSHIRE CCG",19.0
recovery,2022-01-01,93C,NHS NORTH CENTRAL LONDON CCG,51.0
recovery,2022-01-01,97R,NHS EAST SUSSEX CCG,51.0
recovery,2022-01-01,99A,NHS LIVERPOOL CCG,49.0
recovery,2022-01-01,99C,NHS NORTH TYNESIDE CCG,58.0
recovery,2022-01-01,99E,NHS BASILDON AND BRENTWOOD CCG,55.0
recovery,2022-01-01,99F,NHS CASTLE POINT AND ROCHFORD CCG,53.0
recovery,2022-01-01,99G,NHS SOUTHEND CCG,53.0
recovery,2022-01-01,A3A8R,NHS NORTH EAST LONDON CCG,53.0
recovery,2022-01-01,B2M3M,NHS COVENTRY AND WARWICKSHIRE CCG,47.0
recovery,2022-01-01,D2P2L,NHS BLACK COUNTRY AND WEST BIRMINGHAM CCG,47.0
recovery,2022-01-01,D4U1Y,NHS FRIMLEY CCG,48.0
recovery,2022-01-01,D9Y0V,"NHS HAMPSHIRE, SOUTHAMPTON AND ISLE OF WIGHT CCG",52.0
recovery,2022-01-01,InvalidCode,Unknown,41.0
recovery,2022-01-01,M1J4Y,"NHS BEDFORDSHIRE, LUTON AND MILTON KEYNES CCG",50.0
recovery,2022-01-01,M2L0M,"NHS SHROPSHIRE, TELFORD AND WREKIN CCG",50.0
recovery,2022-01-01,W2U3Z,NHS NORTH WEST LONDON CCG,48.0
recovery,2022-01-01,X2C4Y,NHS KIRKLEES CCG,53.0
recovery,2022-02-01,00L,NHS NORTHUMBERLAND CCG,51.0
recovery,2022-02-01,00N,NHS SOUTH TYNESIDE CCG,58.0
recovery,2022-02-01,00P,NHS SUNDERLAND CCG,63.0
recovery,2022-02-01,00Q,NHS BLACKBURN WITH DARWEN CCG,56.0
recovery,2022-02-01,00R,NHS BLACKPOOL CCG,56.0
recovery,2022-02-01,00T,NHS BOLTON CCG,45.0
recovery,2022-02-01,00V,NHS BURY CCG,53.0
recovery,2022-02-01,00X,NHS CHORLEY AND SOUTH RIBBLE CCG,46.0
recovery,2022-02-01,00Y,NHS OLDHAM CCG,47.0
recovery,2022-02-01,01A,NHS EAST LANCASHIRE CCG,56.0
recovery,2022-02-01,01D,"NHS HEYWOOD, MIDDLETON AND ROCHDALE CCG",55.0
recovery,2022-02-01,01E,NHS GREATER PRESTON CCG,52.0
recovery,2022-02-01,01F,NHS HALTON CCG,51.0
recovery,2022-02-01,01G,NHS SALFORD CCG,41.0
recovery,2022-02-01,01H,NHS NORTH CUMBRIA CCG,54.0
recovery,2022-02-01,01J,NHS KNOWSLEY CCG,49.0
recovery,2022-02-01,01K,NHS MORECAMBE BAY CCG,64.0
recovery,2022-02-01,01T,NHS SOUTH SEFTON CCG,51.0
recovery,2022-02-01,01V,NHS SOUTHPORT AND FORMBY CCG,36.0
recovery,2022-02-01,01W,NHS STOCKPORT CCG,57.0
recovery,2022-02-01,01X,NHS ST HELENS CCG,52.0
recovery,2022-02-01,01Y,NHS TAMESIDE AND GLOSSOP CCG,51.0
recovery,2022-02-01,02A,NHS TRAFFORD CCG,53.0
recovery,2022-02-01,02E,NHS WARRINGTON CCG,46.0
recovery,2022-02-01,02G,NHS WEST LANCASHIRE CCG,53.0
recovery,2022-02-01,02H,NHS WIGAN BOROUGH CCG,50.0
recovery,2022-02-01,02M,NHS FYLDE AND WYRE CCG,48.0
recovery,2022-02-01,02P,NHS BARNSLEY CCG,52.0
recovery,2022-02-01,02Q,NHS BASSETLAW CCG,54.0
recovery,2022-02-01,02T,NHS CALDERDALE CCG,54.0
recovery,2022-02-01,02X,NHS DONCASTER CCG,50.0
recovery,2022-02-01,02Y,NHS EAST RIDING OF YORKSHIRE CCG,54.0
recovery,2022-02-01,03F,NHS HULL CCG,56.0
recovery,2022-02-01,03H,NHS NORTH EAST LINCOLNSHIRE CCG,46.0
recovery,2022-02-01,03K,NHS NORTH LINCOLNSHIRE CCG,59.0
recovery,2022-02-01,03L,NHS ROTHERHAM CCG,51.0
recovery,2022-02-01,03N,NHS SHEFFIELD CCG,50.0
recovery,2022-02-01,03Q,NHS VALE OF YORK CCG,59.0
recovery,2022-02-01,03R,NHS WAKEFIELD CCG,52.0
recovery,2022-02-01,03W,NHS EAST LEICESTERSHIRE AND RUTLAND CCG,61.0
recovery,2022-02-01,04C,NHS LEICESTER CITY CCG,45.0
recovery,2022-02-01,04V,NHS WEST LEICESTERSHIRE CCG,51.0
recovery,2022-02-01,04Y,NHS CANNOCK CHASE CCG,63.0
recovery,2022-02-01,05D,NHS EAST STAFFORDSHIRE CCG,58.0
recovery,2022-02-01,05G,NHS NORTH STAFFORDSHIRE CCG,60.0
recovery,2022-02-01,05Q,NHS SOUTH EAST STAFFORDSHIRE AND SEISDON PENINSULA CCG,54.0
recovery,2022-02-01,05V,NHS STAFFORD AND SURROUNDS CCG,51.0
recovery,2022-02-01,05W,NHS STOKE ON TRENT CCG,45.0
recovery,2022-02-01,06H,NHS CAMBRIDGESHIRE AND PETERBOROUGH CCG,50.0
recovery,2022-02-01,06K,NHS EAST AND NORTH HERTFORDSHIRE CCG,52.0
recovery,2022-02-01,06L,NHS IPSWICH AND EAST SUFFOLK CCG,53.0
recovery,2022-02-01,06N,NHS HERTS VALLEYS CCG,54.0
recovery,2022-02-01,06Q,NHS MID ESSEX CCG,49.0
recovery,2022-02-01,06T,NHS NORTH EAST ESSEX CCG,48.0
recovery,2022-02-01,07G,NHS THURROCK CCG,50.0
recovery,2022-02-01,07H,NHS WEST ESSEX CCG,50.0
recovery,2022-02-01,07K,NHS WEST SUFFOLK CCG,52.0
recovery,2022-02-01,09D,NHS BRIGHTON AND HOVE CCG,43.0
recovery,2022-02-01,10Q,NHS OXFORDSHIRE CCG,49.0
recovery,2022-02-01,10R,NHS PORTSMOUTH CCG,56.0
recovery,2022-02-01,11J,NHS DORSET CCG,51.0
recovery,2022-02-01,11M,NHS GLOUCESTERSHIRE CCG,50.0
recovery,2022-02-01,11N,NHS KERNOW CCG,40.0
recovery,2022-02-01,11X,NHS SOMERSET CCG,55.0
recovery,2022-02-01,12F,NHS WIRRAL CCG,32.0
recovery,2022-02-01,13Q,NATIONAL COMMISSIONING HUB 1,39.0
recovery,2022-02-01,13T,NHS NEWCASTLE GATESHEAD CCG,50.0
recovery,2022-02-01,14L,NHS MANCHESTER CCG,50.0
recovery,2022-02-01,14R,EAST OF ENGLAND - H&J COMMISSIONING HUB,46.0
recovery,2022-02-01,14Y,NHS BUCKINGHAMSHIRE CCG,54.0
recovery,2022-02-01,15A,NHS BERKSHIRE WEST CCG,48.0
recovery,2022-02-01,15C,"NHS BRISTOL, NORTH SOMERSET AND SOUTH GLOUCESTERSHIRE CCG",53.0
recovery,2022-02-01,15E,NHS BIRMINGHAM AND SOLIHULL CCG,45.0
recovery,2022-02-01,15F,NHS LEEDS CCG,45.0
recovery,2022-02-01,15M,NHS DERBY AND DERBYSHIRE CCG,49.0
recovery,2022-02-01,15N,NHS DEVON CCG,53.0
recovery,2022-02-01,16C,NHS TEES VALLEY CCG,51.0
recovery,2022-02-01,18C,NHS HEREFORDSHIRE AND WORCESTERSHIRE CCG,52.0
recovery,2022-02-01,26A,NHS NORFOLK AND WAVENEY CCG,56.0
recovery,2022-02-01,27D,NHS CHESHIRE CCG,57.0
recovery,2022-02-01,36J,NHS BRADFORD DISTRICT AND CRAVEN CCG,60.0
recovery,2022-02-01,36L,NHS SOUTH WEST LONDON CCG,54.0
recovery,2022-02-01,42D,NHS NORTH YORKSHIRE CCG,61.0
recovery,2022-02-01,52R,NHS NOTTINGHAM AND NOTTINGHAMSHIRE CCG,50.0
recovery,2022-02-01,70F,NHS WEST SUSSEX CCG,57.0
recovery,2022-02-01,71E,NHS LINCOLNSHIRE CCG,53.0
recovery,2022-02-01,72Q,NHS SOUTH EAST LONDON CCG,51.0
recovery,2022-02-01,78H,NHS NORTHAMPTONSHIRE CCG,51.0
recovery,2022-02-01,84H,NHS COUNTY DURHAM CCG,53.0
recovery,2022-02-01,91Q,NHS KENT AND MEDWAY CCG,48.0
recovery,2022-02-01,92A,NHS SURREY HEARTLANDS CCG,51.0
recovery,2022-02-01,92G,"NHS BATH AND NORTH EAST SOMERSET, SWINDON AND WILTSHIRE CCG",26.0
recovery,2022-02-01,93C,NHS NORTH CENTRAL LONDON CCG,48.0
recovery,2022-02-01,97R,NHS EAST SUSSEX CCG,52.0
recovery,2022-02-01,99A,NHS LIVERPOOL CCG,49.0
recovery,2022-02-01,99C,NHS NORTH TYNESIDE CCG,67.0
recovery,2022-02-01,99E,NHS BASILDON AND BRENTWOOD CCG,55.0
recovery,2022-02-01,99F,NHS CASTLE POINT AND ROCHFORD CCG,53.0
recovery,2022-02-01,99G,NHS SOUTHEND CCG,51.0
recovery,2022-02-01,A3A8R,NHS NORTH EAST LONDON CCG,53.0
recovery,2022-02-01,B2M3M,NHS COVENTRY AND WARWICKSHIRE CCG,46.0
recovery,2022-02-01,D2P2L,NHS BLACK COUNTRY AND WEST BIRMINGHAM CCG,46.0
recovery,2022-02-01,D4U1Y,NHS FRIMLEY CCG,51.0
recovery,2022-02-01,D9Y0V,"NHS HAMPSHIRE, SOUTHAMPTON AND ISLE OF WIGHT CCG",51.0
recovery,2022-02-01,InvalidCode,Unknown,50.0
recovery,2022-02-01,M1J4Y,"NHS BEDFORDSHIRE, LUTON AND MILTON KEYNES CCG",52.0
recovery,2022-02-01,M2L0M,"NHS SHROPSHIRE, TELFORD AND WREKIN CCG",50.0
recovery,2022-02-01,W2U3Z,NHS NORTH WEST LONDON CCG,49.0
recovery,2022-02-01,X2C4Y,NHS KIRKLEES CCG,54.0
recovery,2022-03-01,00L,NHS NORTHUMBERLAND CCG,51.0
recovery,2022-03-01,00N,NHS SOUTH TYNESIDE CCG,57.0
recovery,2022-03-01,00P,NHS SUNDERLAND CCG,63.0
recovery,2022-03-01,00Q,NHS BLACKBURN WITH DARWEN CCG,54.0
recovery,2022-03-01,00R,NHS BLACKPOOL CCG,52.0
recovery,2022-03-01,00T,NHS BOLTON CCG,51.0
recovery,2022-03-01,00V,NHS BURY CCG,46.0
recovery,2022-03-01,00X,NHS CHORLEY AND SOUTH RIBBLE CCG,49.0
recovery,2022-03-01,00Y,NHS OLDHAM CCG,52.0
recovery,2022-03-01,01A,NHS EAST LANCASHIRE CCG,59.0
recovery,2022-03-01,01D,"NHS HEYWOOD, MIDDLETON AND ROCHDALE CCG",51.0
recovery,2022-03-01,01E,NHS GREATER PRESTON CCG,53.0
recovery,2022-03-01,01F,NHS HALTON CCG,53.0
recovery,2022-03-01,01G,NHS SALFORD CCG,42.0
recovery,2022-03-01,01H,NHS NORTH CUMBRIA CCG,54.0
recovery,2022-03-01,01J,NHS KNOWSLEY CCG,52.0
recovery,2022-03-01,01K,NHS MORECAMBE BAY CCG,57.0
recovery,2022-03-01,01T,NHS SOUTH SEFTON CCG,43.0
recovery,2022-03-01,01V,NHS SOUTHPORT AND FORMBY CCG,54.0
recovery,2022-03-01,01W,NHS STOCKPORT CCG,53.0
recovery,2022-03-01,01X,NHS ST HELENS CCG,51.0
recovery,2022-03-01,01Y,NHS TAMESIDE AND GLOSSOP CCG,51.0
recovery,2022-03-01,02A,NHS TRAFFORD CCG,49.0
recovery,2022-03-01,02E,NHS WARRINGTON CCG,48.0
recovery,2022-03-01,02G,NHS WEST LANCASHIRE CCG,52.0
recovery,2022-03-01,02H,NHS WIGAN BOROUGH CCG,54.0
recovery,2022-03-01,02M,NHS FYLDE AND WYRE CCG,54.0
recovery,2022-03-01,02P,NHS BARNSLEY CCG,52.0
recovery,2022-03-01,02Q,NHS BASSETLAW CCG,53.0
recovery,2022-03-01,02T,NHS CALDERDALE CCG,52.0
recovery,2022-03-01,02X,NHS DONCASTER CCG,48.0
recovery,2022-03-01,02Y,NHS EAST RIDING OF YORKSHIRE CCG,57.0
recovery,2022-03-01,03F,NHS HULL CCG,54.0
recovery,2022-03-01,03H,NHS NORTH EAST LINCOLNSHIRE CCG,51.0
recovery,2022-03-01,03K,NHS NORTH LINCOLNSHIRE CCG,52.0
recovery,2022-03-01,03L,NHS ROTHERHAM CCG,49.0
recovery,2022-03-01,03N,NHS SHEFFIELD CCG,50.0
recovery,2022-03-01,03Q,NHS VALE OF YORK CCG,54.0
recovery,2022-03-01,03R,NHS WAKEFIELD CCG,50.0
recovery,2022-03-01,03W,NHS EAST LEICESTERSHIRE AND RUTLAND CCG,54.0
recovery,2022-03-01,04C,NHS LEICESTER CITY CCG,44.0
recovery,2022-03-01,04V,NHS WEST LEICESTERSHIRE CCG,54.0
recovery,2022-03-01,04Y,NHS CANNOCK CHASE CCG,62.0
recovery,2022-03-01,05D,NHS EAST STAFFORDSHIRE CCG,67.0
recovery,2022-03-01,05G,NHS NORTH STAFFORDSHIRE CCG,60.0
recovery,2022-03-01,05Q,NHS SOUTH EAST STAFFORDSHIRE AND SEISDON PENINSULA CCG,61.0
recovery,2022-03-01,05V,NHS STAFFORD AND SURROUNDS CCG,58.0
recovery,2022-03-01,05W,NHS STOKE ON TRENT CCG,45.0
recovery,2022-03-01,06H,NHS CAMBRIDGESHIRE AND PETERBOROUGH CCG,49.0
recovery,2022-03-01,06K,NHS EAST AND NORTH HERTFORDSHIRE CCG,50.0
recovery,2022-03-01,06L,NHS IPSWICH AND EAST SUFFOLK CCG,52.0
recovery,2022-03-01,06N,NHS HERTS VALLEYS CCG,53.0
recovery,2022-03-01,06Q,NHS MID ESSEX CCG,49.0
recovery,2022-03-01,06T,NHS NORTH EAST ESSEX CCG,54.0
recovery,2022-03-01,07G,NHS THURROCK CCG,51.0
recovery,2022-03-01,07H,NHS WEST ESSEX CCG,53.0
recovery,2022-03-01,07K,NHS WEST SUFFOLK CCG,53.0
recovery,2022-03-01,09D,NHS BRIGHTON AND HOVE CCG,44.0
recovery,2022-03-01,10Q,NHS OXFORDSHIRE CCG,48.0
recovery,2022-03-01,10R,NHS PORTSMOUTH CCG,56.0
recovery,2022-03-01,11J,NHS DORSET CCG,52.0
recovery,2022-03-01,11M,NHS GLOUCESTERSHIRE CCG,52.0
recovery,2022-03-01,11N,NHS KERNOW CCG,40.0
recovery,2022-03-01,11X,NHS SOMERSET CCG,52.0
recovery,2022-03-01,12F,NHS WIRRAL CCG,37.0
recovery,2022-03-01,13Q,NATIONAL COMMISSIONING HUB 1,64.0
recovery,2022-03-01,13T,NHS NEWCASTLE GATESHEAD CCG,53.0
recovery,2022-03-01,14L,NHS MANCHESTER CCG,47.0
recovery,2022-03-01,14R,EAST OF ENGLAND - H&J COMMISSIONING HUB,47.0
recovery,2022-03-01,14Y,NHS BUCKINGHAMSHIRE CCG,55.0
recovery,2022-03-01,15A,NHS BERKSHIRE WEST CCG,52.0
recovery,2022-03-01,15C,"NHS BRISTOL, NORTH SOMERSET AND SOUTH GLOUCESTERSHIRE CCG",55.0
recovery,2022-03-01,15E,NHS BIRMINGHAM AND SOLIHULL CCG,45.0
recovery,2022-03-01,15F,NHS LEEDS CCG,38.0
recovery,2022-03-01,15M,NHS DERBY AND DERBYSHIRE CCG,52.0
recovery,2022-03-01,15N,NHS DEVON CCG,51.0
recovery,2022-03-01,16C,NHS TEES VALLEY CCG,50.0
recovery,2022-03-01,18C,NHS HEREFORDSHIRE AND WORCESTERSHIRE CCG,52.0
recovery,2022-03-01,26A,NHS NORFOLK AND WAVENEY CCG,52.0
recovery,2022-03-01,27D,NHS CHESHIRE CCG,55.0
recovery,2022-03-01,36J,NHS BRADFORD DISTRICT AND CRAVEN CCG,52.0
recovery,2022-03-01,36L,NHS SOUTH WEST LONDON CCG,54.0
recovery,2022-03-01,42D,NHS NORTH YORKSHIRE CCG,57.0
recovery,2022-03-01,52R,NHS NOTTINGHAM AND NOTTINGHAMSHIRE CCG,55.0
recovery,2022-03-01,70F,NHS WEST SUSSEX CCG,60.0
recovery,2022-03-01,71E,NHS LINCOLNSHIRE CCG,50.0
recovery,2022-03-01,72Q,NHS SOUTH EAST LONDON CCG,51.0
recovery,2022-03-01,78H,NHS NORTHAMPTONSHIRE CCG,51.0
recovery,2022-03-01,84H,NHS COUNTY DURHAM CCG,55.0
recovery,2022-03-01,91Q,NHS KENT AND MEDWAY CCG,49.0
recovery,2022-03-01,92A,NHS SURREY HEARTLANDS CCG,49.0
recovery,2022-03-01,92G,"NHS BATH AND NORTH EAST SOMERSET, SWINDON AND WILTSHIRE CCG",30.0
recovery,2022-03-01,93C,NHS NORTH CENTRAL LONDON CCG,49.0
recovery,2022-03-01,97R,NHS EAST SUSSEX CCG,52.0
recovery,2022-03-01,99A,NHS LIVERPOOL CCG,46.0
recovery,2022-03-01,99C,NHS NORTH TYNESIDE CCG,58.0
recovery,2022-03-01,99E,NHS BASILDON AND BRENTWOOD CCG,53.0
recovery,2022-03-01,99F,NHS CASTLE POINT AND ROCHFORD CCG,51.0
recovery,2022-03-01,99G,NHS SOUTHEND CCG,47.0
recovery,2022-03-01,A3A8R,NHS NORTH EAST LONDON CCG,54.0
recovery,2022-03-01,B2M3M,NHS COVENTRY AND WARWICKSHIRE CCG,51.0
recovery,2022-03-01,D2P2L,NHS BLACK COUNTRY AND WEST BIRMINGHAM CCG,47.0
recovery,2022-03-01,D4U1Y,NHS FRIMLEY CCG,49.0
recovery,2022-03-01,D9Y0V,"NHS HAMPSHIRE, SOUTHAMPTON AND ISLE OF WIGHT CCG",51.0
recovery,2022-03-01,InvalidCode,Unknown,46.0
recovery,2022-03-01,M1J4Y,"NHS BEDFORDSHIRE, LUTON AND MILTON KEYNES CCG",52.0
recovery,2022-03-01,M2L0M,"NHS SHROPSHIRE, TELFORD AND WREKIN CCG",50.0
recovery,2022-03-01,W2U3Z,NHS NORTH WEST LONDON CCG,52.0
recovery,2022-03-01,X2C4Y,NHS KIRKLEES CCG,54.0
recovery,2022-04-01,00L,NHS NORTHUMBERLAND CCG,51.0
recovery,2022-04-01,00N,NHS SOUTH TYNESIDE CCG,55.0
recovery,2022-04-01,00P,NHS SUNDERLAND CCG,56.0
recovery,2022-04-01,00Q,NHS BLACKBURN WITH DARWEN CCG,58.0
recovery,2022-04-01,00R,NHS BLACKPOOL CCG,45.0
recovery,2022-04-01,00T,NHS BOLTON CCG,52.0
recovery,2022-04-01,00V,NHS BURY CCG,56.0
recovery,2022-04-01,00X,NHS CHORLEY AND SOUTH RIBBLE CCG,46.0
recovery,2022-04-01,00Y,NHS OLDHAM CCG,48.0
recovery,2022-04-01,01A,NHS EAST LANCASHIRE CCG,55.0
recovery,2022-04-01,01D,"NHS HEYWOOD, MIDDLETON AND ROCHDALE CCG",50.0
recovery,2022-04-01,01E,NHS GREATER PRESTON CCG,60.0
recovery,2022-04-01,01F,NHS HALTON CCG,51.0
recovery,2022-04-01,01G,NHS SALFORD CCG,40.0
recovery,2022-04-01,01H,NHS NORTH CUMBRIA CCG,55.0
recovery,2022-04-01,01J,NHS KNOWSLEY CCG,52.0
recovery,2022-04-01,01K,NHS MORECAMBE BAY CCG,50.0
recovery,2022-04-01,01T,NHS SOUTH SEFTON CCG,33.0
recovery,2022-04-01,01V,NHS SOUTHPORT AND FORMBY CCG,48.0
recovery,2022-04-01,01W,NHS STOCKPORT CCG,54.0
recovery,2022-04-01,01X,NHS ST HELENS CCG,53.0
recovery,2022-04-01,01Y,NHS TAMESIDE AND GLOSSOP CCG,50.0
recovery,2022-04-01,02A,NHS TRAFFORD CCG,50.0
recovery,2022-04-01,02E,NHS WARRINGTON CCG,47.0
recovery,2022-04-01,02G,NHS WEST LANCASHIRE CCG,55.0
recovery,2022-04-01,02H,NHS WIGAN BOROUGH CCG,52.0
recovery,2022-04-01,02M,NHS FYLDE AND WYRE CCG,54.0
recovery,2022-04-01,02P,NHS BARNSLEY CCG,52.0
recovery,2022-04-01,02Q,NHS BASSETLAW CCG,58.0
recovery,2022-04-01,02T,NHS CALDERDALE CCG,50.0
recovery,2022-04-01,02X,NHS DONCASTER CCG,49.0
recovery,2022-04-01,02Y,NHS EAST RIDING OF YORKSHIRE CCG,52.0
recovery,2022-04-01,03F,NHS HULL CCG,53.0
recovery,2022-04-01,03H,NHS NORTH EAST LINCOLNSHIRE CCG,32.0
recovery,2022-04-01,03K,NHS NORTH LINCOLNSHIRE CCG,53.0
recovery,2022-04-01,03L,NHS ROTHERHAM CCG,52.0
recovery,2022-04-01,03N,NHS SHEFFIELD CCG,52.0
recovery,2022-04-01,03Q,NHS VALE OF YORK CCG,47.0
recovery,2022-04-01,03R,NHS WAKEFIELD CCG,48.0
recovery,2022-04-01,03W,NHS EAST LEICESTERSHIRE AND RUTLAND CCG,55.0
recovery,2022-04-01,04C,NHS LEICESTER CITY CCG,50.0
recovery,2022-04-01,04V,NHS WEST LEICESTERSHIRE CCG,53.0
recovery,2022-04-01,04Y,NHS CANNOCK CHASE CCG,56.0
recovery,2022-04-01,05D,NHS EAST STAFFORDSHIRE CCG,61.0
recovery,2022-04-01,05G,NHS NORTH STAFFORDSHIRE CCG,59.0
recovery,2022-04-01,05Q,NHS SOUTH EAST STAFFORDSHIRE AND SEISDON PENINSULA CCG,63.0
recovery,2022-04-01,05V,NHS STAFFORD AND SURROUNDS CCG,55.0
recovery,2022-04-01,05W,NHS STOKE ON TRENT CCG,46.0
recovery,2022-04-01,06H,NHS CAMBRIDGESHIRE AND PETERBOROUGH CCG,46.0
recovery,2022-04-01,06K,NHS EAST AND NORTH HERTFORDSHIRE CCG,56.0
recovery,2022-04-01,06L,NHS IPSWICH AND EAST SUFFOLK CCG,52.0
recovery,2022-04-01,06N,NHS HERTS VALLEYS CCG,52.0
recovery,2022-04-01,06Q,NHS MID ESSEX CCG,48.0
recovery,2022-04-01,06T,NHS NORTH EAST ESSEX CCG,52.0
recovery,2022-04-01,07G,NHS THURROCK CCG,49.0
recovery,2022-04-01,07H,NHS WEST ESSEX CCG,53.0
recovery,2022-04-01,07K,NHS WEST SUFFOLK CCG,53.0
recovery,2022-04-01,09D,NHS BRIGHTON AND HOVE CCG,41.0
recovery,2022-04-01,10Q,NHS OXFORDSHIRE CCG,49.0
recovery,2022-04-01,10R,NHS PORTSMOUTH CCG,56.0
recovery,2022-04-01,11J,NHS DORSET CCG,50.0
recovery,2022-04-01,11M,NHS GLOUCESTERSHIRE CCG,51.0
recovery,2022-04-01,11N,NHS KERNOW CCG,40.0
recovery,2022-04-01,11X,NHS SOMERSET CCG,64.0
recovery,2022-04-01,12F,NHS WIRRAL CCG,35.0
recovery,2022-04-01,13Q,NATIONAL COMMISSIONING HUB 1,54.0
recovery,2022-04-01,13T,NHS NEWCASTLE GATESHEAD CCG,51.0
recovery,2022-04-01,14L,NHS MANCHESTER CCG,45.0
recovery,2022-04-01,14R,EAST OF ENGLAND - H&J COMMISSIONING HUB,45.0
recovery,2022-04-01,14Y,NHS BUCKINGHAMSHIRE CCG,54.0
recovery,2022-04-01,15A,NHS BERKSHIRE WEST CCG,47.0
recovery,2022-04-01,15C,"NHS BRISTOL, NORTH SOMERSET AND SOUTH GLOUCESTERSHIRE CCG",51.0
recovery,2022-04-01,15E,NHS BIRMINGHAM AND SOLIHULL CCG,50.0
recovery,2022-04-01,15F,NHS LEEDS CCG,39.0
recovery,2022-04-01,15M,NHS DERBY AND DERBYSHIRE CCG,53.0
recovery,2022-04-01,15N,NHS DEVON CCG,50.0
recovery,2022-04-01,16C,NHS TEES VALLEY CCG,52.0
recovery,2022-04-01,18C,NHS HEREFORDSHIRE AND WORCESTERSHIRE CCG,51.0
recovery,2022-04-01,26A,NHS NORFOLK AND WAVENEY CCG,53.0
recovery,2022-04-01,27D,NHS CHESHIRE CCG,53.0
recovery,2022-04-01,36J,NHS BRADFORD DISTRICT AND CRAVEN CCG,50.0
recovery,2022-04-01,36L,NHS SOUTH WEST LONDON CCG,51.0
recovery,2022-04-01,42D,NHS NORTH YORKSHIRE CCG,59.0
recovery,2022-04-01,52R,NHS NOTTINGHAM AND NOTTINGHAMSHIRE CCG,52.0
recovery,2022-04-01,70F,NHS WEST SUSSEX CCG,59.0
recovery,2022-04-01,71E,NHS LINCOLNSHIRE CCG,51.0
recovery,2022-04-01,72Q,NHS SOUTH EAST LONDON CCG,51.0
recovery,2022-04-01,78H,NHS NORTHAMPTONSHIRE CCG,51.0
recovery,2022-04-01,84H,NHS COUNTY DURHAM CCG,53.0
recovery,2022-04-01,91Q,NHS KENT AND MEDWAY CCG,48.0
recovery,2022-04-01,92A,NHS SURREY HEARTLANDS CCG,49.0
recovery,2022-04-01,92G,"NHS BATH AND NORTH EAST SOMERSET, SWINDON AND WILTSHIRE CCG",30.0
recovery,2022-04-01,93C,NHS NORTH CENTRAL LONDON CCG,50.0
recovery,2022-04-01,97R,NHS EAST SUSSEX CCG,56.0
recovery,2022-04-01,99A,NHS LIVERPOOL CCG,43.0
recovery,2022-04-01,99C,NHS NORTH TYNESIDE CCG,59.0
recovery,2022-04-01,99E,NHS BASILDON AND BRENTWOOD CCG,50.0
recovery,2022-04-01,99F,NHS CASTLE POINT AND ROCHFORD CCG,52.0
recovery,2022-04-01,99G,NHS SOUTHEND CCG,53.0
recovery,2022-04-01,A3A8R,NHS NORTH EAST LONDON CCG,53.0
recovery,2022-04-01,B2M3M,NHS COVENTRY AND WARWICKSHIRE CCG,52.0
recovery,2022-04-01,D2P2L,NHS BLACK COUNTRY AND WEST BIRMINGHAM CCG,46.0
recovery,2022-04-01,D4U1Y,NHS FRIMLEY CCG,52.0
recovery,2022-04-01,D9Y0V,"NHS HAMPSHIRE, SOUTHAMPTON AND ISLE OF WIGHT CCG",52.0
recovery,2022-04-01,InvalidCode,Unknown,43.0
recovery,2022-04-01,M1J4Y,"NHS BEDFORDSHIRE, LUTON AND MILTON KEYNES CCG",51.0
recovery,2022-04-01,M2L0M,"NHS SHROPSHIRE, TELFORD AND WREKIN CCG",51.0
recovery,2022-04-01,W2U3Z,NHS NORTH WEST LONDON CCG,48.0
recovery,2022-04-01,X2C4Y,NHS KIRKLEES CCG,55.0
recovery,2022-05-01,00L,NHS NORTHUMBERLAND CCG,53.0
recovery,2022-05-01,00N,NHS SOUTH TYNESIDE CCG,50.0
recovery,2022-05-01,00P,NHS SUNDERLAND CCG,50.0
recovery,2022-05-01,00Q,NHS BLACKBURN WITH DARWEN CCG,61.0
recovery,2022-05-01,00R,NHS BLACKPOOL CCG,59.0
recovery,2022-05-01,00T,NHS BOLTON CCG,50.0
recovery,2022-05-01,00V,NHS BURY CCG,52.0
recovery,2022-05-01,00X,NHS CHORLEY AND SOUTH RIBBLE CCG,40.0
recovery,2022-05-01,00Y,NHS OLDHAM CCG,46.0
recovery,2022-05-01,01A,NHS EAST LANCASHIRE CCG,56.0
recovery,2022-05-01,01D,"NHS HEYWOOD, MIDDLETON AND ROCHDALE CCG",49.0
recovery,2022-05-01,01E,NHS GREATER PRESTON CCG,53.0
recovery,2022-05-01,01F,NHS HALTON CCG,44.0
recovery,2022-05-01,01G,NHS SALFORD CCG,37.0
recovery,2022-05-01,01H,NHS NORTH CUMBRIA CCG,53.0
recovery,2022-05-01,01J,NHS KNOWSLEY CCG,49.0
recovery,2022-05-01,01K,NHS MORECAMBE BAY CCG,60.0
recovery,2022-05-01,01T,NHS SOUTH SEFTON CCG,46.0
recovery,2022-05-01,01V,NHS SOUTHPORT AND FORMBY CCG,52.0
recovery,2022-05-01,01W,NHS STOCKPORT CCG,55.0
recovery,2022-05-01,01X,NHS ST HELENS CCG,52.0
recovery,2022-05-01,01Y,NHS TAMESIDE AND GLOSSOP CCG,42.0
recovery,2022-05-01,02A,NHS TRAFFORD CCG,58.0
recovery,2022-05-01,02E,NHS WARRINGTON CCG,47.0
recovery,2022-05-01,02G,NHS WEST LANCASHIRE CCG,51.0
recovery,2022-05-01,02H,NHS WIGAN BOROUGH CCG,50.0
recovery,2022-05-01,02M,NHS FYLDE AND WYRE CCG,63.0
recovery,2022-05-01,02P,NHS BARNSLEY CCG,51.0
recovery,2022-05-01,02Q,NHS BASSETLAW CCG,61.0
recovery,2022-05-01,02T,NHS CALDERDALE CCG,57.0
recovery,2022-05-01,02X,NHS DONCASTER CCG,49.0
recovery,2022-05-01,02Y,NHS EAST RIDING OF YORKSHIRE CCG,47.0
recovery,2022-05-01,03F,NHS HULL CCG,54.0
recovery,2022-05-01,03H,NHS NORTH EAST LINCOLNSHIRE CCG,49.0
recovery,2022-05-01,03K,NHS NORTH LINCOLNSHIRE CCG,56.0
recovery,2022-05-01,03L,NHS ROTHERHAM CCG,58.0
recovery,2022-05-01,03N,NHS SHEFFIELD CCG,52.0
recovery,2022-05-01,03Q,NHS VALE OF YORK CCG,49.0
recovery,2022-05-01,03R,NHS WAKEFIELD CCG,53.0
recovery,2022-05-01,03W,NHS EAST LEICESTERSHIRE AND RUTLAND CCG,60.0
recovery,2022-05-01,04C,NHS LEICESTER CITY CCG,51.0
recovery,2022-05-01,04V,NHS WEST LEICESTERSHIRE CCG,53.0
recovery,2022-05-01,04Y,NHS CANNOCK CHASE CCG,48.0
recovery,2022-05-01,05D,NHS EAST STAFFORDSHIRE CCG,54.0
recovery,2022-05-01,05G,NHS NORTH STAFFORDSHIRE CCG,61.0
recovery,2022-05-01,05Q,NHS SOUTH EAST STAFFORDSHIRE AND SEISDON PENINSULA CCG,57.0
recovery,2022-05-01,05V,NHS STAFFORD AND SURROUNDS CCG,59.0
recovery,2022-05-01,05W,NHS STOKE ON TRENT CCG,51.0
recovery,2022-05-01,06H,NHS CAMBRIDGESHIRE AND PETERBOROUGH CCG,49.0
recovery,2022-05-01,06K,NHS EAST AND NORTH HERTFORDSHIRE CCG,49.0
recovery,2022-05-01,06L,NHS IPSWICH AND EAST SUFFOLK CCG,52.0
recovery,2022-05-01,06N,NHS HERTS VALLEYS CCG,54.0
recovery,2022-05-01,06Q,NHS MID ESSEX CCG,50.0
recovery,2022-05-01,06T,NHS NORTH EAST ESSEX CCG,53.0
recovery,2022-05-01,07G,NHS THURROCK CCG,44.0
recovery,2022-05-01,07H,NHS WEST ESSEX CCG,48.0
recovery,2022-05-01,07K,NHS WEST SUFFOLK CCG,53.0
recovery,2022-05-01,09D,NHS BRIGHTON AND HOVE CCG,38.0
recovery,2022-05-01,10Q,NHS OXFORDSHIRE CCG,54.0
recovery,2022-05-01,10R,NHS PORTSMOUTH CCG,60.0
recovery,2022-05-01,11J,NHS DORSET CCG,50.0
recovery,2022-05-01,11M,NHS GLOUCESTERSHIRE CCG,48.0
recovery,2022-05-01,11N,NHS KERNOW CCG,40.0
recovery,2022-05-01,11X,NHS SOMERSET CCG,60.0
recovery,2022-05-01,12F,NHS WIRRAL CCG,33.0
recovery,2022-05-01,13Q,NATIONAL COMMISSIONING HUB 1,58.0
recovery,2022-05-01,13T,NHS NEWCASTLE GATESHEAD CCG,43.0
recovery,2022-05-01,14L,NHS MANCHESTER CCG,47.0
recovery,2022-05-01,14R,EAST OF ENGLAND - H&J COMMISSIONING HUB,50.0
recovery,2022-05-01,14Y,NHS BUCKINGHAMSHIRE CCG,54.0
recovery,2022-05-01,15A,NHS BERKSHIRE WEST CCG,46.0
recovery,2022-05-01,15C,"NHS BRISTOL, NORTH SOMERSET AND SOUTH GLOUCESTERSHIRE CCG",52.0
recovery,2022-05-01,15E,NHS BIRMINGHAM AND SOLIHULL CCG,48.0
recovery,2022-05-01,15F,NHS LEEDS CCG,42.0
recovery,2022-05-01,15M,NHS DERBY AND DERBYSHIRE CCG,53.0
recovery,2022-05-01,15N,NHS DEVON CCG,53.0
recovery,2022-05-01,16C,NHS TEES VALLEY CCG,50.0
recovery,2022-05-01,18C,NHS HEREFORDSHIRE AND WORCESTERSHIRE CCG,51.0
recovery,2022-05-01,26A,NHS NORFOLK AND WAVENEY CCG,52.0
recovery,2022-05-01,27D,NHS CHESHIRE CCG,49.0
recovery,2022-05-01,36J,NHS BRADFORD DISTRICT AND CRAVEN CCG,53.0
recovery,2022-05-01,36L,NHS SOUTH WEST LONDON CCG,55.0
recovery,2022-05-01,42D,NHS NORTH YORKSHIRE CCG,57.0
recovery,2022-05-01,52R,NHS NOTTINGHAM AND NOTTINGHAMSHIRE CCG,49.0
recovery,2022-05-01,70F,NHS WEST SUSSEX CCG,60.0
recovery,2022-05-01,71E,NHS LINCOLNSHIRE CCG,46.0
recovery,2022-05-01,72Q,NHS SOUTH EAST LONDON CCG,49.0
recovery,2022-05-01,78H,NHS NORTHAMPTONSHIRE CCG,50.0
recovery,2022-05-01,84H,NHS COUNTY DURHAM CCG,54.0
recovery,2022-05-01,91Q,NHS KENT AND MEDWAY CCG,49.0
recovery,2022-05-01,92A,NHS SURREY HEARTLANDS CCG,48.0
recovery,2022-05-01,92G,"NHS BATH AND NORTH EAST SOMERSET, SWINDON AND WILTSHIRE CCG",29.0
recovery,2022-05-01,93C,NHS NORTH CENTRAL LONDON CCG,51.0
recovery,2022-05-01,97R,NHS EAST SUSSEX CCG,36.0
recovery,2022-05-01,99A,NHS LIVERPOOL CCG,43.0
recovery,2022-05-01,99C,NHS NORTH TYNESIDE CCG,57.0
recovery,2022-05-01,99E,NHS BASILDON AND BRENTWOOD CCG,55.0
recovery,2022-05-01,99F,NHS CASTLE POINT AND ROCHFORD CCG,49.0
recovery,2022-05-01,99G,NHS SOUTHEND CCG,51.0
recovery,2022-05-01,A3A8R,NHS NORTH EAST LONDON CCG,51.0
recovery,2022-05-01,B2M3M,NHS COVENTRY AND WARWICKSHIRE CCG,50.0
recovery,2022-05-01,D2P2L,NHS BLACK COUNTRY AND WEST BIRMINGHAM CCG,44.0
recovery,2022-05-01,D4U1Y,NHS FRIMLEY CCG,50.0
recovery,2022-05-01,D9Y0V,"NHS HAMPSHIRE, SOUTHAMPTON AND ISLE OF WIGHT CCG",50.0
recovery,2022-05-01,InvalidCode,Unknown,39.0
recovery,2022-05-01,M1J4Y,"NHS BEDFORDSHIRE, LUTON AND MILTON KEYNES CCG",51.0
recovery,2022-05-01,M2L0M,"NHS SHROPSHIRE, TELFORD AND WREKIN CCG",53.0
recovery,2022-05-01,W2U3Z,NHS NORTH WEST LONDON CCG,51.0
recovery,2022-05-01,X2C4Y,NHS KIRKLEES CCG,50.0
recovery,2022-06-01,00L,NHS NORTHUMBERLAND CCG,53.0
recovery,2022-06-01,00N,NHS SOUTH TYNESIDE CCG,52.0
recovery,2022-06-01,00P,NHS SUNDERLAND CCG,57.0
recovery,2022-06-01,00Q,NHS BLACKBURN WITH DARWEN CCG,44.0
recovery,2022-06-01,00R,NHS BLACKPOOL CCG,48.0
recovery,2022-06-01,00T,NHS BOLTON CCG,46.0
recovery,2022-06-01,00V,NHS BURY CCG,44.0
recovery,2022-06-01,00X,NHS CHORLEY AND SOUTH RIBBLE CCG,34.0
recovery,2022-06-01,00Y,NHS OLDHAM CCG,54.0
recovery,2022-06-01,01A,NHS EAST LANCASHIRE CCG,45.0
recovery,2022-06-01,01D,"NHS HEYWOOD, MIDDLETON AND ROCHDALE CCG",48.0
recovery,2022-06-01,01E,NHS GREATER PRESTON CCG,29.0
recovery,2022-06-01,01F,NHS HALTON CCG,51.0
recovery,2022-06-01,01G,NHS SALFORD CCG,39.0
recovery,2022-06-01,01H,NHS NORTH CUMBRIA CCG,53.0
recovery,2022-06-01,01J,NHS KNOWSLEY CCG,43.0
recovery,2022-06-01,01K,NHS MORECAMBE BAY CCG,52.0
recovery,2022-06-01,01T,NHS SOUTH SEFTON CCG,61.0
recovery,2022-06-01,01V,NHS SOUTHPORT AND FORMBY CCG,62.0
recovery,2022-06-01,01W,NHS STOCKPORT CCG,54.0
recovery,2022-06-01,01X,NHS ST HELENS CCG,52.0
recovery,2022-06-01,01Y,NHS TAMESIDE AND GLOSSOP CCG,53.0
recovery,2022-06-01,02A,NHS TRAFFORD CCG,48.0
recovery,2022-06-01,02E,NHS WARRINGTON CCG,50.0
recovery,2022-06-01,02G,NHS WEST LANCASHIRE CCG,35.0
recovery,2022-06-01,02H,NHS WIGAN BOROUGH CCG,46.0
recovery,2022-06-01,02M,NHS FYLDE AND WYRE CCG,40.0
recovery,2022-06-01,02P,NHS BARNSLEY CCG,51.0
recovery,2022-06-01,02Q,NHS BASSETLAW CCG,49.0
recovery,2022-06-01,02T,NHS CALDERDALE CCG,57.0
recovery,2022-06-01,02X,NHS DONCASTER CCG,50.0
recovery,2022-06-01,02Y,NHS EAST RIDING OF YORKSHIRE CCG,58.0
recovery,2022-06-01,03F,NHS HULL CCG,56.0
recovery,2022-06-01,03H,NHS NORTH EAST LINCOLNSHIRE CCG,49.0
recovery,2022-06-01,03K,NHS NORTH LINCOLNSHIRE CCG,51.0
recovery,2022-06-01,03L,NHS ROTHERHAM CCG,49.0
recovery,2022-06-01,03N,NHS SHEFFIELD CCG,50.0
recovery,2022-06-01,03Q,NHS VALE OF YORK CCG,54.0
recovery,2022-06-01,03R,NHS WAKEFIELD CCG,50.0
recovery,2022-06-01,03W,NHS EAST LEICESTERSHIRE AND RUTLAND CCG,53.0
recovery,2022-06-01,04C,NHS LEICESTER CITY CCG,49.0
recovery,2022-06-01,04V,NHS WEST LEICESTERSHIRE CCG,55.0
recovery,2022-06-01,04Y,NHS CANNOCK CHASE CCG,56.0
recovery,2022-06-01,05D,NHS EAST STAFFORDSHIRE CCG,59.0
recovery,2022-06-01,05G,NHS NORTH STAFFORDSHIRE CCG,54.0
recovery,2022-06-01,05Q,NHS SOUTH EAST STAFFORDSHIRE AND SEISDON PENINSULA CCG,58.0
recovery,2022-06-01,05V,NHS STAFFORD AND SURROUNDS CCG,51.0
recovery,2022-06-01,05W,NHS STOKE ON TRENT CCG,55.0
recovery,2022-06-01,06H,NHS CAMBRIDGESHIRE AND PETERBOROUGH CCG,50.0
recovery,2022-06-01,06K,NHS EAST AND NORTH HERTFORDSHIRE CCG,55.0
recovery,2022-06-01,06L,NHS IPSWICH AND EAST SUFFOLK CCG,52.0
recovery,2022-06-01,06N,NHS HERTS VALLEYS CCG,55.0
recovery,2022-06-01,06Q,NHS MID ESSEX CCG,47.0
recovery,2022-06-01,06T,NHS NORTH EAST ESSEX CCG,53.0
recovery,2022-06-01,07G,NHS THURROCK CCG,48.0
recovery,2022-06-01,07H,NHS WEST ESSEX CCG,56.0
recovery,2022-06-01,07K,NHS WEST SUFFOLK CCG,53.0
recovery,2022-06-01,09D,NHS BRIGHTON AND HOVE CCG,33.0
recovery,2022-06-01,10Q,NHS OXFORDSHIRE CCG,46.0
recovery,2022-06-01,10R,NHS PORTSMOUTH CCG,55.0
recovery,2022-06-01,11J,NHS DORSET CCG,49.0
recovery,2022-06-01,11M,NHS GLOUCESTERSHIRE CCG,51.0
recovery,2022-06-01,11N,NHS KERNOW CCG,37.0
recovery,2022-06-01,11X,NHS SOMERSET CCG,58.0
recovery,2022-06-01,12F,NHS WIRRAL CCG,41.0
recovery,2022-06-01,13Q,NATIONAL COMMISSIONING HUB 1,38.0
recovery,2022-06-01,13T,NHS NEWCASTLE GATESHEAD CCG,52.0
recovery,2022-06-01,14L,NHS MANCHESTER CCG,47.0
recovery,2022-06-01,14R,EAST OF ENGLAND - H&J COMMISSIONING HUB,22.0
recovery,2022-06-01,14Y,NHS BUCKINGHAMSHIRE CCG,57.0
recovery,2022-06-01,15A,NHS BERKSHIRE WEST CCG,46.0
recovery,2022-06-01,15C,"NHS BRISTOL, NORTH SOMERSET AND SOUTH GLOUCESTERSHIRE CCG",52.0
recovery,2022-06-01,15E,NHS BIRMINGHAM AND SOLIHULL CCG,43.0
recovery,2022-06-01,15F,NHS LEEDS CCG,42.0
recovery,2022-06-01,15M,NHS DERBY AND DERBYSHIRE CCG,52.0
recovery,2022-06-01,15N,NHS DEVON CCG,50.0
recovery,2022-06-01,16C,NHS TEES VALLEY CCG,55.0
recovery,2022-06-01,18C,NHS HEREFORDSHIRE AND WORCESTERSHIRE CCG,55.0
recovery,2022-06-01,26A,NHS NORFOLK AND WAVENEY CCG,52.0
recovery,2022-06-01,27D,NHS CHESHIRE CCG,53.0
recovery,2022-06-01,36J,NHS BRADFORD DISTRICT AND CRAVEN CCG,50.0
recovery,2022-06-01,36L,NHS SOUTH WEST LONDON CCG,53.0
recovery,2022-06-01,42D,NHS NORTH YORKSHIRE CCG,55.0
recovery,2022-06-01,52R,NHS NOTTINGHAM AND NOTTINGHAMSHIRE CCG,52.0
recovery,2022-06-01,70F,NHS WEST SUSSEX CCG,58.0
recovery,2022-06-01,71E,NHS LINCOLNSHIRE CCG,51.0
recovery,2022-06-01,72Q,NHS SOUTH EAST LONDON CCG,51.0
recovery,2022-06-01,78H,NHS NORTHAMPTONSHIRE CCG,50.0
recovery,2022-06-01,84H,NHS COUNTY DURHAM CCG,52.0
recovery,2022-06-01,91Q,NHS KENT AND MEDWAY CCG,45.0
recovery,2022-06-01,92A,NHS SURREY HEARTLANDS CCG,50.0
recovery,2022-06-01,92G,"NHS BATH AND NORTH EAST SOMERSET, SWINDON AND WILTSHIRE CCG",30.0
recovery,2022-06-01,93C,NHS NORTH CENTRAL LONDON CCG,48.0
recovery,2022-06-01,97R,NHS EAST SUSSEX CCG,48.0
recovery,2022-06-01,99A,NHS LIVERPOOL CCG,42.0
recovery,2022-06-01,99C,NHS NORTH TYNESIDE CCG,55.0
recovery,2022-06-01,99E,NHS BASILDON AND BRENTWOOD CCG,56.0
recovery,2022-06-01,99F,NHS CASTLE POINT AND ROCHFORD CCG,51.0
recovery,2022-06-01,99G,NHS SOUTHEND CCG,52.0
recovery,2022-06-01,A3A8R,NHS NORTH EAST LONDON CCG,52.0
recovery,2022-06-01,B2M3M,NHS COVENTRY AND WARWICKSHIRE CCG,48.0
recovery,2022-06-01,D2P2L,NHS BLACK COUNTRY AND WEST BIRMINGHAM CCG,43.0
recovery,2022-06-01,D4U1Y,NHS FRIMLEY CCG,47.0
recovery,2022-06-01,D9Y0V,"NHS HAMPSHIRE, SOUTHAMPTON AND ISLE OF WIGHT CCG",48.0
recovery,2022-06-01,InvalidCode,Unknown,37.0
recovery,2022-06-01,M1J4Y,"NHS BEDFORDSHIRE, LUTON AND MILTON KEYNES CCG",48.0
recovery,2022-06-01,M2L0M,"NHS SHROPSHIRE, TELFORD AND WREKIN CCG",55.0
recovery,2022-06-01,W2U3Z,NHS NORTH WEST LONDON CCG,49.0
recovery,2022-06-01,X2C4Y,NHS KIRKLEES CCG,52.0
recovery,2022-07-01,00L,NHS NORTH EAST AND NORTH CUMBRIA ICB - 00L,49.0
recovery,2022-07-01,00N,NHS NORTH EAST AND NORTH CUMBRIA ICB - 00N,53.0
recovery,2022-07-01,00P,NHS NORTH EAST AND NORTH CUMBRIA ICB - 00P,52.0
recovery,2022-07-01,00Q,NHS LANCASHIRE AND SOUTH CUMBRIA ICB - 00Q,56.0
recovery,2022-07-01,00R,NHS LANCASHIRE AND SOUTH CUMBRIA ICB - 00R,54.0
recovery,2022-07-01,00T,NHS GREATER MANCHESTER ICB - 00T,53.0
recovery,2022-07-01,00V,NHS GREATER MANCHESTER ICB - 00V,46.0
recovery,2022-07-01,00X,NHS LANCASHIRE AND SOUTH CUMBRIA ICB - 00X,48.0
recovery,2022-07-01,00Y,NHS GREATER MANCHESTER ICB - 00Y,44.0
recovery,2022-07-01,01A,NHS LANCASHIRE AND SOUTH CUMBRIA ICB - 01A,59.0
recovery,2022-07-01,01D,NHS GREATER MANCHESTER ICB - 01D,51.0
recovery,2022-07-01,01E,NHS LANCASHIRE AND SOUTH CUMBRIA ICB - 01E,40.0
recovery,2022-07-01,01F,NHS CHESHIRE AND MERSEYSIDE ICB - 01F,51.0
recovery,2022-07-01,01G,NHS GREATER MANCHESTER ICB - 01G,35.0
recovery,2022-07-01,01H,NHS NORTH EAST AND NORTH CUMBRIA ICB - 01H,51.0
recovery,2022-07-01,01J,NHS CHESHIRE AND MERSEYSIDE ICB - 01J,43.0
recovery,2022-07-01,01K,NHS LANCASHIRE AND SOUTH CUMBRIA ICB - 01K,56.0
recovery,2022-07-01,01T,NHS CHESHIRE AND MERSEYSIDE ICB - 01T,40.0
recovery,2022-07-01,01V,NHS CHESHIRE AND MERSEYSIDE ICB - 01V,45.0
recovery,2022-07-01,01W,NHS GREATER MANCHESTER ICB - 01W,54.0
recovery,2022-07-01,01X,NHS CHESHIRE AND MERSEYSIDE ICB - 01X,50.0
recovery,2022-07-01,01Y,NHS GREATER MANCHESTER ICB - 01Y,50.0
recovery,2022-07-01,02A,NHS GREATER MANCHESTER ICB - 02A,53.0
recovery,2022-07-01,02E,NHS CHESHIRE AND MERSEYSIDE ICB - 02E,49.0
recovery,2022-07-01,02G,NHS LANCASHIRE AND SOUTH CUMBRIA ICB - 02G,56.0
recovery,2022-07-01,02H,NHS GREATER MANCHESTER ICB - 02H,45.0
recovery,2022-07-01,02M,NHS LANCASHIRE AND SOUTH CUMBRIA ICB - 02M,55.0
recovery,2022-07-01,02P,NHS SOUTH YORKSHIRE ICB - 02P,51.0
recovery,2022-07-01,02Q,NHS NOTTINGHAM AND NOTTINGHAMSHIRE ICB - 02Q,52.0
recovery,2022-07-01,02T,NHS WEST YORKSHIRE ICB - 02T,56.0
recovery,2022-07-01,02X,NHS SOUTH YORKSHIRE ICB - 02X,51.0
recovery,2022-07-01,02Y,NHS HUMBER AND NORTH YORKSHIRE ICB - 02Y,48.0
recovery,2022-07-01,03F,NHS HUMBER AND NORTH YORKSHIRE ICB - 03F,51.0
recovery,2022-07-01,03H,NHS HUMBER AND NORTH YORKSHIRE ICB - 03H,54.0
recovery,2022-07-01,03K,NHS HUMBER AND NORTH YORKSHIRE ICB - 03K,53.0
recovery,2022-07-01,03L,NHS SOUTH YORKSHIRE ICB - 03L,48.0
recovery,2022-07-01,03N,NHS SOUTH YORKSHIRE ICB - 03N,51.0
recovery,2022-07-01,03Q,NHS HUMBER AND NORTH YORKSHIRE ICB - 03Q,54.0
recovery,2022-07-01,03R,NHS WEST YORKSHIRE ICB - 03R,52.0
recovery,2022-07-01,03W,"NHS LEICESTER, LEICESTERSHIRE AND RUTLAND ICB - 03W",53.0
recovery,2022-07-01,04C,"NHS LEICESTER, LEICESTERSHIRE AND RUTLAND ICB - 04C",42.0
recovery,2022-07-01,04V,"NHS LEICESTER, LEICESTERSHIRE AND RUTLAND ICB - 04V",49.0
recovery,2022-07-01,04Y,NHS STAFFORDSHIRE AND STOKE-ON-TRENT ICB - 04Y,50.0
recovery,2022-07-01,05D,NHS STAFFORDSHIRE AND STOKE-ON-TRENT ICB - 05D,55.0
recovery,2022-07-01,05G,NHS STAFFORDSHIRE AND STOKE-ON-TRENT ICB - 05G,56.0
recovery,2022-07-01,05Q,NHS STAFFORDSHIRE AND STOKE-ON-TRENT ICB - 05Q,57.0
recovery,2022-07-01,05V,NHS STAFFORDSHIRE AND STOKE-ON-TRENT ICB - 05V,53.0
recovery,2022-07-01,05W,NHS STAFFORDSHIRE AND STOKE-ON-TRENT ICB - 05W,51.0
recovery,2022-07-01,06H,NHS CAMBRIDGESHIRE AND PETERBOROUGH ICB - 06H,49.0
recovery,2022-07-01,06K,NHS HERTFORDSHIRE AND WEST ESSEX ICB - 06K,52.0
recovery,2022-07-01,06L,NHS SUFFOLK AND NORTH EAST ESSEX ICB - 06L,52.0
recovery,2022-07-01,06N,NHS HERTFORDSHIRE AND WEST ESSEX ICB - 06N,50.0
recovery,2022-07-01,06Q,NHS MID AND SOUTH ESSEX ICB - 06Q,47.0
recovery,2022-07-01,06T,NHS SUFFOLK AND NORTH EAST ESSEX ICB - 06T,52.0
recovery,2022-07-01,07G,NHS MID AND SOUTH ESSEX ICB - 07G,52.0
recovery,2022-07-01,07H,NHS HERTFORDSHIRE AND WEST ESSEX ICB - 07H,39.0
recovery,2022-07-01,07K,NHS SUFFOLK AND NORTH EAST ESSEX ICB - 07K,51.0
recovery,2022-07-01,09D,NHS SUSSEX ICB - 09D,46.0
recovery,2022-07-01,10Q,"NHS BUCKINGHAMSHIRE, OXFORDSHIRE AND BERKSHIRE WEST ICB - 10Q",50.0
recovery,2022-07-01,10R,NHS HAMPSHIRE AND ISLE OF WIGHT ICB - 10R,54.0
recovery,2022-07-01,11J,NHS DORSET ICB - 11J,49.0
recovery,2022-07-01,11M,NHS GLOUCESTERSHIRE ICB - 11M,51.0
recovery,2022-07-01,11N,NHS CORNWALL AND THE ISLES OF SCILLY ICB - 11N,40.0
recovery,2022-07-01,11X,NHS SOMERSET ICB - 11X,55.0
recovery,2022-07-01,12F,NHS CHESHIRE AND MERSEYSIDE ICB - 12F,35.0
recovery,2022-07-01,13Q,NATIONAL COMMISSIONING HUB 1,89.0
recovery,2022-07-01,13T,NHS NORTH EAST AND NORTH CUMBRIA ICB - 13T,52.0
recovery,2022-07-01,14L,NHS GREATER MANCHESTER ICB - 14L,47.0
recovery,2022-07-01,14R,EAST OF ENGLAND - H&J COMMISSIONING HUB,39.0
recovery,2022-07-01,14Y,"NHS BUCKINGHAMSHIRE, OXFORDSHIRE AND BERKSHIRE WEST ICB - 14Y",51.0
recovery,2022-07-01,15A,"NHS BUCKINGHAMSHIRE, OXFORDSHIRE AND BERKSHIRE WEST ICB - 15A",48.0
recovery,2022-07-01,15C,"NHS BRISTOL, NORTH SOMERSET AND SOUTH GLOUCESTERSHIRE ICB - 15C",52.0
recovery,2022-07-01,15E,NHS BIRMINGHAM AND SOLIHULL ICB - 15E,42.0
recovery,2022-07-01,15F,NHS WEST YORKSHIRE ICB - 15F,39.0
recovery,2022-07-01,15M,NHS DERBY AND DERBYSHIRE ICB - 15M,53.0
recovery,2022-07-01,15N,NHS DEVON ICB - 15N,51.0
recovery,2022-07-01,16C,NHS NORTH EAST AND NORTH CUMBRIA ICB - 16C,52.0
recovery,2022-07-01,18C,NHS HEREFORDSHIRE AND WORCESTERSHIRE ICB - 18C,50.0
recovery,2022-07-01,26A,NHS NORFOLK AND WAVENEY ICB - 26A,51.0
recovery,2022-07-01,27D,NHS CHESHIRE AND MERSEYSIDE ICB - 27D,50.0
recovery,2022-07-01,36J,NHS WEST YORKSHIRE ICB - 36J,51.0
recovery,2022-07-01,36L,NHS SOUTH WEST LONDON ICB - 36L,53.0
recovery,2022-07-01,42D,NHS HUMBER AND NORTH YORKSHIRE ICB - 42D,60.0
recovery,2022-07-01,52R,NHS NOTTINGHAM AND NOTTINGHAMSHIRE ICB - 52R,52.0
recovery,2022-07-01,70F,NHS SUSSEX ICB - 70F,58.0
recovery,2022-07-01,71E,NHS LINCOLNSHIRE ICB - 71E,50.0
recovery,2022-07-01,72Q,NHS SOUTH EAST LONDON ICB - 72Q,52.0
recovery,2022-07-01,78H,NHS NORTHAMPTONSHIRE ICB - 78H,51.0
recovery,2022-07-01,84H,NHS NORTH EAST AND NORTH CUMBRIA ICB - 84H,53.0
recovery,2022-07-01,91Q,NHS KENT AND MEDWAY ICB - 91Q,45.0
recovery,2022-07-01,92A,NHS SURREY HEARTLANDS ICB - 92A,48.0
recovery,2022-07-01,92G,"NHS BATH AND NORTH EAST SOMERSET, SWINDON AND WILTSHIRE ICB - 92G",34.0
recovery,2022-07-01,93C,NHS NORTH CENTRAL LONDON ICB - 93C,48.0
recovery,2022-07-01,97R,NHS SUSSEX ICB - 97R,50.0
recovery,2022-07-01,99A,NHS CHESHIRE AND MERSEYSIDE ICB - 99A,42.0
recovery,2022-07-01,99C,NHS NORTH EAST AND NORTH CUMBRIA ICB - 99C,57.0
recovery,2022-07-01,99E,NHS MID AND SOUTH ESSEX ICB - 99E,56.0
recovery,2022-07-01,99F,NHS MID AND SOUTH ESSEX ICB - 99F,52.0
recovery,2022-07-01,99G,NHS MID AND SOUTH ESSEX ICB - 99G,51.0
recovery,2022-07-01,A3A8R,NHS NORTH EAST LONDON ICB - A3A8R,52.0
recovery,2022-07-01,B2M3M,NHS COVENTRY AND WARWICKSHIRE ICB - B2M3M,49.0
recovery,2022-07-01,D2P2L,NHS BLACK COUNTRY ICB - D2P2L,44.0
recovery,2022-07-01,D4U1Y,NHS FRIMLEY ICB - D4U1Y,47.0
recovery,2022-07-01,D9Y0V,NHS HAMPSHIRE AND ISLE OF WIGHT ICB - D9Y0V,49.0
recovery,2022-07-01,InvalidCode,Unknown,50.0
recovery,2022-07-01,M1J4Y,"NHS BEDFORDSHIRE, LUTON AND MILTON KEYNES ICB - M1J4Y",49.0
recovery,2022-07-01,M2L0M,"NHS SHROPSHIRE, TELFORD AND WREKIN ICB - M2L0M",54.0
recovery,2022-07-01,W2U3Z,NHS NORTH WEST LONDON ICB - W2U3Z,49.0
recovery,2022-07-01,X2C4Y,NHS WEST YORKSHIRE ICB - X2C4Y,58.0
recovery,2022-08-01,00L,NHS NORTH EAST AND NORTH CUMBRIA ICB - 00L,56.0
recovery,2022-08-01,00N,NHS NORTH EAST AND NORTH CUMBRIA ICB - 00N,51.0
recovery,2022-08-01,00P,NHS NORTH EAST AND NORTH CUMBRIA ICB - 00P,57.0
recovery,2022-08-01,00Q,NHS LANCASHIRE AND SOUTH CUMBRIA ICB - 00Q,57.0
recovery,2022-08-01,00R,NHS LANCASHIRE AND SOUTH CUMBRIA ICB - 00R,48.0
recovery,2022-08-01,00T,NHS GREATER MANCHESTER ICB - 00T,50.0
recovery,2022-08-01,00V,NHS GREATER MANCHESTER ICB - 00V,51.0
recovery,2022-08-01,00X,NHS LANCASHIRE AND SOUTH CUMBRIA ICB - 00X,57.0
recovery,2022-08-01,00Y,NHS GREATER MANCHESTER ICB - 00Y,49.0
recovery,2022-08-01,01A,NHS LANCASHIRE AND SOUTH CUMBRIA ICB - 01A,55.0
recovery,2022-08-01,01D,NHS GREATER MANCHESTER ICB - 01D,50.0
recovery,2022-08-01,01E,NHS LANCASHIRE AND SOUTH CUMBRIA ICB - 01E,43.0
recovery,2022-08-01,01F,NHS CHESHIRE AND MERSEYSIDE ICB - 01F,53.0
recovery,2022-08-01,01G,NHS GREATER MANCHESTER ICB - 01G,34.0
recovery,2022-08-01,01H,NHS NORTH EAST AND NORTH CUMBRIA ICB - 01H,51.0
recovery,2022-08-01,01J,NHS CHESHIRE AND MERSEYSIDE ICB - 01J,51.0
recovery,2022-08-01,01K,NHS LANCASHIRE AND SOUTH CUMBRIA ICB - 01K,56.0
recovery,2022-08-01,01T,NHS CHESHIRE AND MERSEYSIDE ICB - 01T,40.0
recovery,2022-08-01,01V,NHS CHESHIRE AND MERSEYSIDE ICB - 01V,46.0
recovery,2022-08-01,01W,NHS GREATER MANCHESTER ICB - 01W,49.0
recovery,2022-08-01,01X,NHS CHESHIRE AND MERSEYSIDE ICB - 01X,53.0
recovery,2022-08-01,01Y,NHS GREATER MANCHESTER ICB - 01Y,50.0
recovery,2022-08-01,02A,NHS GREATER MANCHESTER ICB - 02A,47.0
recovery,2022-08-01,02E,NHS CHESHIRE AND MERSEYSIDE ICB - 02E,49.0
recovery,2022-08-01,02G,NHS LANCASHIRE AND SOUTH CUMBRIA ICB - 02G,52.0
recovery,2022-08-01,02H,NHS GREATER MANCHESTER ICB - 02H,45.0
recovery,2022-08-01,02M,NHS LANCASHIRE AND SOUTH CUMBRIA ICB - 02M,58.0
recovery,2022-08-01,02P,NHS SOUTH YORKSHIRE ICB - 02P,50.0
recovery,2022-08-01,02Q,NHS NOTTINGHAM AND NOTTINGHAMSHIRE ICB - 02Q,45.0
recovery,2022-08-01,02T,NHS WEST YORKSHIRE ICB - 02T,58.0
recovery,2022-08-01,02X,NHS SOUTH YORKSHIRE ICB - 02X,49.0
recovery,2022-08-01,02Y,NHS HUMBER AND NORTH YORKSHIRE ICB - 02Y,49.0
recovery,2022-08-01,03F,NHS HUMBER AND NORTH YORKSHIRE ICB - 03F,57.0
recovery,2022-08-01,03H,NHS HUMBER AND NORTH YORKSHIRE ICB - 03H,47.0
recovery,2022-08-01,03K,NHS HUMBER AND NORTH YORKSHIRE ICB - 03K,49.0
recovery,2022-08-01,03L,NHS SOUTH YORKSHIRE ICB - 03L,47.0
recovery,2022-08-01,03N,NHS SOUTH YORKSHIRE ICB - 03N,51.0
recovery,2022-08-01,03Q,NHS HUMBER AND NORTH YORKSHIRE ICB - 03Q,54.0
recovery,2022-08-01,03R,NHS WEST YORKSHIRE ICB - 03R,51.0
recovery,2022-08-01,03W,"NHS LEICESTER, LEICESTERSHIRE AND RUTLAND ICB - 03W",52.0
recovery,2022-08-01,04C,"NHS LEICESTER, LEICESTERSHIRE AND RUTLAND ICB - 04C",40.0
recovery,2022-08-01,04V,"NHS LEICESTER, LEICESTERSHIRE AND RUTLAND ICB - 04V",49.0
recovery,2022-08-01,04Y,NHS STAFFORDSHIRE AND STOKE-ON-TRENT ICB - 04Y,47.0
recovery,2022-08-01,05D,NHS STAFFORDSHIRE AND STOKE-ON-TRENT ICB - 05D,60.0
recovery,2022-08-01,05G,NHS STAFFORDSHIRE AND STOKE-ON-TRENT ICB - 05G,60.0
recovery,2022-08-01,05Q,NHS STAFFORDSHIRE AND STOKE-ON-TRENT ICB - 05Q,60.0
recovery,2022-08-01,05V,NHS STAFFORDSHIRE AND STOKE-ON-TRENT ICB - 05V,52.0
recovery,2022-08-01,05W,NHS STAFFORDSHIRE AND STOKE-ON-TRENT ICB - 05W,48.0
recovery,2022-08-01,06H,NHS CAMBRIDGESHIRE AND PETERBOROUGH ICB - 06H,49.0
recovery,2022-08-01,06K,NHS HERTFORDSHIRE AND WEST ESSEX ICB - 06K,43.0
recovery,2022-08-01,06L,NHS SUFFOLK AND NORTH EAST ESSEX ICB - 06L,53.0
recovery,2022-08-01,06N,NHS HERTFORDSHIRE AND WEST ESSEX ICB - 06N,57.0
recovery,2022-08-01,06Q,NHS MID AND SOUTH ESSEX ICB - 06Q,51.0
recovery,2022-08-01,06T,NHS SUFFOLK AND NORTH EAST ESSEX ICB - 06T,54.0
recovery,2022-08-01,07G,NHS MID AND SOUTH ESSEX ICB - 07G,49.0
recovery,2022-08-01,07H,NHS HERTFORDSHIRE AND WEST ESSEX ICB - 07H,47.0
recovery,2022-08-01,07K,NHS SUFFOLK AND NORTH EAST ESSEX ICB - 07K,53.0
recovery,2022-08-01,09D,NHS SUSSEX ICB - 09D,48.0
recovery,2022-08-01,10Q,"NHS BUCKINGHAMSHIRE, OXFORDSHIRE AND BERKSHIRE WEST ICB - 10Q",49.0
recovery,2022-08-01,10R,NHS HAMPSHIRE AND ISLE OF WIGHT ICB - 10R,50.0
recovery,2022-08-01,11J,NHS DORSET ICB - 11J,51.0
recovery,2022-08-01,11M,NHS GLOUCESTERSHIRE ICB - 11M,50.0
recovery,2022-08-01,11N,NHS CORNWALL AND THE ISLES OF SCILLY ICB - 11N,38.0
recovery,2022-08-01,11X,NHS SOMERSET ICB - 11X,56.0
recovery,2022-08-01,12F,NHS CHESHIRE AND MERSEYSIDE ICB - 12F,43.0
recovery,2022-08-01,13Q,NATIONAL COMMISSIONING HUB 1,57.0
recovery,2022-08-01,13T,NHS NORTH EAST AND NORTH CUMBRIA ICB - 13T,52.0
recovery,2022-08-01,14L,NHS GREATER MANCHESTER ICB - 14L,47.0
recovery,2022-08-01,14R,EAST OF ENGLAND - H&J COMMISSIONING HUB,50.0
recovery,2022-08-01,14Y,"NHS BUCKINGHAMSHIRE, OXFORDSHIRE AND BERKSHIRE WEST ICB - 14Y",49.0
recovery,2022-08-01,15A,"NHS BUCKINGHAMSHIRE, OXFORDSHIRE AND BERKSHIRE WEST ICB - 15A",50.0
recovery,2022-08-01,15C,"NHS BRISTOL, NORTH SOMERSET AND SOUTH GLOUCESTERSHIRE ICB - 15C",51.0
recovery,2022-08-01,15E,NHS BIRMINGHAM AND SOLIHULL ICB - 15E,46.0
recovery,2022-08-01,15F,NHS WEST YORKSHIRE ICB - 15F,43.0
recovery,2022-08-01,15M,NHS DERBY AND DERBYSHIRE ICB - 15M,47.0
recovery,2022-08-01,15N,NHS DEVON ICB - 15N,53.0
recovery,2022-08-01,16C,NHS NORTH EAST AND NORTH CUMBRIA ICB - 16C,46.0
recovery,2022-08-01,18C,NHS HEREFORDSHIRE AND WORCESTERSHIRE ICB - 18C,51.0
recovery,2022-08-01,26A,NHS NORFOLK AND WAVENEY ICB - 26A,51.0
recovery,2022-08-01,27D,NHS CHESHIRE AND MERSEYSIDE ICB - 27D,49.0
recovery,2022-08-01,36J,NHS WEST YORKSHIRE ICB - 36J,51.0
recovery,2022-08-01,36L,NHS SOUTH WEST LONDON ICB - 36L,52.0
recovery,2022-08-01,42D,NHS HUMBER AND NORTH YORKSHIRE ICB - 42D,56.0
recovery,2022-08-01,52R,NHS NOTTINGHAM AND NOTTINGHAMSHIRE ICB - 52R,50.0
recovery,2022-08-01,70F,NHS SUSSEX ICB - 70F,57.0
recovery,2022-08-01,71E,NHS LINCOLNSHIRE ICB - 71E,51.0
recovery,2022-08-01,72Q,NHS SOUTH EAST LONDON ICB - 72Q,51.0
recovery,2022-08-01,78H,NHS NORTHAMPTONSHIRE ICB - 78H,49.0
recovery,2022-08-01,84H,NHS NORTH EAST AND NORTH CUMBRIA ICB - 84H,52.0
recovery,2022-08-01,91Q,NHS KENT AND MEDWAY ICB - 91Q,47.0
recovery,2022-08-01,92A,NHS SURREY HEARTLANDS ICB - 92A,50.0
recovery,2022-08-01,92G,"NHS BATH AND NORTH EAST SOMERSET, SWINDON AND WILTSHIRE ICB - 92G",32.0
recovery,2022-08-01,93C,NHS NORTH CENTRAL LONDON ICB - 93C,48.0
recovery,2022-08-01,97R,NHS SUSSEX ICB - 97R,49.0
recovery,2022-08-01,99A,NHS CHESHIRE AND MERSEYSIDE ICB - 99A,32.0
recovery,2022-08-01,99C,NHS NORTH EAST AND NORTH CUMBRIA ICB - 99C,52.0
recovery,2022-08-01,99E,NHS MID AND SOUTH ESSEX ICB - 99E,54.0
recovery,2022-08-01,99F,NHS MID AND SOUTH ESSEX ICB - 99F,54.0
recovery,2022-08-01,99G,NHS MID AND SOUTH ESSEX ICB - 99G,57.0
recovery,2022-08-01,A3A8R,NHS NORTH EAST LONDON ICB - A3A8R,52.0
recovery,2022-08-01,B2M3M,NHS COVENTRY AND WARWICKSHIRE ICB - B2M3M,47.0
recovery,2022-08-01,D2P2L,NHS BLACK COUNTRY ICB - D2P2L,43.0
recovery,2022-08-01,D4U1Y,NHS FRIMLEY ICB - D4U1Y,48.0
recovery,2022-08-01,D9Y0V,NHS HAMPSHIRE AND ISLE OF WIGHT ICB - D9Y0V,49.0
recovery,2022-08-01,InvalidCode,Unknown,38.0
recovery,2022-08-01,M1J4Y,"NHS BEDFORDSHIRE, LUTON AND MILTON KEYNES ICB - M1J4Y",50.0
recovery,2022-08-01,M2L0M,"NHS SHROPSHIRE, TELFORD AND WREKIN ICB - M2L0M",53.0
recovery,2022-08-01,W2U3Z,NHS NORTH WEST LONDON ICB - W2U3Z,49.0
recovery,2022-08-01,X2C4Y,NHS WEST YORKSHIRE ICB - X2C4Y,50.0
recovery,2022-09-01,00L,NHS NORTH EAST AND NORTH CUMBRIA ICB - 00L,51.0
recovery,2022-09-01,00N,NHS NORTH EAST AND NORTH CUMBRIA ICB - 00N,55.0
recovery,2022-09-01,00P,NHS NORTH EAST AND NORTH CUMBRIA ICB - 00P,53.0
recovery,2022-09-01,00Q,NHS LANCASHIRE AND SOUTH CUMBRIA ICB - 00Q,64.0
recovery,2022-09-01,00R,NHS LANCASHIRE AND SOUTH CUMBRIA ICB - 00R,49.0
recovery,2022-09-01,00T,NHS GREATER MANCHESTER ICB - 00T,48.0
recovery,2022-09-01,00V,NHS GREATER MANCHESTER ICB - 00V,49.0
recovery,2022-09-01,00X,NHS LANCASHIRE AND SOUTH CUMBRIA ICB - 00X,47.0
recovery,2022-09-01,00Y,NHS GREATER MANCHESTER ICB - 00Y,51.0
recovery,2022-09-01,01A,NHS LANCASHIRE AND SOUTH CUMBRIA ICB - 01A,58.0
recovery,2022-09-01,01D,NHS GREATER MANCHESTER ICB - 01D,50.0
recovery,2022-09-01,01E,NHS LANCASHIRE AND SOUTH CUMBRIA ICB - 01E,55.0
recovery,2022-09-01,01F,NHS CHESHIRE AND MERSEYSIDE ICB - 01F,50.0
recovery,2022-09-01,01G,NHS GREATER MANCHESTER ICB - 01G,36.0
recovery,2022-09-01,01H,NHS NORTH EAST AND NORTH CUMBRIA ICB - 01H,61.0
recovery,2022-09-01,01J,NHS CHESHIRE AND MERSEYSIDE ICB - 01J,50.0
recovery,2022-09-01,01K,NHS LANCASHIRE AND SOUTH CUMBRIA ICB - 01K,51.0
recovery,2022-09-01,01T,NHS CHESHIRE AND MERSEYSIDE ICB - 01T,42.0
recovery,2022-09-01,01V,NHS CHESHIRE AND MERSEYSIDE ICB - 01V,51.0
recovery,2022-09-01,01W,NHS GREATER MANCHESTER ICB - 01W,46.0
recovery,2022-09-01,01X,NHS CHESHIRE AND MERSEYSIDE ICB - 01X,52.0
recovery,2022-09-01,01Y,NHS GREATER MANCHESTER ICB - 01Y,49.0
recovery,2022-09-01,02A,NHS GREATER MANCHESTER ICB - 02A,55.0
recovery,2022-09-01,02E,NHS CHESHIRE AND MERSEYSIDE ICB - 02E,50.0
recovery,2022-09-01,02G,NHS LANCASHIRE AND SOUTH CUMBRIA ICB - 02G,60.0
recovery,2022-09-01,02H,NHS GREATER MANCHESTER ICB - 02H,46.0
recovery,2022-09-01,02M,NHS LANCASHIRE AND SOUTH CUMBRIA ICB - 02M,61.0
recovery,2022-09-01,02P,NHS SOUTH YORKSHIRE ICB - 02P,50.0
recovery,2022-09-01,02Q,NHS NOTTINGHAM AND NOTTINGHAMSHIRE ICB - 02Q,57.0
recovery,2022-09-01,02T,NHS WEST YORKSHIRE ICB - 02T,58.0
recovery,2022-09-01,02X,NHS SOUTH YORKSHIRE ICB - 02X,53.0
recovery,2022-09-01,02Y,NHS HUMBER AND NORTH YORKSHIRE ICB - 02Y,49.0
recovery,2022-09-01,03F,NHS HUMBER AND NORTH YORKSHIRE ICB - 03F,55.0
recovery,2022-09-01,03H,NHS HUMBER AND NORTH YORKSHIRE ICB - 03H,45.0
recovery,2022-09-01,03K,NHS HUMBER AND NORTH YORKSHIRE ICB - 03K,55.0
recovery,2022-09-01,03L,NHS SOUTH YORKSHIRE ICB - 03L,52.0
recovery,2022-09-01,03N,NHS SOUTH YORKSHIRE ICB - 03N,52.0
recovery,2022-09-01,03Q,NHS HUMBER AND NORTH YORKSHIRE ICB - 03Q,52.0
recovery,2022-09-01,03R,NHS WEST YORKSHIRE ICB - 03R,55.0
recovery,2022-09-01,03W,"NHS LEICESTER, LEICESTERSHIRE AND RUTLAND ICB - 03W",50.0
recovery,2022-09-01,04C,"NHS LEICESTER, LEICESTERSHIRE AND RUTLAND ICB - 04C",46.0
recovery,2022-09-01,04V,"NHS LEICESTER, LEICESTERSHIRE AND RUTLAND ICB - 04V",51.0
recovery,2022-09-01,04Y,NHS STAFFORDSHIRE AND STOKE-ON-TRENT ICB - 04Y,44.0
recovery,2022-09-01,05D,NHS STAFFORDSHIRE AND STOKE-ON-TRENT ICB - 05D,47.0
recovery,2022-09-01,05G,NHS STAFFORDSHIRE AND STOKE-ON-TRENT ICB - 05G,50.0
recovery,2022-09-01,05Q,NHS STAFFORDSHIRE AND STOKE-ON-TRENT ICB - 05Q,59.0
recovery,2022-09-01,05V,NHS STAFFORDSHIRE AND STOKE-ON-TRENT ICB - 05V,50.0
recovery,2022-09-01,05W,NHS STAFFORDSHIRE AND STOKE-ON-TRENT ICB - 05W,48.0
recovery,2022-09-01,06H,NHS CAMBRIDGESHIRE AND PETERBOROUGH ICB - 06H,50.0
recovery,2022-09-01,06K,NHS HERTFORDSHIRE AND WEST ESSEX ICB - 06K,48.0
recovery,2022-09-01,06L,NHS SUFFOLK AND NORTH EAST ESSEX ICB - 06L,51.0
recovery,2022-09-01,06N,NHS HERTFORDSHIRE AND WEST ESSEX ICB - 06N,53.0
recovery,2022-09-01,06Q,NHS MID AND SOUTH ESSEX ICB - 06Q,51.0
recovery,2022-09-01,06T,NHS SUFFOLK AND NORTH EAST ESSEX ICB - 06T,57.0
recovery,2022-09-01,07G,NHS MID AND SOUTH ESSEX ICB - 07G,44.0
recovery,2022-09-01,07H,NHS HERTFORDSHIRE AND WEST ESSEX ICB - 07H,48.0
recovery,2022-09-01,07K,NHS SUFFOLK AND NORTH EAST ESSEX ICB - 07K,53.0
recovery,2022-09-01,09D,NHS SUSSEX ICB - 09D,47.0
recovery,2022-09-01,10Q,"NHS BUCKINGHAMSHIRE, OXFORDSHIRE AND BERKSHIRE WEST ICB - 10Q",43.0
recovery,2022-09-01,10R,NHS HAMPSHIRE AND ISLE OF WIGHT ICB - 10R,51.0
recovery,2022-09-01,11J,NHS DORSET ICB - 11J,51.0
recovery,2022-09-01,11M,NHS GLOUCESTERSHIRE ICB - 11M,48.0
recovery,2022-09-01,11N,NHS CORNWALL AND THE ISLES OF SCILLY ICB - 11N,38.0
recovery,2022-09-01,11X,NHS SOMERSET ICB - 11X,60.0
recovery,2022-09-01,12F,NHS CHESHIRE AND MERSEYSIDE ICB - 12F,42.0
recovery,2022-09-01,13Q,NATIONAL COMMISSIONING HUB 1,100.0
recovery,2022-09-01,13T,NHS NORTH EAST AND NORTH CUMBRIA ICB - 13T,51.0
recovery,2022-09-01,14L,NHS GREATER MANCHESTER ICB - 14L,46.0
recovery,2022-09-01,14R,EAST OF ENGLAND - H&J COMMISSIONING HUB,42.0
recovery,2022-09-01,14Y,"NHS BUCKINGHAMSHIRE, OXFORDSHIRE AND BERKSHIRE WEST ICB - 14Y",54.0
recovery,2022-09-01,15A,"NHS BUCKINGHAMSHIRE, OXFORDSHIRE AND BERKSHIRE WEST ICB - 15A",46.0
recovery,2022-09-01,15C,"NHS BRISTOL, NORTH SOMERSET AND SOUTH GLOUCESTERSHIRE ICB - 15C",46.0
recovery,2022-09-01,15E,NHS BIRMINGHAM AND SOLIHULL ICB - 15E,43.0
recovery,2022-09-01,15F,NHS WEST YORKSHIRE ICB - 15F,37.0
recovery,2022-09-01,15M,NHS DERBY AND DERBYSHIRE ICB - 15M,51.0
recovery,2022-09-01,15N,NHS DEVON ICB - 15N,53.0
recovery,2022-09-01,16C,NHS NORTH EAST AND NORTH CUMBRIA ICB - 16C,49.0
recovery,2022-09-01,18C,NHS HEREFORDSHIRE AND WORCESTERSHIRE ICB - 18C,49.0
recovery,2022-09-01,26A,NHS NORFOLK AND WAVENEY ICB - 26A,51.0
recovery,2022-09-01,27D,NHS CHESHIRE AND MERSEYSIDE ICB - 27D,52.0
recovery,2022-09-01,36J,NHS WEST YORKSHIRE ICB - 36J,49.0
recovery,2022-09-01,36L,NHS SOUTH WEST LONDON ICB - 36L,52.0
recovery,2022-09-01,42D,NHS HUMBER AND NORTH YORKSHIRE ICB - 42D,57.0
recovery,2022-09-01,52R,NHS NOTTINGHAM AND NOTTINGHAMSHIRE ICB - 52R,49.0
recovery,2022-09-01,70F,NHS SUSSEX ICB - 70F,56.0
recovery,2022-09-01,71E,NHS LINCOLNSHIRE ICB - 71E,50.0
recovery,2022-09-01,72Q,NHS SOUTH EAST LONDON ICB - 72Q,51.0
recovery,2022-09-01,78H,NHS NORTHAMPTONSHIRE ICB - 78H,47.0
recovery,2022-09-01,84H,NHS NORTH EAST AND NORTH CUMBRIA ICB - 84H,53.0
recovery,2022-09-01,91Q,NHS KENT AND MEDWAY ICB - 91Q,51.0
recovery,2022-09-01,92A,NHS SURREY HEARTLANDS ICB - 92A,51.0
recovery,2022-09-01,92G,"NHS BATH AND NORTH EAST SOMERSET, SWINDON AND WILTSHIRE ICB - 92G",32.0
recovery,2022-09-01,93C,NHS NORTH CENTRAL LONDON ICB - 93C,49.0
recovery,2022-09-01,97R,NHS SUSSEX ICB - 97R,47.0
recovery,2022-09-01,99A,NHS CHESHIRE AND MERSEYSIDE ICB - 99A,48.0
recovery,2022-09-01,99C,NHS NORTH EAST AND NORTH CUMBRIA ICB - 99C,58.0
recovery,2022-09-01,99E,NHS MID AND SOUTH ESSEX ICB - 99E,52.0
recovery,2022-09-01,99F,NHS MID AND SOUTH ESSEX ICB - 99F,54.0
recovery,2022-09-01,99G,NHS MID AND SOUTH ESSEX ICB - 99G,55.0
recovery,2022-09-01,A3A8R,NHS NORTH EAST LONDON ICB - A3A8R,52.0
recovery,2022-09-01,B2M3M,NHS COVENTRY AND WARWICKSHIRE ICB - B2M3M,51.0
recovery,2022-09-01,D2P2L,NHS BLACK COUNTRY ICB - D2P2L,44.0
recovery,2022-09-01,D4U1Y,NHS FRIMLEY ICB - D4U1Y,52.0
recovery,2022-09-01,D9Y0V,NHS HAMPSHIRE AND ISLE OF WIGHT ICB - D9Y0V,51.0
recovery,2022-09-01,InvalidCode,Unknown,44.0
recovery,2022-09-01,M1J4Y,"NHS BEDFORDSHIRE, LUTON AND MILTON KEYNES ICB - M1J4Y",48.0
recovery,2022-09-01,M2L0M,"NHS SHROPSHIRE, TELFORD AND WREKIN ICB - M2L0M",47.0
recovery,2022-09-01,W2U3Z,NHS NORTH WEST LONDON ICB - W2U3Z,49.0
recovery,2022-09-01,X2C4Y,NHS WEST YORKSHIRE ICB - X2C4Y,52.0
recovery,2022-10-01,00L,NHS NORTH EAST AND NORTH CUMBRIA ICB - 00L,54.0
recovery,2022-10-01,00N,NHS NORTH EAST AND NORTH CUMBRIA ICB - 00N,50.0
recovery,2022-10-01,00P,NHS NORTH EAST AND NORTH CUMBRIA ICB - 00P,59.0
recovery,2022-10-01,00Q,NHS LANCASHIRE AND SOUTH CUMBRIA ICB - 00Q,56.0
recovery,2022-10-01,00R,NHS LANCASHIRE AND SOUTH CUMBRIA ICB - 00R,50.0
recovery,2022-10-01,00T,NHS GREATER MANCHESTER ICB - 00T,49.0
recovery,2022-10-01,00V,NHS GREATER MANCHESTER ICB - 00V,51.0
recovery,2022-10-01,00X,NHS LANCASHIRE AND SOUTH CUMBRIA ICB - 00X,45.0
recovery,2022-10-01,00Y,NHS GREATER MANCHESTER ICB - 00Y,49.0
recovery,2022-10-01,01A,NHS LANCASHIRE AND SOUTH CUMBRIA ICB - 01A,59.0
recovery,2022-10-01,01D,NHS GREATER MANCHESTER ICB - 01D,46.0
recovery,2022-10-01,01E,NHS LANCASHIRE AND SOUTH CUMBRIA ICB - 01E,50.0
recovery,2022-10-01,01F,NHS CHESHIRE AND MERSEYSIDE ICB - 01F,49.0
recovery,2022-10-01,01G,NHS GREATER MANCHESTER ICB - 01G,32.0
recovery,2022-10-01,01H,NHS NORTH EAST AND NORTH CUMBRIA ICB - 01H,53.0
recovery,2022-10-01,01J,NHS CHESHIRE AND MERSEYSIDE ICB - 01J,49.0
recovery,2022-10-01,01K,NHS LANCASHIRE AND SOUTH CUMBRIA ICB - 01K,52.0
recovery,2022-10-01,01T,NHS CHESHIRE AND MERSEYSIDE ICB - 01T,46.0
recovery,2022-10-01,01V,NHS CHESHIRE AND MERSEYSIDE ICB - 01V,53.0
recovery,2022-10-01,01W,NHS GREATER MANCHESTER ICB - 01W,47.0
recovery,2022-10-01,01X,NHS CHESHIRE AND MERSEYSIDE ICB - 01X,51.0
recovery,2022-10-01,01Y,NHS GREATER MANCHESTER ICB - 01Y,50.0
recovery,2022-10-01,02A,NHS GREATER MANCHESTER ICB - 02A,44.0
recovery,2022-10-01,02E,NHS CHESHIRE AND MERSEYSIDE ICB - 02E,52.0
recovery,2022-10-01,02G,NHS LANCASHIRE AND SOUTH CUMBRIA ICB - 02G,55.0
recovery,2022-10-01,02H,NHS GREATER MANCHESTER ICB - 02H,16.0
recovery,2022-10-01,02M,NHS LANCASHIRE AND SOUTH CUMBRIA ICB - 02M,48.0
recovery,2022-10-01,02P,NHS SOUTH YORKSHIRE ICB - 02P,51.0
recovery,2022-10-01,02Q,NHS NOTTINGHAM AND NOTTINGHAMSHIRE ICB - 02Q,56.0
recovery,2022-10-01,02T,NHS WEST YORKSHIRE ICB - 02T,56.0
recovery,2022-10-01,02X,NHS SOUTH YORKSHIRE ICB - 02X,54.0
recovery,2022-10-01,02Y,NHS HUMBER AND NORTH YORKSHIRE ICB - 02Y,48.0
recovery,2022-10-01,03F,NHS HUMBER AND NORTH YORKSHIRE ICB - 03F,55.0
recovery,2022-10-01,03H,NHS HUMBER AND NORTH YORKSHIRE ICB - 03H,37.0
recovery,2022-10-01,03K,NHS HUMBER AND NORTH YORKSHIRE ICB - 03K,48.0
recovery,2022-10-01,03L,NHS SOUTH YORKSHIRE ICB - 03L,48.0
recovery,2022-10-01,03N,NHS SOUTH YORKSHIRE ICB - 03N,50.0
recovery,2022-10-01,03Q,NHS HUMBER AND NORTH YORKSHIRE ICB - 03Q,57.0
recovery,2022-10-01,03R,NHS WEST YORKSHIRE ICB - 03R,51.0
recovery,2022-10-01,03W,"NHS LEICESTER, LEICESTERSHIRE AND RUTLAND ICB - 03W",51.0
recovery,2022-10-01,04C,"NHS LEICESTER, LEICESTERSHIRE AND RUTLAND ICB - 04C",37.0
recovery,2022-10-01,04V,"NHS LEICESTER, LEICESTERSHIRE AND RUTLAND ICB - 04V",47.0
recovery,2022-10-01,04Y,NHS STAFFORDSHIRE AND STOKE-ON-TRENT ICB - 04Y,54.0
recovery,2022-10-01,05D,NHS STAFFORDSHIRE AND STOKE-ON-TRENT ICB - 05D,57.0
recovery,2022-10-01,05G,NHS STAFFORDSHIRE AND STOKE-ON-TRENT ICB - 05G,56.0
recovery,2022-10-01,05Q,NHS STAFFORDSHIRE AND STOKE-ON-TRENT ICB - 05Q,51.0
recovery,2022-10-01,05V,NHS STAFFORDSHIRE AND STOKE-ON-TRENT ICB - 05V,52.0
recovery,2022-10-01,05W,NHS STAFFORDSHIRE AND STOKE-ON-TRENT ICB - 05W,55.0
recovery,2022-10-01,06H,NHS CAMBRIDGESHIRE AND PETERBOROUGH ICB - 06H,46.0
recovery,2022-10-01,06K,NHS HERTFORDSHIRE AND WEST ESSEX ICB - 06K,45.0
recovery,2022-10-01,06L,NHS SUFFOLK AND NORTH EAST ESSEX ICB - 06L,50.0
recovery,2022-10-01,06N,NHS HERTFORDSHIRE AND WEST ESSEX ICB - 06N,45.0
recovery,2022-10-01,06Q,NHS MID AND SOUTH ESSEX ICB - 06Q,51.0
recovery,2022-10-01,06T,NHS SUFFOLK AND NORTH EAST ESSEX ICB - 06T,52.0
recovery,2022-10-01,07G,NHS MID AND SOUTH ESSEX ICB - 07G,56.0
recovery,2022-10-01,07H,NHS HERTFORDSHIRE AND WEST ESSEX ICB - 07H,52.0
recovery,2022-10-01,07K,NHS SUFFOLK AND NORTH EAST ESSEX ICB - 07K,53.0
recovery,2022-10-01,09D,NHS SUSSEX ICB - 09D,41.0
recovery,2022-10-01,10Q,"NHS BUCKINGHAMSHIRE, OXFORDSHIRE AND BERKSHIRE WEST ICB - 10Q",51.0
recovery,2022-10-01,10R,NHS HAMPSHIRE AND ISLE OF WIGHT ICB - 10R,50.0
recovery,2022-10-01,11J,NHS DORSET ICB - 11J,50.0
recovery,2022-10-01,11M,NHS GLOUCESTERSHIRE ICB - 11M,51.0
recovery,2022-10-01,11N,NHS CORNWALL AND THE ISLES OF SCILLY ICB - 11N,39.0
recovery,2022-10-01,11X,NHS SOMERSET ICB - 11X,50.0
recovery,2022-10-01,12F,NHS CHESHIRE AND MERSEYSIDE ICB - 12F,48.0
recovery,2022-10-01,13T,NHS NORTH EAST AND NORTH CUMBRIA ICB - 13T,52.0
recovery,2022-10-01,14L,NHS GREATER MANCHESTER ICB - 14L,41.0
recovery,2022-10-01,14R,EAST OF ENGLAND - H&J COMMISSIONING HUB,46.0
recovery,2022-10-01,14Y,"NHS BUCKINGHAMSHIRE, OXFORDSHIRE AND BERKSHIRE WEST ICB - 14Y",54.0
recovery,2022-10-01,15A,"NHS BUCKINGHAMSHIRE, OXFORDSHIRE AND BERKSHIRE WEST ICB - 15A",47.0
recovery,2022-10-01,15C,"NHS BRISTOL, NORTH SOMERSET AND SOUTH GLOUCESTERSHIRE ICB - 15C",48.0
recovery,2022-10-01,15E,NHS BIRMINGHAM AND SOLIHULL ICB - 15E,40.0
recovery,2022-10-01,15F,NHS WEST YORKSHIRE ICB - 15F,38.0
recovery,2022-10-01,15M,NHS DERBY AND DERBYSHIRE ICB - 15M,48.0
recovery,2022-10-01,15N,NHS DEVON ICB - 15N,53.0
recovery,2022-10-01,16C,NHS NORTH EAST AND NORTH CUMBRIA ICB - 16C,52.0
recovery,2022-10-01,18C,NHS HEREFORDSHIRE AND WORCESTERSHIRE ICB - 18C,47.0
recovery,2022-10-01,26A,NHS NORFOLK AND WAVENEY ICB - 26A,51.0
recovery,2022-10-01,27D,NHS CHESHIRE AND MERSEYSIDE ICB - 27D,51.0
recovery,2022-10-01,36J,NHS WEST YORKSHIRE ICB - 36J,46.0
recovery,2022-10-01,36L,NHS SOUTH WEST LONDON ICB - 36L,51.0
recovery,2022-10-01,42D,NHS HUMBER AND NORTH YORKSHIRE ICB - 42D,56.0
recovery,2022-10-01,52R,NHS NOTTINGHAM AND NOTTINGHAMSHIRE ICB - 52R,51.0
recovery,2022-10-01,70F,NHS SUSSEX ICB - 70F,57.0
recovery,2022-10-01,71E,NHS LINCOLNSHIRE ICB - 71E,50.0
recovery,2022-10-01,72Q,NHS SOUTH EAST LONDON ICB - 72Q,51.0
recovery,2022-10-01,78H,NHS NORTHAMPTONSHIRE ICB - 78H,50.0
recovery,2022-10-01,84H,NHS NORTH EAST AND NORTH CUMBRIA ICB - 84H,51.0
recovery,2022-10-01,91Q,NHS KENT AND MEDWAY ICB - 91Q,49.0
recovery,2022-10-01,92A,NHS SURREY HEARTLANDS ICB - 92A,50.0
recovery,2022-10-01,92G,"NHS BATH AND NORTH EAST SOMERSET, SWINDON AND WILTSHIRE ICB - 92G",36.0
recovery,2022-10-01,93C,NHS NORTH CENTRAL LONDON ICB - 93C,53.0
recovery,2022-10-01,97R,NHS SUSSEX ICB - 97R,54.0
recovery,2022-10-01,99A,NHS CHESHIRE AND MERSEYSIDE ICB - 99A,46.0
recovery,2022-10-01,99C,NHS NORTH EAST AND NORTH CUMBRIA ICB - 99C,57.0
recovery,2022-10-01,99E,NHS MID AND SOUTH ESSEX ICB - 99E,56.0
recovery,2022-10-01,99F,NHS MID AND SOUTH ESSEX ICB - 99F,51.0
recovery,2022-10-01,99G,NHS MID AND SOUTH ESSEX ICB - 99G,52.0
recovery,2022-10-01,A3A8R,NHS NORTH EAST LONDON ICB - A3A8R,51.0
recovery,2022-10-01,B2M3M,NHS COVENTRY AND WARWICKSHIRE ICB - B2M3M,46.0
recovery,2022-10-01,D2P2L,NHS BLACK COUNTRY ICB - D2P2L,47.0
recovery,2022-10-01,D4U1Y,NHS FRIMLEY ICB - D4U1Y,48.0
recovery,2022-10-01,D9Y0V,NHS HAMPSHIRE AND ISLE OF WIGHT ICB - D9Y0V,46.0
recovery,2022-10-01,InvalidCode,Unknown,45.0
recovery,2022-10-01,M1J4Y,"NHS BEDFORDSHIRE, LUTON AND MILTON KEYNES ICB - M1J4Y",47.0
recovery,2022-10-01,M2L0M,"NHS SHROPSHIRE, TELFORD AND WREKIN ICB - M2L0M",45.0
recovery,2022-10-01,W2U3Z,NHS NORTH WEST LONDON ICB - W2U3Z,50.0
recovery,2022-10-01,X2C4Y,NHS WEST YORKSHIRE ICB - X2C4Y,52.0
recovery,2022-11-01,00L,NHS NORTH EAST AND NORTH CUMBRIA ICB - 00L,52.0
recovery,2022-11-01,00N,NHS NORTH EAST AND NORTH CUMBRIA ICB - 00N,48.0
recovery,2022-11-01,00P,NHS NORTH EAST AND NORTH CUMBRIA ICB - 00P,55.0
recovery,2022-11-01,00Q,NHS LANCASHIRE AND SOUTH CUMBRIA ICB - 00Q,56.0
recovery,2022-11-01,00R,NHS LANCASHIRE AND SOUTH CUMBRIA ICB - 00R,48.0
recovery,2022-11-01,00T,NHS GREATER MANCHESTER ICB - 00T,48.0
recovery,2022-11-01,00V,NHS GREATER MANCHESTER ICB - 00V,47.0
recovery,2022-11-01,00X,NHS LANCASHIRE AND SOUTH CUMBRIA ICB - 00X,53.0
recovery,2022-11-01,00Y,NHS GREATER MANCHESTER ICB - 00Y,49.0
recovery,2022-11-01,01A,NHS LANCASHIRE AND SOUTH CUMBRIA ICB - 01A,55.0
recovery,2022-11-01,01D,NHS GREATER MANCHESTER ICB - 01D,49.0
recovery,2022-11-01,01E,NHS LANCASHIRE AND SOUTH CUMBRIA ICB - 01E,52.0
recovery,2022-11-01,01F,NHS CHESHIRE AND MERSEYSIDE ICB - 01F,50.0
recovery,2022-11-01,01G,NHS GREATER MANCHESTER ICB - 01G,35.0
recovery,2022-11-01,01H,NHS NORTH EAST AND NORTH CUMBRIA ICB - 01H,53.0
recovery,2022-11-01,01J,NHS CHESHIRE AND MERSEYSIDE ICB - 01J,49.0
recovery,2022-11-01,01K,NHS LANCASHIRE AND SOUTH CUMBRIA ICB - 01K,56.0
recovery,2022-11-01,01T,NHS CHESHIRE AND MERSEYSIDE ICB - 01T,49.0
recovery,2022-11-01,01V,NHS CHESHIRE AND MERSEYSIDE ICB - 01V,51.0
recovery,2022-11-01,01W,NHS GREATER MANCHESTER ICB - 01W,46.0
recovery,2022-11-01,01X,NHS CHESHIRE AND MERSEYSIDE ICB - 01X,50.0
recovery,2022-11-01,01Y,NHS GREATER MANCHESTER ICB - 01Y,53.0
recovery,2022-11-01,02A,NHS GREATER MANCHESTER ICB - 02A,47.0
recovery,2022-11-01,02E,NHS CHESHIRE AND MERSEYSIDE ICB - 02E,52.0
recovery,2022-11-01,02G,NHS LANCASHIRE AND SOUTH CUMBRIA ICB - 02G,55.0
recovery,2022-11-01,02H,NHS GREATER MANCHESTER ICB - 02H,37.0
recovery,2022-11-01,02M,NHS LANCASHIRE AND SOUTH CUMBRIA ICB - 02M,54.0
recovery,2022-11-01,02P,NHS SOUTH YORKSHIRE ICB - 02P,27.0
recovery,2022-11-01,02Q,NHS NOTTINGHAM AND NOTTINGHAMSHIRE ICB - 02Q,56.0
recovery,2022-11-01,02T,NHS WEST YORKSHIRE ICB - 02T,56.0
recovery,2022-11-01,02X,NHS SOUTH YORKSHIRE ICB - 02X,51.0
recovery,2022-11-01,02Y,NHS HUMBER AND NORTH YORKSHIRE ICB - 02Y,54.0
recovery,2022-11-01,03F,NHS HUMBER AND NORTH YORKSHIRE ICB - 03F,54.0
recovery,2022-11-01,03H,NHS HUMBER AND NORTH YORKSHIRE ICB - 03H,48.0
recovery,2022-11-01,03K,NHS HUMBER AND NORTH YORKSHIRE ICB - 03K,44.0
recovery,2022-11-01,03L,NHS SOUTH YORKSHIRE ICB - 03L,50.0
recovery,2022-11-01,03N,NHS SOUTH YORKSHIRE ICB - 03N,50.0
recovery,2022-11-01,03Q,NHS HUMBER AND NORTH YORKSHIRE ICB - 03Q,56.0
recovery,2022-11-01,03R,NHS WEST YORKSHIRE ICB - 03R,51.0
recovery,2022-11-01,03W,"NHS LEICESTER, LEICESTERSHIRE AND RUTLAND ICB - 03W",55.0
recovery,2022-11-01,04C,"NHS LEICESTER, LEICESTERSHIRE AND RUTLAND ICB - 04C",45.0
recovery,2022-11-01,04V,"NHS LEICESTER, LEICESTERSHIRE AND RUTLAND ICB - 04V",50.0
recovery,2022-11-01,04Y,NHS STAFFORDSHIRE AND STOKE-ON-TRENT ICB - 04Y,52.0
recovery,2022-11-01,05D,NHS STAFFORDSHIRE AND STOKE-ON-TRENT ICB - 05D,62.0
recovery,2022-11-01,05G,NHS STAFFORDSHIRE AND STOKE-ON-TRENT ICB - 05G,52.0
recovery,2022-11-01,05Q,NHS STAFFORDSHIRE AND STOKE-ON-TRENT ICB - 05Q,55.0
recovery,2022-11-01,05V,NHS STAFFORDSHIRE AND STOKE-ON-TRENT ICB - 05V,55.0
recovery,2022-11-01,05W,NHS STAFFORDSHIRE AND STOKE-ON-TRENT ICB - 05W,56.0
recovery,2022-11-01,06H,NHS CAMBRIDGESHIRE AND PETERBOROUGH ICB - 06H,52.0
recovery,2022-11-01,06K,NHS HERTFORDSHIRE AND WEST ESSEX ICB - 06K,47.0
recovery,2022-11-01,06L,NHS SUFFOLK AND NORTH EAST ESSEX ICB - 06L,52.0
recovery,2022-11-01,06N,NHS HERTFORDSHIRE AND WEST ESSEX ICB - 06N,50.0
recovery,2022-11-01,06Q,NHS MID AND SOUTH ESSEX ICB - 06Q,45.0
recovery,2022-11-01,06T,NHS SUFFOLK AND NORTH EAST ESSEX ICB - 06T,53.0
recovery,2022-11-01,07G,NHS MID AND SOUTH ESSEX ICB - 07G,52.0
recovery,2022-11-01,07H,NHS HERTFORDSHIRE AND WEST ESSEX ICB - 07H,49.0
recovery,2022-11-01,07K,NHS SUFFOLK AND NORTH EAST ESSEX ICB - 07K,54.0
recovery,2022-11-01,09D,NHS SUSSEX ICB - 09D,48.0
recovery,2022-11-01,10Q,"NHS BUCKINGHAMSHIRE, OXFORDSHIRE AND BERKSHIRE WEST ICB - 10Q",52.0
recovery,2022-11-01,10R,NHS HAMPSHIRE AND ISLE OF WIGHT ICB - 10R,52.0
recovery,2022-11-01,11J,NHS DORSET ICB - 11J,51.0
recovery,2022-11-01,11M,NHS GLOUCESTERSHIRE ICB - 11M,51.0
recovery,2022-11-01,11N,NHS CORNWALL AND THE ISLES OF SCILLY ICB - 11N,41.0
recovery,2022-11-01,11X,NHS SOMERSET ICB - 11X,55.0
recovery,2022-11-01,12F,NHS CHESHIRE AND MERSEYSIDE ICB - 12F,48.0
recovery,2022-11-01,13Q,NATIONAL COMMISSIONING HUB 1,50.0
recovery,2022-11-01,13T,NHS NORTH EAST AND NORTH CUMBRIA ICB - 13T,57.0
recovery,2022-11-01,14L,NHS GREATER MANCHESTER ICB - 14L,44.0
recovery,2022-11-01,14R,EAST OF ENGLAND - H&J COMMISSIONING HUB,28.0
recovery,2022-11-01,14Y,"NHS BUCKINGHAMSHIRE, OXFORDSHIRE AND BERKSHIRE WEST ICB - 14Y",52.0
recovery,2022-11-01,15A,"NHS BUCKINGHAMSHIRE, OXFORDSHIRE AND BERKSHIRE WEST ICB - 15A",51.0
recovery,2022-11-01,15C,"NHS BRISTOL, NORTH SOMERSET AND SOUTH GLOUCESTERSHIRE ICB - 15C",53.0
recovery,2022-11-01,15E,NHS BIRMINGHAM AND SOLIHULL ICB - 15E,47.0
recovery,2022-11-01,15F,NHS WEST YORKSHIRE ICB - 15F,39.0
recovery,2022-11-01,15M,NHS DERBY AND DERBYSHIRE ICB - 15M,49.0
recovery,2022-11-01,15N,NHS DEVON ICB - 15N,53.0
recovery,2022-11-01,16C,NHS NORTH EAST AND NORTH CUMBRIA ICB - 16C,48.0
recovery,2022-11-01,18C,NHS HEREFORDSHIRE AND WORCESTERSHIRE ICB - 18C,49.0
recovery,2022-11-01,26A,NHS NORFOLK AND WAVENEY ICB - 26A,50.0
recovery,2022-11-01,27D,NHS CHESHIRE AND MERSEYSIDE ICB - 27D,48.0
recovery,2022-11-01,36J,NHS WEST YORKSHIRE ICB - 36J,51.0
recovery,2022-11-01,36L,NHS SOUTH WEST LONDON ICB - 36L,52.0
recovery,2022-11-01,42D,NHS HUMBER AND NORTH YORKSHIRE ICB - 42D,47.0
recovery,2022-11-01,52R,NHS NOTTINGHAM AND NOTTINGHAMSHIRE ICB - 52R,51.0
recovery,2022-11-01,70F,NHS SUSSEX ICB - 70F,54.0
recovery,2022-11-01,71E,NHS LINCOLNSHIRE ICB - 71E,46.0
recovery,2022-11-01,72Q,NHS SOUTH EAST LONDON ICB - 72Q,48.0
recovery,2022-11-01,78H,NHS NORTHAMPTONSHIRE ICB - 78H,50.0
recovery,2022-11-01,84H,NHS NORTH EAST AND NORTH CUMBRIA ICB - 84H,46.0
recovery,2022-11-01,91Q,NHS KENT AND MEDWAY ICB - 91Q,50.0
recovery,2022-11-01,92A,NHS SURREY HEARTLANDS ICB - 92A,49.0
recovery,2022-11-01,92G,"NHS BATH AND NORTH EAST SOMERSET, SWINDON AND WILTSHIRE ICB - 92G",35.0
recovery,2022-11-01,93C,NHS NORTH CENTRAL LONDON ICB - 93C,52.0
recovery,2022-11-01,97R,NHS SUSSEX ICB - 97R,51.0
recovery,2022-11-01,99A,NHS CHESHIRE AND MERSEYSIDE ICB - 99A,43.0
recovery,2022-11-01,99C,NHS NORTH EAST AND NORTH CUMBRIA ICB - 99C,58.0
recovery,2022-11-01,99E,NHS MID AND SOUTH ESSEX ICB - 99E,56.0
recovery,2022-11-01,99F,NHS MID AND SOUTH ESSEX ICB - 99F,53.0
recovery,2022-11-01,99G,NHS MID AND SOUTH ESSEX ICB - 99G,53.0
recovery,2022-11-01,A3A8R,NHS NORTH EAST LONDON ICB - A3A8R,52.0
recovery,2022-11-01,B2M3M,NHS COVENTRY AND WARWICKSHIRE ICB - B2M3M,46.0
recovery,2022-11-01,D2P2L,NHS BLACK COUNTRY ICB - D2P2L,46.0
recovery,2022-11-01,D4U1Y,NHS FRIMLEY ICB - D4U1Y,49.0
recovery,2022-11-01,D9Y0V,NHS HAMPSHIRE AND ISLE OF WIGHT ICB - D9Y0V,46.0
recovery,2022-11-01,InvalidCode,Unknown,37.0
recovery,2022-11-01,M1J4Y,"NHS BEDFORDSHIRE, LUTON AND MILTON KEYNES ICB - M1J4Y",48.0
recovery,2022-11-01,M2L0M,"NHS SHROPSHIRE, TELFORD AND WREKIN ICB - M2L0M",52.0
recovery,2022-11-01,W2U3Z,NHS NORTH WEST LONDON ICB - W2U3Z,50.0
recovery,2022-11-01,X2C4Y,NHS WEST YORKSHIRE ICB - X2C4Y,52.0
recovery,2022-12-01,00L,NHS NORTH EAST AND NORTH CUMBRIA ICB - 00L,55.0
recovery,2022-12-01,00N,NHS NORTH EAST AND NORTH CUMBRIA ICB - 00N,45.0
recovery,2022-12-01,00P,NHS NORTH EAST AND NORTH CUMBRIA ICB - 00P,49.0
recovery,2022-12-01,00Q,NHS LANCASHIRE AND SOUTH CUMBRIA ICB - 00Q,53.0
recovery,2022-12-01,00R,NHS LANCASHIRE AND SOUTH CUMBRIA ICB - 00R,54.0
recovery,2022-12-01,00T,NHS GREATER MANCHESTER ICB - 00T,47.0
recovery,2022-12-01,00V,NHS GREATER MANCHESTER ICB - 00V,53.0
recovery,2022-12-01,00X,NHS LANCASHIRE AND SOUTH CUMBRIA ICB - 00X,48.0
recovery,2022-12-01,00Y,NHS GREATER MANCHESTER ICB - 00Y,52.0
recovery,2022-12-01,01A,NHS LANCASHIRE AND SOUTH CUMBRIA ICB - 01A,51.0
recovery,2022-12-01,01D,NHS GREATER MANCHESTER ICB - 01D,49.0
recovery,2022-12-01,01E,NHS LANCASHIRE AND SOUTH CUMBRIA ICB - 01E,49.0
recovery,2022-12-01,01F,NHS CHESHIRE AND MERSEYSIDE ICB - 01F,51.0
recovery,2022-12-01,01G,NHS GREATER MANCHESTER ICB - 01G,38.0
recovery,2022-12-01,01H,NHS NORTH EAST AND NORTH CUMBRIA ICB - 01H,49.0
recovery,2022-12-01,01J,NHS CHESHIRE AND MERSEYSIDE ICB - 01J,44.0
recovery,2022-12-01,01K,NHS LANCASHIRE AND SOUTH CUMBRIA ICB - 01K,47.0
recovery,2022-12-01,01T,NHS CHESHIRE AND MERSEYSIDE ICB - 01T,46.0
recovery,2022-12-01,01V,NHS CHESHIRE AND MERSEYSIDE ICB - 01V,51.0
recovery,2022-12-01,01W,NHS GREATER MANCHESTER ICB - 01W,49.0
recovery,2022-12-01,01X,NHS CHESHIRE AND MERSEYSIDE ICB - 01X,51.0
recovery,2022-12-01,01Y,NHS GREATER MANCHESTER ICB - 01Y,50.0
recovery,2022-12-01,02A,NHS GREATER MANCHESTER ICB - 02A,55.0
recovery,2022-12-01,02E,NHS CHESHIRE AND MERSEYSIDE ICB - 02E,59.0
recovery,2022-12-01,02G,NHS LANCASHIRE AND SOUTH CUMBRIA ICB - 02G,63.0
recovery,2022-12-01,02H,NHS GREATER MANCHESTER ICB - 02H,37.0
recovery,2022-12-01,02M,NHS LANCASHIRE AND SOUTH CUMBRIA ICB - 02M,43.0
recovery,2022-12-01,02P,NHS SOUTH YORKSHIRE ICB - 02P,52.0
recovery,2022-12-01,02Q,NHS NOTTINGHAM AND NOTTINGHAMSHIRE ICB - 02Q,56.0
recovery,2022-12-01,02T,NHS WEST YORKSHIRE ICB - 02T,55.0
recovery,2022-12-01,02X,NHS SOUTH YORKSHIRE ICB - 02X,52.0
recovery,2022-12-01,02Y,NHS HUMBER AND NORTH YORKSHIRE ICB - 02Y,57.0
recovery,2022-12-01,03F,NHS HUMBER AND NORTH YORKSHIRE ICB - 03F,55.0
recovery,2022-12-01,03H,NHS HUMBER AND NORTH YORKSHIRE ICB - 03H,34.0
recovery,2022-12-01,03K,NHS HUMBER AND NORTH YORKSHIRE ICB - 03K,54.0
recovery,2022-12-01,03L,NHS SOUTH YORKSHIRE ICB - 03L,50.0
recovery,2022-12-01,03N,NHS SOUTH YORKSHIRE ICB - 03N,49.0
recovery,2022-12-01,03Q,NHS HUMBER AND NORTH YORKSHIRE ICB - 03Q,56.0
recovery,2022-12-01,03R,NHS WEST YORKSHIRE ICB - 03R,49.0
recovery,2022-12-01,03W,"NHS LEICESTER, LEICESTERSHIRE AND RUTLAND ICB - 03W",59.0
recovery,2022-12-01,04C,"NHS LEICESTER, LEICESTERSHIRE AND RUTLAND ICB - 04C",43.0
recovery,2022-12-01,04V,"NHS LEICESTER, LEICESTERSHIRE AND RUTLAND ICB - 04V",55.0
recovery,2022-12-01,04Y,NHS STAFFORDSHIRE AND STOKE-ON-TRENT ICB - 04Y,48.0
recovery,2022-12-01,05D,NHS STAFFORDSHIRE AND STOKE-ON-TRENT ICB - 05D,53.0
recovery,2022-12-01,05G,NHS STAFFORDSHIRE AND STOKE-ON-TRENT ICB - 05G,57.0
recovery,2022-12-01,05Q,NHS STAFFORDSHIRE AND STOKE-ON-TRENT ICB - 05Q,56.0
recovery,2022-12-01,05V,NHS STAFFORDSHIRE AND STOKE-ON-TRENT ICB - 05V,52.0
recovery,2022-12-01,05W,NHS STAFFORDSHIRE AND STOKE-ON-TRENT ICB - 05W,51.0
recovery,2022-12-01,06H,NHS CAMBRIDGESHIRE AND PETERBOROUGH ICB - 06H,49.0
recovery,2022-12-01,06K,NHS HERTFORDSHIRE AND WEST ESSEX ICB - 06K,48.0
recovery,2022-12-01,06L,NHS SUFFOLK AND NORTH EAST ESSEX ICB - 06L,51.0
recovery,2022-12-01,06N,NHS HERTFORDSHIRE AND WEST ESSEX ICB - 06N,54.0
recovery,2022-12-01,06Q,NHS MID AND SOUTH ESSEX ICB - 06Q,42.0
recovery,2022-12-01,06T,NHS SUFFOLK AND NORTH EAST ESSEX ICB - 06T,50.0
recovery,2022-12-01,07G,NHS MID AND SOUTH ESSEX ICB - 07G,52.0
recovery,2022-12-01,07H,NHS HERTFORDSHIRE AND WEST ESSEX ICB - 07H,57.0
recovery,2022-12-01,07K,NHS SUFFOLK AND NORTH EAST ESSEX ICB - 07K,56.0
recovery,2022-12-01,09D,NHS SUSSEX ICB - 09D,48.0
recovery,2022-12-01,10Q,"NHS BUCKINGHAMSHIRE, OXFORDSHIRE AND BERKSHIRE WEST ICB - 10Q",50.0
recovery,2022-12-01,10R,NHS HAMPSHIRE AND ISLE OF WIGHT ICB - 10R,48.0
recovery,2022-12-01,11J,NHS DORSET ICB - 11J,51.0
recovery,2022-12-01,11M,NHS GLOUCESTERSHIRE ICB - 11M,48.0
recovery,2022-12-01,11N,NHS CORNWALL AND THE ISLES OF SCILLY ICB - 11N,42.0
recovery,2022-12-01,11X,NHS SOMERSET ICB - 11X,54.0
recovery,2022-12-01,12F,NHS CHESHIRE AND MERSEYSIDE ICB - 12F,41.0
recovery,2022-12-01,13Q,NATIONAL COMMISSIONING HUB 1,55.0
recovery,2022-12-01,13T,NHS NORTH EAST AND NORTH CUMBRIA ICB - 13T,54.0
recovery,2022-12-01,14L,NHS GREATER MANCHESTER ICB - 14L,49.0
recovery,2022-12-01,14R,EAST OF ENGLAND - H&J COMMISSIONING HUB,57.0
recovery,2022-12-01,14Y,"NHS BUCKINGHAMSHIRE, OXFORDSHIRE AND BERKSHIRE WEST ICB - 14Y",52.0
recovery,2022-12-01,15A,"NHS BUCKINGHAMSHIRE, OXFORDSHIRE AND BERKSHIRE WEST ICB - 15A",45.0
recovery,2022-12-01,15C,"NHS BRISTOL, NORTH SOMERSET AND SOUTH GLOUCESTERSHIRE ICB - 15C",55.0
recovery,2022-12-01,15E,NHS BIRMINGHAM AND SOLIHULL ICB - 15E,38.0
recovery,2022-12-01,15F,NHS WEST YORKSHIRE ICB - 15F,40.0
recovery,2022-12-01,15M,NHS DERBY AND DERBYSHIRE ICB - 15M,47.0
recovery,2022-12-01,15N,NHS DEVON ICB - 15N,49.0
recovery,2022-12-01,16C,NHS NORTH EAST AND NORTH CUMBRIA ICB - 16C,46.0
recovery,2022-12-01,18C,NHS HEREFORDSHIRE AND WORCESTERSHIRE ICB - 18C,46.0
recovery,2022-12-01,26A,NHS NORFOLK AND WAVENEY ICB - 26A,51.0
recovery,2022-12-01,27D,NHS CHESHIRE AND MERSEYSIDE ICB - 27D,47.0
recovery,2022-12-01,36J,NHS WEST YORKSHIRE ICB - 36J,49.0
recovery,2022-12-01,36L,NHS SOUTH WEST LONDON ICB - 36L,51.0
recovery,2022-12-01,42D,NHS HUMBER AND NORTH YORKSHIRE ICB - 42D,38.0
recovery,2022-12-01,52R,NHS NOTTINGHAM AND NOTTINGHAMSHIRE ICB - 52R,46.0
recovery,2022-12-01,70F,NHS SUSSEX ICB - 70F,55.0
recovery,2022-12-01,71E,NHS LINCOLNSHIRE ICB - 71E,49.0
recovery,2022-12-01,72Q,NHS SOUTH EAST LONDON ICB - 72Q,50.0
recovery,2022-12-01,78H,NHS NORTHAMPTONSHIRE ICB - 78H,50.0
recovery,2022-12-01,84H,NHS NORTH EAST AND NORTH CUMBRIA ICB - 84H,51.0
recovery,2022-12-01,91Q,NHS KENT AND MEDWAY ICB - 91Q,48.0
recovery,2022-12-01,92A,NHS SURREY HEARTLANDS ICB - 92A,48.0
recovery,2022-12-01,92G,"NHS BATH AND NORTH EAST SOMERSET, SWINDON AND WILTSHIRE ICB - 92G",31.0
recovery,2022-12-01,93C,NHS NORTH CENTRAL LONDON ICB - 93C,51.0
recovery,2022-12-01,97R,NHS SUSSEX ICB - 97R,51.0
recovery,2022-12-01,99A,NHS CHESHIRE AND MERSEYSIDE ICB - 99A,42.0
recovery,2022-12-01,99C,NHS NORTH EAST AND NORTH CUMBRIA ICB - 99C,51.0
recovery,2022-12-01,99E,NHS MID AND SOUTH ESSEX ICB - 99E,58.0
recovery,2022-12-01,99F,NHS MID AND SOUTH ESSEX ICB - 99F,53.0
recovery,2022-12-01,99G,NHS MID AND SOUTH ESSEX ICB - 99G,50.0
recovery,2022-12-01,A3A8R,NHS NORTH EAST LONDON ICB - A3A8R,52.0
recovery,2022-12-01,B2M3M,NHS COVENTRY AND WARWICKSHIRE ICB - B2M3M,48.0
recovery,2022-12-01,D2P2L,NHS BLACK COUNTRY ICB - D2P2L,45.0
recovery,2022-12-01,D4U1Y,NHS FRIMLEY ICB - D4U1Y,51.0
recovery,2022-12-01,D9Y0V,NHS HAMPSHIRE AND ISLE OF WIGHT ICB - D9Y0V,49.0
recovery,2022-12-01,InvalidCode,Unknown,35.0
recovery,2022-12-01,M1J4Y,"NHS BEDFORDSHIRE, LUTON AND MILTON KEYNES ICB - M1J4Y",49.0
recovery,2022-12-01,M2L0M,"NHS SHROPSHIRE, TELFORD AND WREKIN ICB - M2L0M",44.0
recovery,2022-12-01,W2U3Z,NHS NORTH WEST LONDON ICB - W2U3Z,51.0
recovery,2022-12-01,X2C4Y,NHS WEST YORKSHIRE ICB - X2C4Y,51.0
recovery,2023-01-01,00L,NHS NORTH EAST AND NORTH CUMBRIA ICB - 00L,58.0
recovery,2023-01-01,00N,NHS NORTH EAST AND NORTH CUMBRIA ICB - 00N,51.0
recovery,2023-01-01,00P,NHS NORTH EAST AND NORTH CUMBRIA ICB - 00P,49.0
recovery,2023-01-01,00Q,NHS LANCASHIRE AND SOUTH CUMBRIA ICB - 00Q,51.0
recovery,2023-01-01,00R,NHS LANCASHIRE AND SOUTH CUMBRIA ICB - 00R,53.0
recovery,2023-01-01,00T,NHS GREATER MANCHESTER ICB - 00T,50.0
recovery,2023-01-01,00V,NHS GREATER MANCHESTER ICB - 00V,58.0
recovery,2023-01-01,00X,NHS LANCASHIRE AND SOUTH CUMBRIA ICB - 00X,48.0
recovery,2023-01-01,00Y,NHS GREATER MANCHESTER ICB - 00Y,39.0
recovery,2023-01-01,01A,NHS LANCASHIRE AND SOUTH CUMBRIA ICB - 01A,61.0
recovery,2023-01-01,01D,NHS GREATER MANCHESTER ICB - 01D,51.0
recovery,2023-01-01,01E,NHS LANCASHIRE AND SOUTH CUMBRIA ICB - 01E,51.0
recovery,2023-01-01,01F,NHS CHESHIRE AND MERSEYSIDE ICB - 01F,48.0
recovery,2023-01-01,01G,NHS GREATER MANCHESTER ICB - 01G,36.0
recovery,2023-01-01,01H,NHS NORTH EAST AND NORTH CUMBRIA ICB - 01H,46.0
recovery,2023-01-01,01J,NHS CHESHIRE AND MERSEYSIDE ICB - 01J,46.0
recovery,2023-01-01,01K,NHS LANCASHIRE AND SOUTH CUMBRIA ICB - 01K,53.0
recovery,2023-01-01,01T,NHS CHESHIRE AND MERSEYSIDE ICB - 01T,50.0
recovery,2023-01-01,01V,NHS CHESHIRE AND MERSEYSIDE ICB - 01V,53.0
recovery,2023-01-01,01W,NHS GREATER MANCHESTER ICB - 01W,53.0
recovery,2023-01-01,01X,NHS CHESHIRE AND MERSEYSIDE ICB - 01X,57.0
recovery,2023-01-01,01Y,NHS GREATER MANCHESTER ICB - 01Y,44.0
recovery,2023-01-01,02A,NHS GREATER MANCHESTER ICB - 02A,49.0
recovery,2023-01-01,02E,NHS CHESHIRE AND MERSEYSIDE ICB - 02E,50.0
recovery,2023-01-01,02G,NHS LANCASHIRE AND SOUTH CUMBRIA ICB - 02G,59.0
recovery,2023-01-01,02H,NHS GREATER MANCHESTER ICB - 02H,45.0
recovery,2023-01-01,02M,NHS LANCASHIRE AND SOUTH CUMBRIA ICB - 02M,58.0
recovery,2023-01-01,02P,NHS SOUTH YORKSHIRE ICB - 02P,51.0
recovery,2023-01-01,02Q,NHS NOTTINGHAM AND NOTTINGHAMSHIRE ICB - 02Q,49.0
recovery,2023-01-01,02T,NHS WEST YORKSHIRE ICB - 02T,56.0
recovery,2023-01-01,02X,NHS SOUTH YORKSHIRE ICB - 02X,59.0
recovery,2023-01-01,02Y,NHS HUMBER AND NORTH YORKSHIRE ICB - 02Y,55.0
recovery,2023-01-01,03F,NHS HUMBER AND NORTH YORKSHIRE ICB - 03F,55.0
recovery,2023-01-01,03H,NHS HUMBER AND NORTH YORKSHIRE ICB - 03H,45.0
recovery,2023-01-01,03K,NHS HUMBER AND NORTH YORKSHIRE ICB - 03K,53.0
recovery,2023-01-01,03L,NHS SOUTH YORKSHIRE ICB - 03L,48.0
recovery,2023-01-01,03N,NHS SOUTH YORKSHIRE ICB - 03N,51.0
recovery,2023-01-01,03Q,NHS HUMBER AND NORTH YORKSHIRE ICB - 03Q,56.0
recovery,2023-01-01,03R,NHS WEST YORKSHIRE ICB - 03R,49.0
recovery,2023-01-01,03W,"NHS LEICESTER, LEICESTERSHIRE AND RUTLAND ICB - 03W",52.0
recovery,2023-01-01,04C,"NHS LEICESTER, LEICESTERSHIRE AND RUTLAND ICB - 04C",37.0
recovery,2023-01-01,04V,"NHS LEICESTER, LEICESTERSHIRE AND RUTLAND ICB - 04V",47.0
recovery,2023-01-01,04Y,NHS STAFFORDSHIRE AND STOKE-ON-TRENT ICB - 04Y,52.0
recovery,2023-01-01,05D,NHS STAFFORDSHIRE AND STOKE-ON-TRENT ICB - 05D,62.0
recovery,2023-01-01,05G,NHS STAFFORDSHIRE AND STOKE-ON-TRENT ICB - 05G,49.0
recovery,2023-01-01,05Q,NHS STAFFORDSHIRE AND STOKE-ON-TRENT ICB - 05Q,55.0
recovery,2023-01-01,05V,NHS STAFFORDSHIRE AND STOKE-ON-TRENT ICB - 05V,55.0
recovery,2023-01-01,05W,NHS STAFFORDSHIRE AND STOKE-ON-TRENT ICB - 05W,52.0
recovery,2023-01-01,06H,NHS CAMBRIDGESHIRE AND PETERBOROUGH ICB - 06H,48.0
recovery,2023-01-01,06K,NHS HERTFORDSHIRE AND WEST ESSEX ICB - 06K,46.0
recovery,2023-01-01,06L,NHS SUFFOLK AND NORTH EAST ESSEX ICB - 06L,52.0
recovery,2023-01-01,06N,NHS HERTFORDSHIRE AND WEST ESSEX ICB - 06N,50.0
recovery,2023-01-01,06Q,NHS MID AND SOUTH ESSEX ICB - 06Q,53.0
recovery,2023-01-01,06T,NHS SUFFOLK AND NORTH EAST ESSEX ICB - 06T,50.0
recovery,2023-01-01,07G,NHS MID AND SOUTH ESSEX ICB - 07G,50.0
recovery,2023-01-01,07H,NHS HERTFORDSHIRE AND WEST ESSEX ICB - 07H,52.0
recovery,2023-01-01,07K,NHS SUFFOLK AND NORTH EAST ESSEX ICB - 07K,52.0
recovery,2023-01-01,09D,NHS SUSSEX ICB - 09D,48.0
recovery,2023-01-01,10Q,"NHS BUCKINGHAMSHIRE, OXFORDSHIRE AND BERKSHIRE WEST ICB - 10Q",49.0
recovery,2023-01-01,10R,NHS HAMPSHIRE AND ISLE OF WIGHT ICB - 10R,54.0
recovery,2023-01-01,11J,NHS DORSET ICB - 11J,53.0
recovery,2023-01-01,11M,NHS GLOUCESTERSHIRE ICB - 11M,47.0
recovery,2023-01-01,11N,NHS CORNWALL AND THE ISLES OF SCILLY ICB - 11N,42.0
recovery,2023-01-01,11X,NHS SOMERSET ICB - 11X,58.0
recovery,2023-01-01,12F,NHS CHESHIRE AND MERSEYSIDE ICB - 12F,50.0
recovery,2023-01-01,13T,NHS NORTH EAST AND NORTH CUMBRIA ICB - 13T,49.0
recovery,2023-01-01,14L,NHS GREATER MANCHESTER ICB - 14L,46.0
recovery,2023-01-01,14R,EAST OF ENGLAND - H&J COMMISSIONING HUB,48.0
recovery,2023-01-01,14Y,"NHS BUCKINGHAMSHIRE, OXFORDSHIRE AND BERKSHIRE WEST ICB - 14Y",54.0
recovery,2023-01-01,15A,"NHS BUCKINGHAMSHIRE, OXFORDSHIRE AND BERKSHIRE WEST ICB - 15A",47.0
recovery,2023-01-01,15C,"NHS BRISTOL, NORTH SOMERSET AND SOUTH GLOUCESTERSHIRE ICB - 15C",51.0
recovery,2023-01-01,15E,NHS BIRMINGHAM AND SOLIHULL ICB - 15E,41.0
recovery,2023-01-01,15F,NHS WEST YORKSHIRE ICB - 15F,38.0
recovery,2023-01-01,15M,NHS DERBY AND DERBYSHIRE ICB - 15M,52.0
recovery,2023-01-01,15N,NHS DEVON ICB - 15N,50.0
recovery,2023-01-01,16C,NHS NORTH EAST AND NORTH CUMBRIA ICB - 16C,50.0
recovery,2023-01-01,18C,NHS HEREFORDSHIRE AND WORCESTERSHIRE ICB - 18C,49.0
recovery,2023-01-01,26A,NHS NORFOLK AND WAVENEY ICB - 26A,52.0
recovery,2023-01-01,27D,NHS CHESHIRE AND MERSEYSIDE ICB - 27D,51.0
recovery,2023-01-01,36J,NHS WEST YORKSHIRE ICB - 36J,50.0
recovery,2023-01-01,36L,NHS SOUTH WEST LONDON ICB - 36L,50.0
recovery,2023-01-01,42D,NHS HUMBER AND NORTH YORKSHIRE ICB - 42D,53.0
recovery,2023-01-01,52R,NHS NOTTINGHAM AND NOTTINGHAMSHIRE ICB - 52R,53.0
recovery,2023-01-01,70F,NHS SUSSEX ICB - 70F,60.0
recovery,2023-01-01,71E,NHS LINCOLNSHIRE ICB - 71E,51.0
recovery,2023-01-01,72Q,NHS SOUTH EAST LONDON ICB - 72Q,51.0
recovery,2023-01-01,78H,NHS NORTHAMPTONSHIRE ICB - 78H,50.0
recovery,2023-01-01,84H,NHS NORTH EAST AND NORTH CUMBRIA ICB - 84H,50.0
recovery,2023-01-01,91Q,NHS KENT AND MEDWAY ICB - 91Q,47.0
recovery,2023-01-01,92A,NHS SURREY HEARTLANDS ICB - 92A,49.0
recovery,2023-01-01,92G,"NHS BATH AND NORTH EAST SOMERSET, SWINDON AND WILTSHIRE ICB - 92G",30.0
recovery,2023-01-01,93C,NHS NORTH CENTRAL LONDON ICB - 93C,50.0
recovery,2023-01-01,97R,NHS SUSSEX ICB - 97R,48.0
recovery,2023-01-01,99A,NHS CHESHIRE AND MERSEYSIDE ICB - 99A,47.0
recovery,2023-01-01,99C,NHS NORTH EAST AND NORTH CUMBRIA ICB - 99C,57.0
recovery,2023-01-01,99E,NHS MID AND SOUTH ESSEX ICB - 99E,58.0
recovery,2023-01-01,99F,NHS MID AND SOUTH ESSEX ICB - 99F,52.0
recovery,2023-01-01,99G,NHS MID AND SOUTH ESSEX ICB - 99G,52.0
recovery,2023-01-01,A3A8R,NHS NORTH EAST LONDON ICB - A3A8R,51.0
recovery,2023-01-01,B2M3M,NHS COVENTRY AND WARWICKSHIRE ICB - B2M3M,50.0
recovery,2023-01-01,D2P2L,NHS BLACK COUNTRY ICB - D2P2L,48.0
recovery,2023-01-01,D4U1Y,NHS FRIMLEY ICB - D4U1Y,47.0
recovery,2023-01-01,D9Y0V,NHS HAMPSHIRE AND ISLE OF WIGHT ICB - D9Y0V,47.0
recovery,2023-01-01,InvalidCode,Unknown,48.0
recovery,2023-01-01,M1J4Y,"NHS BEDFORDSHIRE, LUTON AND MILTON KEYNES ICB - M1J4Y",48.0
recovery,2023-01-01,M2L0M,"NHS SHROPSHIRE, TELFORD AND WREKIN ICB - M2L0M",47.0
recovery,2023-01-01,W2U3Z,NHS NORTH WEST LONDON ICB - W2U3Z,49.0
recovery,2023-01-01,X2C4Y,NHS WEST YORKSHIRE ICB - X2C4Y,59.0
recovery,2023-02-01,00L,NHS NORTH EAST AND NORTH CUMBRIA ICB - 00L,56.0
recovery,2023-02-01,00N,NHS NORTH EAST AND NORTH CUMBRIA ICB - 00N,52.0
recovery,2023-02-01,00P,NHS NORTH EAST AND NORTH CUMBRIA ICB - 00P,55.0
recovery,2023-02-01,00Q,NHS LANCASHIRE AND SOUTH CUMBRIA ICB - 00Q,48.0
recovery,2023-02-01,00R,NHS LANCASHIRE AND SOUTH CUMBRIA ICB - 00R,46.0
recovery,2023-02-01,00T,NHS GREATER MANCHESTER ICB - 00T,49.0
recovery,2023-02-01,00V,NHS GREATER MANCHESTER ICB - 00V,50.0
recovery,2023-02-01,00X,NHS LANCASHIRE AND SOUTH CUMBRIA ICB - 00X,39.0
recovery,2023-02-01,00Y,NHS GREATER MANCHESTER ICB - 00Y,49.0
recovery,2023-02-01,01A,NHS LANCASHIRE AND SOUTH CUMBRIA ICB - 01A,57.0
recovery,2023-02-01,01D,NHS GREATER MANCHESTER ICB - 01D,49.0
recovery,2023-02-01,01E,NHS LANCASHIRE AND SOUTH CUMBRIA ICB - 01E,47.0
recovery,2023-02-01,01F,NHS CHESHIRE AND MERSEYSIDE ICB - 01F,52.0
recovery,2023-02-01,01G,NHS GREATER MANCHESTER ICB - 01G,42.0
recovery,2023-02-01,01H,NHS NORTH EAST AND NORTH CUMBRIA ICB - 01H,53.0
recovery,2023-02-01,01J,NHS CHESHIRE AND MERSEYSIDE ICB - 01J,51.0
recovery,2023-02-01,01K,NHS LANCASHIRE AND SOUTH CUMBRIA ICB - 01K,47.0
recovery,2023-02-01,01T,NHS CHESHIRE AND MERSEYSIDE ICB - 01T,52.0
recovery,2023-02-01,01V,NHS CHESHIRE AND MERSEYSIDE ICB - 01V,52.0
recovery,2023-02-01,01W,NHS GREATER MANCHESTER ICB - 01W,48.0
recovery,2023-02-01,01X,NHS CHESHIRE AND MERSEYSIDE ICB - 01X,52.0
recovery,2023-02-01,01Y,NHS GREATER MANCHESTER ICB - 01Y,55.0
recovery,2023-02-01,02A,NHS GREATER MANCHESTER ICB - 02A,56.0
recovery,2023-02-01,02E,NHS CHESHIRE AND MERSEYSIDE ICB - 02E,52.0
recovery,2023-02-01,02G,NHS LANCASHIRE AND SOUTH CUMBRIA ICB - 02G,66.0
recovery,2023-02-01,02H,NHS GREATER MANCHESTER ICB - 02H,44.0
recovery,2023-02-01,02M,NHS LANCASHIRE AND SOUTH CUMBRIA ICB - 02M,57.0
recovery,2023-02-01,02P,NHS SOUTH YORKSHIRE ICB - 02P,50.0
recovery,2023-02-01,02Q,NHS NOTTINGHAM AND NOTTINGHAMSHIRE ICB - 02Q,54.0
recovery,2023-02-01,02T,NHS WEST YORKSHIRE ICB - 02T,53.0
recovery,2023-02-01,02X,NHS SOUTH YORKSHIRE ICB - 02X,55.0
recovery,2023-02-01,02Y,NHS HUMBER AND NORTH YORKSHIRE ICB - 02Y,59.0
recovery,2023-02-01,03F,NHS HUMBER AND NORTH YORKSHIRE ICB - 03F,55.0
recovery,2023-02-01,03H,NHS HUMBER AND NORTH YORKSHIRE ICB - 03H,42.0
recovery,2023-02-01,03K,NHS HUMBER AND NORTH YORKSHIRE ICB - 03K,54.0
recovery,2023-02-01,03L,NHS SOUTH YORKSHIRE ICB - 03L,56.0
recovery,2023-02-01,03N,NHS SOUTH YORKSHIRE ICB - 03N,51.0
recovery,2023-02-01,03Q,NHS HUMBER AND NORTH YORKSHIRE ICB - 03Q,59.0
recovery,2023-02-01,03R,NHS WEST YORKSHIRE ICB - 03R,53.0
recovery,2023-02-01,03W,"NHS LEICESTER, LEICESTERSHIRE AND RUTLAND ICB - 03W",56.0
recovery,2023-02-01,04C,"NHS LEICESTER, LEICESTERSHIRE AND RUTLAND ICB - 04C",44.0
recovery,2023-02-01,04V,"NHS LEICESTER, LEICESTERSHIRE AND RUTLAND ICB - 04V",51.0
recovery,2023-02-01,04Y,NHS STAFFORDSHIRE AND STOKE-ON-TRENT ICB - 04Y,55.0
recovery,2023-02-01,05D,NHS STAFFORDSHIRE AND STOKE-ON-TRENT ICB - 05D,52.0
recovery,2023-02-01,05G,NHS STAFFORDSHIRE AND STOKE-ON-TRENT ICB - 05G,55.0
recovery,2023-02-01,05Q,NHS STAFFORDSHIRE AND STOKE-ON-TRENT ICB - 05Q,50.0
recovery,2023-02-01,05V,NHS STAFFORDSHIRE AND STOKE-ON-TRENT ICB - 05V,58.0
recovery,2023-02-01,05W,NHS STAFFORDSHIRE AND STOKE-ON-TRENT ICB - 05W,49.0
recovery,2023-02-01,06H,NHS CAMBRIDGESHIRE AND PETERBOROUGH ICB - 06H,46.0
recovery,2023-02-01,06K,NHS HERTFORDSHIRE AND WEST ESSEX ICB - 06K,53.0
recovery,2023-02-01,06L,NHS SUFFOLK AND NORTH EAST ESSEX ICB - 06L,51.0
recovery,2023-02-01,06N,NHS HERTFORDSHIRE AND WEST ESSEX ICB - 06N,54.0
recovery,2023-02-01,06Q,NHS MID AND SOUTH ESSEX ICB - 06Q,50.0
recovery,2023-02-01,06T,NHS SUFFOLK AND NORTH EAST ESSEX ICB - 06T,49.0
recovery,2023-02-01,07G,NHS MID AND SOUTH ESSEX ICB - 07G,43.0
recovery,2023-02-01,07H,NHS HERTFORDSHIRE AND WEST ESSEX ICB - 07H,56.0
recovery,2023-02-01,07K,NHS SUFFOLK AND NORTH EAST ESSEX ICB - 07K,53.0
recovery,2023-02-01,09D,NHS SUSSEX ICB - 09D,45.0
recovery,2023-02-01,10Q,"NHS BUCKINGHAMSHIRE, OXFORDSHIRE AND BERKSHIRE WEST ICB - 10Q",51.0
recovery,2023-02-01,10R,NHS HAMPSHIRE AND ISLE OF WIGHT ICB - 10R,49.0
recovery,2023-02-01,11J,NHS DORSET ICB - 11J,52.0
recovery,2023-02-01,11M,NHS GLOUCESTERSHIRE ICB - 11M,45.0
recovery,2023-02-01,11N,NHS CORNWALL AND THE ISLES OF SCILLY ICB - 11N,37.0
recovery,2023-02-01,11X,NHS SOMERSET ICB - 11X,55.0
recovery,2023-02-01,12F,NHS CHESHIRE AND MERSEYSIDE ICB - 12F,50.0
recovery,2023-02-01,13Q,NATIONAL COMMISSIONING HUB 1,71.0
recovery,2023-02-01,13T,NHS NORTH EAST AND NORTH CUMBRIA ICB - 13T,54.0
recovery,2023-02-01,14L,NHS GREATER MANCHESTER ICB - 14L,48.0
recovery,2023-02-01,14R,EAST OF ENGLAND - H&J COMMISSIONING HUB,50.0
recovery,2023-02-01,14Y,"NHS BUCKINGHAMSHIRE, OXFORDSHIRE AND BERKSHIRE WEST ICB - 14Y",49.0
recovery,2023-02-01,15A,"NHS BUCKINGHAMSHIRE, OXFORDSHIRE AND BERKSHIRE WEST ICB - 15A",47.0
recovery,2023-02-01,15C,"NHS BRISTOL, NORTH SOMERSET AND SOUTH GLOUCESTERSHIRE ICB - 15C",53.0
recovery,2023-02-01,15E,NHS BIRMINGHAM AND SOLIHULL ICB - 15E,41.0
recovery,2023-02-01,15F,NHS WEST YORKSHIRE ICB - 15F,46.0
recovery,2023-02-01,15M,NHS DERBY AND DERBYSHIRE ICB - 15M,50.0
recovery,2023-02-01,15N,NHS DEVON ICB - 15N,52.0
recovery,2023-02-01,16C,NHS NORTH EAST AND NORTH CUMBRIA ICB - 16C,49.0
recovery,2023-02-01,18C,NHS HEREFORDSHIRE AND WORCESTERSHIRE ICB - 18C,52.0
recovery,2023-02-01,26A,NHS NORFOLK AND WAVENEY ICB - 26A,53.0
recovery,2023-02-01,27D,NHS CHESHIRE AND MERSEYSIDE ICB - 27D,52.0
recovery,2023-02-01,36J,NHS WEST YORKSHIRE ICB - 36J,57.0
recovery,2023-02-01,36L,NHS SOUTH WEST LONDON ICB - 36L,53.0
recovery,2023-02-01,42D,NHS HUMBER AND NORTH YORKSHIRE ICB - 42D,54.0
recovery,2023-02-01,52R,NHS NOTTINGHAM AND NOTTINGHAMSHIRE ICB - 52R,55.0
recovery,2023-02-01,70F,NHS SUSSEX ICB - 70F,57.0
recovery,2023-02-01,71E,NHS LINCOLNSHIRE ICB - 71E,51.0
recovery,2023-02-01,72Q,NHS SOUTH EAST LONDON ICB - 72Q,50.0
recovery,2023-02-01,78H,NHS NORTHAMPTONSHIRE ICB - 78H,50.0
recovery,2023-02-01,84H,NHS NORTH EAST AND NORTH CUMBRIA ICB - 84H,54.0
recovery,2023-02-01,91Q,NHS KENT AND MEDWAY ICB - 91Q,50.0
recovery,2023-02-01,92A,NHS SURREY HEARTLANDS ICB - 92A,49.0
recovery,2023-02-01,92G,"NHS BATH AND NORTH EAST SOMERSET, SWINDON AND WILTSHIRE ICB - 92G",30.0
recovery,2023-02-01,93C,NHS NORTH CENTRAL LONDON ICB - 93C,52.0
recovery,2023-02-01,97R,NHS SUSSEX ICB - 97R,51.0
recovery,2023-02-01,99A,NHS CHESHIRE AND MERSEYSIDE ICB - 99A,48.0
recovery,2023-02-01,99C,NHS NORTH EAST AND NORTH CUMBRIA ICB - 99C,63.0
recovery,2023-02-01,99E,NHS MID AND SOUTH ESSEX ICB - 99E,60.0
recovery,2023-02-01,99F,NHS MID AND SOUTH ESSEX ICB - 99F,50.0
recovery,2023-02-01,99G,NHS MID AND SOUTH ESSEX ICB - 99G,50.0
recovery,2023-02-01,A3A8R,NHS NORTH EAST LONDON ICB - A3A8R,52.0
recovery,2023-02-01,B2M3M,NHS COVENTRY AND WARWICKSHIRE ICB - B2M3M,49.0
recovery,2023-02-01,D2P2L,NHS BLACK COUNTRY ICB - D2P2L,47.0
recovery,2023-02-01,D4U1Y,NHS FRIMLEY ICB - D4U1Y,47.0
recovery,2023-02-01,D9Y0V,NHS HAMPSHIRE AND ISLE OF WIGHT ICB - D9Y0V,49.0
recovery,2023-02-01,InvalidCode,Unknown,43.0
recovery,2023-02-01,M1J4Y,"NHS BEDFORDSHIRE, LUTON AND MILTON KEYNES ICB - M1J4Y",49.0
recovery,2023-02-01,M2L0M,"NHS SHROPSHIRE, TELFORD AND WREKIN ICB - M2L0M",41.0
recovery,2023-02-01,W2U3Z,NHS NORTH WEST LONDON ICB - W2U3Z,48.0
recovery,2023-02-01,X2C4Y,NHS WEST YORKSHIRE ICB - X2C4Y,55.0
recovery,2023-03-01,00L,NHS NORTH EAST AND NORTH CUMBRIA ICB - 00L,52.0
recovery,2023-03-01,00N,NHS NORTH EAST AND NORTH CUMBRIA ICB - 00N,47.0
recovery,2023-03-01,00P,NHS NORTH EAST AND NORTH CUMBRIA ICB - 00P,54.0
recovery,2023-03-01,00Q,NHS LANCASHIRE AND SOUTH CUMBRIA ICB - 00Q,58.0
recovery,2023-03-01,00R,NHS LANCASHIRE AND SOUTH CUMBRIA ICB - 00R,51.0
recovery,2023-03-01,00T,NHS GREATER MANCHESTER ICB - 00T,48.0
recovery,2023-03-01,00V,NHS GREATER MANCHESTER ICB - 00V,54.0
recovery,2023-03-01,00X,NHS LANCASHIRE AND SOUTH CUMBRIA ICB - 00X,53.0
recovery,2023-03-01,00Y,NHS GREATER MANCHESTER ICB - 00Y,45.0
recovery,2023-03-01,01A,NHS LANCASHIRE AND SOUTH CUMBRIA ICB - 01A,61.0
recovery,2023-03-01,01D,NHS GREATER MANCHESTER ICB - 01D,48.0
recovery,2023-03-01,01E,NHS LANCASHIRE AND SOUTH CUMBRIA ICB - 01E,49.0
recovery,2023-03-01,01F,NHS CHESHIRE AND MERSEYSIDE ICB - 01F,48.0
recovery,2023-03-01,01G,NHS GREATER MANCHESTER ICB - 01G,45.0
recovery,2023-03-01,01H,NHS NORTH EAST AND NORTH CUMBRIA ICB - 01H,51.0
recovery,2023-03-01,01J,NHS CHESHIRE AND MERSEYSIDE ICB - 01J,53.0
recovery,2023-03-01,01K,NHS LANCASHIRE AND SOUTH CUMBRIA ICB - 01K,59.0
recovery,2023-03-01,01T,NHS CHESHIRE AND MERSEYSIDE ICB - 01T,47.0
recovery,2023-03-01,01V,NHS CHESHIRE AND MERSEYSIDE ICB - 01V,57.0
recovery,2023-03-01,01W,NHS GREATER MANCHESTER ICB - 01W,47.0
recovery,2023-03-01,01X,NHS CHESHIRE AND MERSEYSIDE ICB - 01X,53.0
recovery,2023-03-01,01Y,NHS GREATER MANCHESTER ICB - 01Y,51.0
recovery,2023-03-01,02A,NHS GREATER MANCHESTER ICB - 02A,51.0
recovery,2023-03-01,02E,NHS CHESHIRE AND MERSEYSIDE ICB - 02E,57.0
recovery,2023-03-01,02G,NHS LANCASHIRE AND SOUTH CUMBRIA ICB - 02G,64.0
recovery,2023-03-01,02H,NHS GREATER MANCHESTER ICB - 02H,48.0
recovery,2023-03-01,02M,NHS LANCASHIRE AND SOUTH CUMBRIA ICB - 02M,54.0
recovery,2023-03-01,02P,NHS SOUTH YORKSHIRE ICB - 02P,51.0
recovery,2023-03-01,02Q,NHS NOTTINGHAM AND NOTTINGHAMSHIRE ICB - 02Q,55.0
recovery,2023-03-01,02T,NHS WEST YORKSHIRE ICB - 02T,63.0
recovery,2023-03-01,02X,NHS SOUTH YORKSHIRE ICB - 02X,52.0
recovery,2023-03-01,02Y,NHS HUMBER AND NORTH YORKSHIRE ICB - 02Y,59.0
recovery,2023-03-01,03F,NHS HUMBER AND NORTH YORKSHIRE ICB - 03F,58.0
recovery,2023-03-01,03H,NHS HUMBER AND NORTH YORKSHIRE ICB - 03H,54.0
recovery,2023-03-01,03K,NHS HUMBER AND NORTH YORKSHIRE ICB - 03K,48.0
recovery,2023-03-01,03L,NHS SOUTH YORKSHIRE ICB - 03L,50.0
recovery,2023-03-01,03N,NHS SOUTH YORKSHIRE ICB - 03N,53.0
recovery,2023-03-01,03Q,NHS HUMBER AND NORTH YORKSHIRE ICB - 03Q,55.0
recovery,2023-03-01,03R,NHS WEST YORKSHIRE ICB - 03R,56.0
recovery,2023-03-01,03W,"NHS LEICESTER, LEICESTERSHIRE AND RUTLAND ICB - 03W",53.0
recovery,2023-03-01,04C,"NHS LEICESTER, LEICESTERSHIRE AND RUTLAND ICB - 04C",45.0
recovery,2023-03-01,04V,"NHS LEICESTER, LEICESTERSHIRE AND RUTLAND ICB - 04V",47.0
recovery,2023-03-01,04Y,NHS STAFFORDSHIRE AND STOKE-ON-TRENT ICB - 04Y,50.0
recovery,2023-03-01,05D,NHS STAFFORDSHIRE AND STOKE-ON-TRENT ICB - 05D,56.0
recovery,2023-03-01,05G,NHS STAFFORDSHIRE AND STOKE-ON-TRENT ICB - 05G,60.0
recovery,2023-03-01,05Q,NHS STAFFORDSHIRE AND STOKE-ON-TRENT ICB - 05Q,55.0
recovery,2023-03-01,05V,NHS STAFFORDSHIRE AND STOKE-ON-TRENT ICB - 05V,64.0
recovery,2023-03-01,05W,NHS STAFFORDSHIRE AND STOKE-ON-TRENT ICB - 05W,53.0
recovery,2023-03-01,06H,NHS CAMBRIDGESHIRE AND PETERBOROUGH ICB - 06H,49.0
recovery,2023-03-01,06K,NHS HERTFORDSHIRE AND WEST ESSEX ICB - 06K,50.0
recovery,2023-03-01,06L,NHS SUFFOLK AND NORTH EAST ESSEX ICB - 06L,52.0
recovery,2023-03-01,06N,NHS HERTFORDSHIRE AND WEST ESSEX ICB - 06N,50.0
recovery,2023-03-01,06Q,NHS MID AND SOUTH ESSEX ICB - 06Q,53.0
recovery,2023-03-01,06T,NHS SUFFOLK AND NORTH EAST ESSEX ICB - 06T,50.0
recovery,2023-03-01,07G,NHS MID AND SOUTH ESSEX ICB - 07G,53.0
recovery,2023-03-01,07H,NHS HERTFORDSHIRE AND WEST ESSEX ICB - 07H,52.0
recovery,2023-03-01,07K,NHS SUFFOLK AND NORTH EAST ESSEX ICB - 07K,54.0
recovery,2023-03-01,09D,NHS SUSSEX ICB - 09D,45.0
recovery,2023-03-01,10Q,"NHS BUCKINGHAMSHIRE, OXFORDSHIRE AND BERKSHIRE WEST ICB - 10Q",58.0
recovery,2023-03-01,10R,NHS HAMPSHIRE AND ISLE OF WIGHT ICB - 10R,54.0
recovery,2023-03-01,11J,NHS DORSET ICB - 11J,49.0
recovery,2023-03-01,11M,NHS GLOUCESTERSHIRE ICB - 11M,51.0
recovery,2023-03-01,11N,NHS CORNWALL AND THE ISLES OF SCILLY ICB - 11N,42.0
recovery,2023-03-01,11X,NHS SOMERSET ICB - 11X,60.0
recovery,2023-03-01,12F,NHS CHESHIRE AND MERSEYSIDE ICB - 12F,51.0
recovery,2023-03-01,13Q,NATIONAL COMMISSIONING HUB 1,50.0
recovery,2023-03-01,13T,NHS NORTH EAST AND NORTH CUMBRIA ICB - 13T,55.0
recovery,2023-03-01,14L,NHS GREATER MANCHESTER ICB - 14L,48.0
recovery,2023-03-01,14R,EAST OF ENGLAND - H&J COMMISSIONING HUB,43.0
recovery,2023-03-01,14Y,"NHS BUCKINGHAMSHIRE, OXFORDSHIRE AND BERKSHIRE WEST ICB - 14Y",57.0
recovery,2023-03-01,15A,"NHS BUCKINGHAMSHIRE, OXFORDSHIRE AND BERKSHIRE WEST ICB - 15A",44.0
recovery,2023-03-01,15C,"NHS BRISTOL, NORTH SOMERSET AND SOUTH GLOUCESTERSHIRE ICB - 15C",52.0
recovery,2023-03-01,15E,NHS BIRMINGHAM AND SOLIHULL ICB - 15E,51.0
recovery,2023-03-01,15F,NHS WEST YORKSHIRE ICB - 15F,41.0
recovery,2023-03-01,15M,NHS DERBY AND DERBYSHIRE ICB - 15M,53.0
recovery,2023-03-01,15N,NHS DEVON ICB - 15N,51.0
recovery,2023-03-01,16C,NHS NORTH EAST AND NORTH CUMBRIA ICB - 16C,52.0
recovery,2023-03-01,18C,NHS HEREFORDSHIRE AND WORCESTERSHIRE ICB - 18C,54.0
recovery,2023-03-01,26A,NHS NORFOLK AND WAVENEY ICB - 26A,52.0
recovery,2023-03-01,27D,NHS CHESHIRE AND MERSEYSIDE ICB - 27D,50.0
recovery,2023-03-01,36J,NHS WEST YORKSHIRE ICB - 36J,58.0
recovery,2023-03-01,36L,NHS SOUTH WEST LONDON ICB - 36L,55.0
recovery,2023-03-01,42D,NHS HUMBER AND NORTH YORKSHIRE ICB - 42D,50.0
recovery,2023-03-01,52R,NHS NOTTINGHAM AND NOTTINGHAMSHIRE ICB - 52R,51.0
recovery,2023-03-01,70F,NHS SUSSEX ICB - 70F,54.0
recovery,2023-03-01,71E,NHS LINCOLNSHIRE ICB - 71E,49.0
recovery,2023-03-01,72Q,NHS SOUTH EAST LONDON ICB - 72Q,52.0
recovery,2023-03-01,78H,NHS NORTHAMPTONSHIRE ICB - 78H,50.0
recovery,2023-03-01,84H,NHS NORTH EAST AND NORTH CUMBRIA ICB - 84H,53.0
recovery,2023-03-01,91Q,NHS KENT AND MEDWAY ICB - 91Q,50.0
recovery,2023-03-01,92A,NHS SURREY HEARTLANDS ICB - 92A,49.0
recovery,2023-03-01,92G,"NHS BATH AND NORTH EAST SOMERSET, SWINDON AND WILTSHIRE ICB - 92G",35.0
recovery,2023-03-01,93C,NHS NORTH CENTRAL LONDON ICB - 93C,52.0
recovery,2023-03-01,97R,NHS SUSSEX ICB - 97R,52.0
recovery,2023-03-01,99A,NHS CHESHIRE AND MERSEYSIDE ICB - 99A,50.0
recovery,2023-03-01,99C,NHS NORTH EAST AND NORTH CUMBRIA ICB - 99C,61.0
recovery,2023-03-01,99E,NHS MID AND SOUTH ESSEX ICB - 99E,58.0
recovery,2023-03-01,99F,NHS MID AND SOUTH ESSEX ICB - 99F,53.0
recovery,2023-03-01,99G,NHS MID AND SOUTH ESSEX ICB - 99G,49.0
recovery,2023-03-01,A3A8R,NHS NORTH EAST LONDON ICB - A3A8R,52.0
recovery,2023-03-01,B2M3M,NHS COVENTRY AND WARWICKSHIRE ICB - B2M3M,47.0
recovery,2023-03-01,D2P2L,NHS BLACK COUNTRY ICB - D2P2L,48.0
recovery,2023-03-01,D4U1Y,NHS FRIMLEY ICB - D4U1Y,49.0
recovery,2023-03-01,D9Y0V,NHS HAMPSHIRE AND ISLE OF WIGHT ICB - D9Y0V,50.0
recovery,2023-03-01,InvalidCode,Unknown,45.0
recovery,2023-03-01,M1J4Y,"NHS BEDFORDSHIRE, LUTON AND MILTON KEYNES ICB - M1J4Y",48.0
recovery,2023-03-01,M2L0M,"NHS SHROPSHIRE, TELFORD AND WREKIN ICB - M2L0M",43.0
recovery,2023-03-01,W2U3Z,NHS NORTH WEST LONDON ICB - W2U3Z,49.0
recovery,2023-03-01,X2C4Y,NHS WEST YORKSHIRE ICB - X2C4Y,53.0
recovery,2023-04-01,00L,NHS NORTH EAST AND NORTH CUMBRIA ICB - 00L,57.0
recovery,2023-04-01,00N,NHS NORTH EAST AND NORTH CUMBRIA ICB - 00N,53.0
recovery,2023-04-01,00P,NHS NORTH EAST AND NORTH CUMBRIA ICB - 00P,61.0
recovery,2023-04-01,00Q,NHS LANCASHIRE AND SOUTH CUMBRIA ICB - 00Q,54.0
recovery,2023-04-01,00R,NHS LANCASHIRE AND SOUTH CUMBRIA ICB - 00R,56.0
recovery,2023-04-01,00T,NHS GREATER MANCHESTER ICB - 00T,48.0
recovery,2023-04-01,00V,NHS GREATER MANCHESTER ICB - 00V,56.0
recovery,2023-04-01,00X,NHS LANCASHIRE AND SOUTH CUMBRIA ICB - 00X,53.0
recovery,2023-04-01,00Y,NHS GREATER MANCHESTER ICB - 00Y,53.0
recovery,2023-04-01,01A,NHS LANCASHIRE AND SOUTH CUMBRIA ICB - 01A,56.0
recovery,2023-04-01,01D,NHS GREATER MANCHESTER ICB - 01D,49.0
recovery,2023-04-01,01E,NHS LANCASHIRE AND SOUTH CUMBRIA ICB - 01E,51.0
recovery,2023-04-01,01F,NHS CHESHIRE AND MERSEYSIDE ICB - 01F,51.0
recovery,2023-04-01,01G,NHS GREATER MANCHESTER ICB - 01G,45.0
recovery,2023-04-01,01H,NHS NORTH EAST AND NORTH CUMBRIA ICB - 01H,51.0
recovery,2023-04-01,01J,NHS CHESHIRE AND MERSEYSIDE ICB - 01J,51.0
recovery,2023-04-01,01K,NHS LANCASHIRE AND SOUTH CUMBRIA ICB - 01K,56.0
recovery,2023-04-01,01T,NHS CHESHIRE AND MERSEYSIDE ICB - 01T,51.0
recovery,2023-04-01,01V,NHS CHESHIRE AND MERSEYSIDE ICB - 01V,49.0
recovery,2023-04-01,01W,NHS GREATER MANCHESTER ICB - 01W,53.0
recovery,2023-04-01,01X,NHS CHESHIRE AND MERSEYSIDE ICB - 01X,52.0
recovery,2023-04-01,01Y,NHS GREATER MANCHESTER ICB - 01Y,56.0
recovery,2023-04-01,02A,NHS GREATER MANCHESTER ICB - 02A,52.0
recovery,2023-04-01,02E,NHS CHESHIRE AND MERSEYSIDE ICB - 02E,59.0
recovery,2023-04-01,02G,NHS LANCASHIRE AND SOUTH CUMBRIA ICB - 02G,65.0
recovery,2023-04-01,02H,NHS GREATER MANCHESTER ICB - 02H,45.0
recovery,2023-04-01,02M,NHS LANCASHIRE AND SOUTH CUMBRIA ICB - 02M,53.0
recovery,2023-04-01,02P,NHS SOUTH YORKSHIRE ICB - 02P,50.0
recovery,2023-04-01,02Q,NHS NOTTINGHAM AND NOTTINGHAMSHIRE ICB - 02Q,57.0
recovery,2023-04-01,02T,NHS WEST YORKSHIRE ICB - 02T,55.0
recovery,2023-04-01,02X,NHS SOUTH YORKSHIRE ICB - 02X,44.0
recovery,2023-04-01,02Y,NHS HUMBER AND NORTH YORKSHIRE ICB - 02Y,56.0
recovery,2023-04-01,03F,NHS HUMBER AND NORTH YORKSHIRE ICB - 03F,59.0
recovery,2023-04-01,03K,NHS HUMBER AND NORTH YORKSHIRE ICB - 03K,54.0
recovery,2023-04-01,03L,NHS SOUTH YORKSHIRE ICB - 03L,51.0
recovery,2023-04-01,03N,NHS SOUTH YORKSHIRE ICB - 03N,51.0
recovery,2023-04-01,03Q,NHS HUMBER AND NORTH YORKSHIRE ICB - 03Q,53.0
recovery,2023-04-01,03R,NHS WEST YORKSHIRE ICB - 03R,54.0
recovery,2023-04-01,03W,"NHS LEICESTER, LEICESTERSHIRE AND RUTLAND ICB - 03W",53.0
recovery,2023-04-01,04C,"NHS LEICESTER, LEICESTERSHIRE AND RUTLAND ICB - 04C",45.0
recovery,2023-04-01,04V,"NHS LEICESTER, LEICESTERSHIRE AND RUTLAND ICB - 04V",50.0
recovery,2023-04-01,04Y,NHS STAFFORDSHIRE AND STOKE-ON-TRENT ICB - 04Y,52.0
recovery,2023-04-01,05D,NHS STAFFORDSHIRE AND STOKE-ON-TRENT ICB - 05D,48.0
recovery,2023-04-01,05G,NHS STAFFORDSHIRE AND STOKE-ON-TRENT ICB - 05G,52.0
recovery,2023-04-01,05Q,NHS STAFFORDSHIRE AND STOKE-ON-TRENT ICB - 05Q,59.0
recovery,2023-04-01,05V,NHS STAFFORDSHIRE AND STOKE-ON-TRENT ICB - 05V,53.0
recovery,2023-04-01,05W,NHS STAFFORDSHIRE AND STOKE-ON-TRENT ICB - 05W,55.0
recovery,2023-04-01,06H,NHS CAMBRIDGESHIRE AND PETERBOROUGH ICB - 06H,49.0
recovery,2023-04-01,06K,NHS HERTFORDSHIRE AND WEST ESSEX ICB - 06K,49.0
recovery,2023-04-01,06L,NHS SUFFOLK AND NORTH EAST ESSEX ICB - 06L,53.0
recovery,2023-04-01,06N,NHS HERTFORDSHIRE AND WEST ESSEX ICB - 06N,55.0
recovery,2023-04-01,06Q,NHS MID AND SOUTH ESSEX ICB - 06Q,51.0
recovery,2023-04-01,06T,NHS SUFFOLK AND NORTH EAST ESSEX ICB - 06T,50.0
recovery,2023-04-01,07G,NHS MID AND SOUTH ESSEX ICB - 07G,50.0
recovery,2023-04-01,07H,NHS HERTFORDSHIRE AND WEST ESSEX ICB - 07H,57.0
recovery,2023-04-01,07K,NHS SUFFOLK AND NORTH EAST ESSEX ICB - 07K,55.0
recovery,2023-04-01,09D,NHS SUSSEX ICB - 09D,39.0
recovery,2023-04-01,10Q,"NHS BUCKINGHAMSHIRE, OXFORDSHIRE AND BERKSHIRE WEST ICB - 10Q",44.0
recovery,2023-04-01,10R,NHS HAMPSHIRE AND ISLE OF WIGHT ICB - 10R,52.0
recovery,2023-04-01,11J,NHS DORSET ICB - 11J,52.0
recovery,2023-04-01,11M,NHS GLOUCESTERSHIRE ICB - 11M,50.0
recovery,2023-04-01,11N,NHS CORNWALL AND THE ISLES OF SCILLY ICB - 11N,47.0
recovery,2023-04-01,11X,NHS SOMERSET ICB - 11X,57.0
recovery,2023-04-01,12F,NHS CHESHIRE AND MERSEYSIDE ICB - 12F,45.0
recovery,2023-04-01,13T,NHS NORTH EAST AND NORTH CUMBRIA ICB - 13T,54.0
recovery,2023-04-01,14L,NHS GREATER MANCHESTER ICB - 14L,46.0
recovery,2023-04-01,14R,EAST OF ENGLAND - H&J COMMISSIONING HUB,39.0
recovery,2023-04-01,14Y,"NHS BUCKINGHAMSHIRE, OXFORDSHIRE AND BERKSHIRE WEST ICB - 14Y",57.0
recovery,2023-04-01,15A,"NHS BUCKINGHAMSHIRE, OXFORDSHIRE AND BERKSHIRE WEST ICB - 15A",45.0
recovery,2023-04-01,15C,"NHS BRISTOL, NORTH SOMERSET AND SOUTH GLOUCESTERSHIRE ICB - 15C",50.0
recovery,2023-04-01,15E,NHS BIRMINGHAM AND SOLIHULL ICB - 15E,52.0
recovery,2023-04-01,15F,NHS WEST YORKSHIRE ICB - 15F,45.0
recovery,2023-04-01,15M,NHS DERBY AND DERBYSHIRE ICB - 15M,55.0
recovery,2023-04-01,15N,NHS DEVON ICB - 15N,51.0
recovery,2023-04-01,16C,NHS NORTH EAST AND NORTH CUMBRIA ICB - 16C,50.0
recovery,2023-04-01,18C,NHS HEREFORDSHIRE AND WORCESTERSHIRE ICB - 18C,51.0
recovery,2023-04-01,26A,NHS NORFOLK AND WAVENEY ICB - 26A,54.0
recovery,2023-04-01,27D,NHS CHESHIRE AND MERSEYSIDE ICB - 27D,50.0
recovery,2023-04-01,36J,NHS WEST YORKSHIRE ICB - 36J,55.0
recovery,2023-04-01,36L,NHS SOUTH WEST LONDON ICB - 36L,52.0
recovery,2023-04-01,42D,NHS HUMBER AND NORTH YORKSHIRE ICB - 42D,51.0
recovery,2023-04-01,52R,NHS NOTTINGHAM AND NOTTINGHAMSHIRE ICB - 52R,52.0
recovery,2023-04-01,70F,NHS SUSSEX ICB - 70F,53.0
recovery,2023-04-01,71E,NHS LINCOLNSHIRE ICB - 71E,52.0
recovery,2023-04-01,72Q,NHS SOUTH EAST LONDON ICB - 72Q,49.0
recovery,2023-04-01,78H,NHS NORTHAMPTONSHIRE ICB - 78H,51.0
recovery,2023-04-01,84H,NHS NORTH EAST AND NORTH CUMBRIA ICB - 84H,51.0
recovery,2023-04-01,91Q,NHS KENT AND MEDWAY ICB - 91Q,52.0
recovery,2023-04-01,92A,NHS SURREY HEARTLANDS ICB - 92A,49.0
recovery,2023-04-01,92G,"NHS BATH AND NORTH EAST SOMERSET, SWINDON AND WILTSHIRE ICB - 92G",37.0
recovery,2023-04-01,93C,NHS NORTH CENTRAL LONDON ICB - 93C,47.0
recovery,2023-04-01,97R,NHS SUSSEX ICB - 97R,51.0
recovery,2023-04-01,99A,NHS CHESHIRE AND MERSEYSIDE ICB - 99A,51.0
recovery,2023-04-01,99C,NHS NORTH EAST AND NORTH CUMBRIA ICB - 99C,54.0
recovery,2023-04-01,99E,NHS MID AND SOUTH ESSEX ICB - 99E,61.0
recovery,2023-04-01,99F,NHS MID AND SOUTH ESSEX ICB - 99F,51.0
recovery,2023-04-01,99G,NHS MID AND SOUTH ESSEX ICB - 99G,52.0
recovery,2023-04-01,A3A8R,NHS NORTH EAST LONDON ICB - A3A8R,52.0
recovery,2023-04-01,B2M3M,NHS COVENTRY AND WARWICKSHIRE ICB - B2M3M,47.0
recovery,2023-04-01,D2P2L,NHS BLACK COUNTRY ICB - D2P2L,44.0
recovery,2023-04-01,D4U1Y,NHS FRIMLEY ICB - D4U1Y,48.0
recovery,2023-04-01,D9Y0V,NHS HAMPSHIRE AND ISLE OF WIGHT ICB - D9Y0V,52.0
recovery,2023-04-01,InvalidCode,Unknown,47.0
recovery,2023-04-01,M1J4Y,"NHS BEDFORDSHIRE, LUTON AND MILTON KEYNES ICB - M1J4Y",51.0
recovery,2023-04-01,M2L0M,"NHS SHROPSHIRE, TELFORD AND WREKIN ICB - M2L0M",45.0
recovery,2023-04-01,W2U3Z,NHS NORTH WEST LONDON ICB - W2U3Z,49.0
recovery,2023-04-01,X2C4Y,NHS WEST YORKSHIRE ICB - X2C4Y,53.0
recovery,2023-05-01,00L,NHS NORTH EAST AND NORTH CUMBRIA ICB - 00L,53.0
recovery,2023-05-01,00N,NHS NORTH EAST AND NORTH CUMBRIA ICB - 00N,47.0
recovery,2023-05-01,00P,NHS NORTH EAST AND NORTH CUMBRIA ICB - 00P,56.0
recovery,2023-05-01,00Q,NHS LANCASHIRE AND SOUTH CUMBRIA ICB - 00Q,57.0
recovery,2023-05-01,00R,NHS LANCASHIRE AND SOUTH CUMBRIA ICB - 00R,57.0
recovery,2023-05-01,00T,NHS GREATER MANCHESTER ICB - 00T,46.0
recovery,2023-05-01,00V,NHS GREATER MANCHESTER ICB - 00V,54.0
recovery,2023-05-01,00X,NHS LANCASHIRE AND SOUTH CUMBRIA ICB - 00X,49.0
recovery,2023-05-01,00Y,NHS GREATER MANCHESTER ICB - 00Y,47.0
recovery,2023-05-01,01A,NHS LANCASHIRE AND SOUTH CUMBRIA ICB - 01A,51.0
recovery,2023-05-01,01D,NHS GREATER MANCHESTER ICB - 01D,53.0
recovery,2023-05-01,01E,NHS LANCASHIRE AND SOUTH CUMBRIA ICB - 01E,51.0
recovery,2023-05-01,01F,NHS CHESHIRE AND MERSEYSIDE ICB - 01F,49.0
recovery,2023-05-01,01G,NHS GREATER MANCHESTER ICB - 01G,44.0
recovery,2023-05-01,01H,NHS NORTH EAST AND NORTH CUMBRIA ICB - 01H,50.0
recovery,2023-05-01,01J,NHS CHESHIRE AND MERSEYSIDE ICB - 01J,51.0
recovery,2023-05-01,01K,NHS LANCASHIRE AND SOUTH CUMBRIA ICB - 01K,58.0
recovery,2023-05-01,01T,NHS CHESHIRE AND MERSEYSIDE ICB - 01T,49.0
recovery,2023-05-01,01V,NHS CHESHIRE AND MERSEYSIDE ICB - 01V,53.0
recovery,2023-05-01,01W,NHS GREATER MANCHESTER ICB - 01W,51.0
recovery,2023-05-01,01X,NHS CHESHIRE AND MERSEYSIDE ICB - 01X,53.0
recovery,2023-05-01,01Y,NHS GREATER MANCHESTER ICB - 01Y,50.0
recovery,2023-05-01,02A,NHS GREATER MANCHESTER ICB - 02A,57.0
recovery,2023-05-01,02E,NHS CHESHIRE AND MERSEYSIDE ICB - 02E,50.0
recovery,2023-05-01,02G,NHS LANCASHIRE AND SOUTH CUMBRIA ICB - 02G,61.0
recovery,2023-05-01,02H,NHS GREATER MANCHESTER ICB - 02H,45.0
recovery,2023-05-01,02M,NHS LANCASHIRE AND SOUTH CUMBRIA ICB - 02M,49.0
recovery,2023-05-01,02P,NHS SOUTH YORKSHIRE ICB - 02P,54.0
recovery,2023-05-01,02Q,NHS NOTTINGHAM AND NOTTINGHAMSHIRE ICB - 02Q,48.0
recovery,2023-05-01,02T,NHS WEST YORKSHIRE ICB - 02T,54.0
recovery,2023-05-01,02X,NHS SOUTH YORKSHIRE ICB - 02X,45.0
recovery,2023-05-01,02Y,NHS HUMBER AND NORTH YORKSHIRE ICB - 02Y,63.0
recovery,2023-05-01,03F,NHS HUMBER AND NORTH YORKSHIRE ICB - 03F,58.0
recovery,2023-05-01,03H,NHS HUMBER AND NORTH YORKSHIRE ICB - 03H,43.0
recovery,2023-05-01,03K,NHS HUMBER AND NORTH YORKSHIRE ICB - 03K,52.0
recovery,2023-05-01,03L,NHS SOUTH YORKSHIRE ICB - 03L,48.0
recovery,2023-05-01,03N,NHS SOUTH YORKSHIRE ICB - 03N,51.0
recovery,2023-05-01,03Q,NHS HUMBER AND NORTH YORKSHIRE ICB - 03Q,56.0
recovery,2023-05-01,03R,NHS WEST YORKSHIRE ICB - 03R,53.0
recovery,2023-05-01,03W,"NHS LEICESTER, LEICESTERSHIRE AND RUTLAND ICB - 03W",53.0
recovery,2023-05-01,04C,"NHS LEICESTER, LEICESTERSHIRE AND RUTLAND ICB - 04C",48.0
recovery,2023-05-01,04V,"NHS LEICESTER, LEICESTERSHIRE AND RUTLAND ICB - 04V",49.0
recovery,2023-05-01,04Y,NHS STAFFORDSHIRE AND STOKE-ON-TRENT ICB - 04Y,50.0
recovery,2023-05-01,05D,NHS STAFFORDSHIRE AND STOKE-ON-TRENT ICB - 05D,56.0
recovery,2023-05-01,05G,NHS STAFFORDSHIRE AND STOKE-ON-TRENT ICB - 05G,60.0
recovery,2023-05-01,05Q,NHS STAFFORDSHIRE AND STOKE-ON-TRENT ICB - 05Q,65.0
recovery,2023-05-01,05V,NHS STAFFORDSHIRE AND STOKE-ON-TRENT ICB - 05V,53.0
recovery,2023-05-01,05W,NHS STAFFORDSHIRE AND STOKE-ON-TRENT ICB - 05W,54.0
recovery,2023-05-01,06H,NHS CAMBRIDGESHIRE AND PETERBOROUGH ICB - 06H,50.0
recovery,2023-05-01,06K,NHS HERTFORDSHIRE AND WEST ESSEX ICB - 06K,49.0
recovery,2023-05-01,06L,NHS SUFFOLK AND NORTH EAST ESSEX ICB - 06L,51.0
recovery,2023-05-01,06N,NHS HERTFORDSHIRE AND WEST ESSEX ICB - 06N,52.0
recovery,2023-05-01,06Q,NHS MID AND SOUTH ESSEX ICB - 06Q,50.0
recovery,2023-05-01,06T,NHS SUFFOLK AND NORTH EAST ESSEX ICB - 06T,55.0
recovery,2023-05-01,07G,NHS MID AND SOUTH ESSEX ICB - 07G,56.0
recovery,2023-05-01,07H,NHS HERTFORDSHIRE AND WEST ESSEX ICB - 07H,57.0
recovery,2023-05-01,07K,NHS SUFFOLK AND NORTH EAST ESSEX ICB - 07K,54.0
recovery,2023-05-01,09D,NHS SUSSEX ICB - 09D,46.0
recovery,2023-05-01,10Q,"NHS BUCKINGHAMSHIRE, OXFORDSHIRE AND BERKSHIRE WEST ICB - 10Q",51.0
recovery,2023-05-01,10R,NHS HAMPSHIRE AND ISLE OF WIGHT ICB - 10R,48.0
recovery,2023-05-01,11J,NHS DORSET ICB - 11J,48.0
recovery,2023-05-01,11M,NHS GLOUCESTERSHIRE ICB - 11M,52.0
recovery,2023-05-01,11N,NHS CORNWALL AND THE ISLES OF SCILLY ICB - 11N,45.0
recovery,2023-05-01,11X,NHS SOMERSET ICB - 11X,57.0
recovery,2023-05-01,12F,NHS CHESHIRE AND MERSEYSIDE ICB - 12F,51.0
recovery,2023-05-01,13Q,NATIONAL COMMISSIONING HUB 1,42.0
recovery,2023-05-01,13T,NHS NORTH EAST AND NORTH CUMBRIA ICB - 13T,50.0
recovery,2023-05-01,14L,NHS GREATER MANCHESTER ICB - 14L,47.0
recovery,2023-05-01,14R,EAST OF ENGLAND - H&J COMMISSIONING HUB,54.0
recovery,2023-05-01,14Y,"NHS BUCKINGHAMSHIRE, OXFORDSHIRE AND BERKSHIRE WEST ICB - 14Y",52.0
recovery,2023-05-01,15A,"NHS BUCKINGHAMSHIRE, OXFORDSHIRE AND BERKSHIRE WEST ICB - 15A",45.0
recovery,2023-05-01,15C,"NHS BRISTOL, NORTH SOMERSET AND SOUTH GLOUCESTERSHIRE ICB - 15C",48.0
recovery,2023-05-01,15E,NHS BIRMINGHAM AND SOLIHULL ICB - 15E,49.0
recovery,2023-05-01,15F,NHS WEST YORKSHIRE ICB - 15F,45.0
recovery,2023-05-01,15M,NHS DERBY AND DERBYSHIRE ICB - 15M,53.0
recovery,2023-05-01,15N,NHS DEVON ICB - 15N,52.0
recovery,2023-05-01,16C,NHS NORTH EAST AND NORTH CUMBRIA ICB - 16C,52.0
recovery,2023-05-01,18C,NHS HEREFORDSHIRE AND WORCESTERSHIRE ICB - 18C,53.0
recovery,2023-05-01,26A,NHS NORFOLK AND WAVENEY ICB - 26A,52.0
recovery,2023-05-01,27D,NHS CHESHIRE AND MERSEYSIDE ICB - 27D,56.0
recovery,2023-05-01,36J,NHS WEST YORKSHIRE ICB - 36J,51.0
recovery,2023-05-01,36L,NHS SOUTH WEST LONDON ICB - 36L,52.0
recovery,2023-05-01,42D,NHS HUMBER AND NORTH YORKSHIRE ICB - 42D,52.0
recovery,2023-05-01,52R,NHS NOTTINGHAM AND NOTTINGHAMSHIRE ICB - 52R,42.0
recovery,2023-05-01,70F,NHS SUSSEX ICB - 70F,54.0
recovery,2023-05-01,71E,NHS LINCOLNSHIRE ICB - 71E,50.0
recovery,2023-05-01,72Q,NHS SOUTH EAST LONDON ICB - 72Q,49.0
recovery,2023-05-01,78H,NHS NORTHAMPTONSHIRE ICB - 78H,50.0
recovery,2023-05-01,84H,NHS NORTH EAST AND NORTH CUMBRIA ICB - 84H,50.0
recovery,2023-05-01,91Q,NHS KENT AND MEDWAY ICB - 91Q,48.0
recovery,2023-05-01,92A,NHS SURREY HEARTLANDS ICB - 92A,49.0
recovery,2023-05-01,92G,"NHS BATH AND NORTH EAST SOMERSET, SWINDON AND WILTSHIRE ICB - 92G",39.0
recovery,2023-05-01,93C,NHS NORTH CENTRAL LONDON ICB - 93C,51.0
recovery,2023-05-01,97R,NHS SUSSEX ICB - 97R,50.0
recovery,2023-05-01,99A,NHS CHESHIRE AND MERSEYSIDE ICB - 99A,50.0
recovery,2023-05-01,99C,NHS NORTH EAST AND NORTH CUMBRIA ICB - 99C,54.0
recovery,2023-05-01,99E,NHS MID AND SOUTH ESSEX ICB - 99E,58.0
recovery,2023-05-01,99F,NHS MID AND SOUTH ESSEX ICB - 99F,52.0
recovery,2023-05-01,99G,NHS MID AND SOUTH ESSEX ICB - 99G,54.0
recovery,2023-05-01,A3A8R,NHS NORTH EAST LONDON ICB - A3A8R,51.0
recovery,2023-05-01,B2M3M,NHS COVENTRY AND WARWICKSHIRE ICB - B2M3M,48.0
recovery,2023-05-01,D2P2L,NHS BLACK COUNTRY ICB - D2P2L,50.0
recovery,2023-05-01,D4U1Y,NHS FRIMLEY ICB - D4U1Y,49.0
recovery,2023-05-01,D9Y0V,NHS HAMPSHIRE AND ISLE OF WIGHT ICB - D9Y0V,52.0
recovery,2023-05-01,InvalidCode,Unknown,38.0
recovery,2023-05-01,M1J4Y,"NHS BEDFORDSHIRE, LUTON AND MILTON KEYNES ICB - M1J4Y",48.0
recovery,2023-05-01,M2L0M,"NHS SHROPSHIRE, TELFORD AND WREKIN ICB - M2L0M",52.0
recovery,2023-05-01,W2U3Z,NHS NORTH WEST LONDON ICB - W2U3Z,50.0
recovery,2023-05-01,X2C4Y,NHS WEST YORKSHIRE ICB - X2C4Y,53.0
recovery,2023-06-01,00L,NHS NORTH EAST AND NORTH CUMBRIA ICB - 00L,55.0
recovery,2023-06-01,00N,NHS NORTH EAST AND NORTH CUMBRIA ICB - 00N,56.0
recovery,2023-06-01,00P,NHS NORTH EAST AND NORTH CUMBRIA ICB - 00P,52.0
recovery,2023-06-01,00Q,NHS LANCASHIRE AND SOUTH CUMBRIA ICB - 00Q,55.0
recovery,2023-06-01,00R,NHS LANCASHIRE AND SOUTH CUMBRIA ICB - 00R,59.0
recovery,2023-06-01,00T,NHS GREATER MANCHESTER ICB - 00T,47.0
recovery,2023-06-01,00V,NHS GREATER MANCHESTER ICB - 00V,55.0
recovery,2023-06-01,00X,NHS LANCASHIRE AND SOUTH CUMBRIA ICB - 00X,54.0
recovery,2023-06-01,00Y,NHS GREATER MANCHESTER ICB - 00Y,50.0
recovery,2023-06-01,01A,NHS LANCASHIRE AND SOUTH CUMBRIA ICB - 01A,60.0
recovery,2023-06-01,01D,NHS GREATER MANCHESTER ICB - 01D,51.0
recovery,2023-06-01,01E,NHS LANCASHIRE AND SOUTH CUMBRIA ICB - 01E,44.0
recovery,2023-06-01,01F,NHS CHESHIRE AND MERSEYSIDE ICB - 01F,52.0
recovery,2023-06-01,01G,NHS GREATER MANCHESTER ICB - 01G,40.0
recovery,2023-06-01,01H,NHS NORTH EAST AND NORTH CUMBRIA ICB - 01H,48.0
recovery,2023-06-01,01J,NHS CHESHIRE AND MERSEYSIDE ICB - 01J,51.0
recovery,2023-06-01,01K,NHS LANCASHIRE AND SOUTH CUMBRIA ICB - 01K,55.0
recovery,2023-06-01,01T,NHS CHESHIRE AND MERSEYSIDE ICB - 01T,50.0
recovery,2023-06-01,01V,NHS CHESHIRE AND MERSEYSIDE ICB - 01V,59.0
recovery,2023-06-01,01W,NHS GREATER MANCHESTER ICB - 01W,52.0
recovery,2023-06-01,01X,NHS CHESHIRE AND MERSEYSIDE ICB - 01X,51.0
recovery,2023-06-01,01Y,NHS GREATER MANCHESTER ICB - 01Y,52.0
recovery,2023-06-01,02A,NHS GREATER MANCHESTER ICB - 02A,58.0
recovery,2023-06-01,02E,NHS CHESHIRE AND MERSEYSIDE ICB - 02E,55.0
recovery,2023-06-01,02G,NHS LANCASHIRE AND SOUTH CUMBRIA ICB - 02G,66.0
recovery,2023-06-01,02H,NHS GREATER MANCHESTER ICB - 02H,38.0
recovery,2023-06-01,02M,NHS LANCASHIRE AND SOUTH CUMBRIA ICB - 02M,56.0
recovery,2023-06-01,02P,NHS SOUTH YORKSHIRE ICB - 02P,52.0
recovery,2023-06-01,02Q,NHS NOTTINGHAM AND NOTTINGHAMSHIRE ICB - 02Q,52.0
recovery,2023-06-01,02T,NHS WEST YORKSHIRE ICB - 02T,53.0
recovery,2023-06-01,02X,NHS SOUTH YORKSHIRE ICB - 02X,49.0
recovery,2023-06-01,02Y,NHS HUMBER AND NORTH YORKSHIRE ICB - 02Y,58.0
recovery,2023-06-01,03F,NHS HUMBER AND NORTH YORKSHIRE ICB - 03F,58.0
recovery,2023-06-01,03H,NHS HUMBER AND NORTH YORKSHIRE ICB - 03H,47.0
recovery,2023-06-01,03K,NHS HUMBER AND NORTH YORKSHIRE ICB - 03K,49.0
recovery,2023-06-01,03L,NHS SOUTH YORKSHIRE ICB - 03L,46.0
recovery,2023-06-01,03N,NHS SOUTH YORKSHIRE ICB - 03N,51.0
recovery,2023-06-01,03Q,NHS HUMBER AND NORTH YORKSHIRE ICB - 03Q,52.0
recovery,2023-06-01,03R,NHS WEST YORKSHIRE ICB - 03R,54.0
recovery,2023-06-01,03W,"NHS LEICESTER, LEICESTERSHIRE AND RUTLAND ICB - 03W",49.0
recovery,2023-06-01,04C,"NHS LEICESTER, LEICESTERSHIRE AND RUTLAND ICB - 04C",45.0
recovery,2023-06-01,04V,"NHS LEICESTER, LEICESTERSHIRE AND RUTLAND ICB - 04V",51.0
recovery,2023-06-01,04Y,NHS STAFFORDSHIRE AND STOKE-ON-TRENT ICB - 04Y,57.0
recovery,2023-06-01,05D,NHS STAFFORDSHIRE AND STOKE-ON-TRENT ICB - 05D,51.0
recovery,2023-06-01,05G,NHS STAFFORDSHIRE AND STOKE-ON-TRENT ICB - 05G,56.0
recovery,2023-06-01,05Q,NHS STAFFORDSHIRE AND STOKE-ON-TRENT ICB - 05Q,52.0
recovery,2023-06-01,05V,NHS STAFFORDSHIRE AND STOKE-ON-TRENT ICB - 05V,54.0
recovery,2023-06-01,05W,NHS STAFFORDSHIRE AND STOKE-ON-TRENT ICB - 05W,53.0
recovery,2023-06-01,06H,NHS CAMBRIDGESHIRE AND PETERBOROUGH ICB - 06H,50.0
recovery,2023-06-01,06K,NHS HERTFORDSHIRE AND WEST ESSEX ICB - 06K,51.0
recovery,2023-06-01,06L,NHS SUFFOLK AND NORTH EAST ESSEX ICB - 06L,53.0
recovery,2023-06-01,06N,NHS HERTFORDSHIRE AND WEST ESSEX ICB - 06N,54.0
recovery,2023-06-01,06Q,NHS MID AND SOUTH ESSEX ICB - 06Q,52.0
recovery,2023-06-01,06T,NHS SUFFOLK AND NORTH EAST ESSEX ICB - 06T,52.0
recovery,2023-06-01,07G,NHS MID AND SOUTH ESSEX ICB - 07G,50.0
recovery,2023-06-01,07H,NHS HERTFORDSHIRE AND WEST ESSEX ICB - 07H,60.0
recovery,2023-06-01,07K,NHS SUFFOLK AND NORTH EAST ESSEX ICB - 07K,53.0
recovery,2023-06-01,09D,NHS SUSSEX ICB - 09D,48.0
recovery,2023-06-01,10Q,"NHS BUCKINGHAMSHIRE, OXFORDSHIRE AND BERKSHIRE WEST ICB - 10Q",49.0
recovery,2023-06-01,10R,NHS HAMPSHIRE AND ISLE OF WIGHT ICB - 10R,49.0
recovery,2023-06-01,11J,NHS DORSET ICB - 11J,50.0
recovery,2023-06-01,11M,NHS GLOUCESTERSHIRE ICB - 11M,56.0
recovery,2023-06-01,11N,NHS CORNWALL AND THE ISLES OF SCILLY ICB - 11N,45.0
recovery,2023-06-01,11X,NHS SOMERSET ICB - 11X,56.0
recovery,2023-06-01,12F,NHS CHESHIRE AND MERSEYSIDE ICB - 12F,50.0
recovery,2023-06-01,13Q,NATIONAL COMMISSIONING HUB 1,54.0
recovery,2023-06-01,13T,NHS NORTH EAST AND NORTH CUMBRIA ICB - 13T,53.0
recovery,2023-06-01,14L,NHS GREATER MANCHESTER ICB - 14L,47.0
recovery,2023-06-01,14R,EAST OF ENGLAND - H&J COMMISSIONING HUB,46.0
recovery,2023-06-01,14Y,"NHS BUCKINGHAMSHIRE, OXFORDSHIRE AND BERKSHIRE WEST ICB - 14Y",55.0
recovery,2023-06-01,15A,"NHS BUCKINGHAMSHIRE, OXFORDSHIRE AND BERKSHIRE WEST ICB - 15A",41.0
recovery,2023-06-01,15C,"NHS BRISTOL, NORTH SOMERSET AND SOUTH GLOUCESTERSHIRE ICB - 15C",51.0
recovery,2023-06-01,15E,NHS BIRMINGHAM AND SOLIHULL ICB - 15E,51.0
recovery,2023-06-01,15F,NHS WEST YORKSHIRE ICB - 15F,43.0
recovery,2023-06-01,15M,NHS DERBY AND DERBYSHIRE ICB - 15M,55.0
recovery,2023-06-01,15N,NHS DEVON ICB - 15N,55.0
recovery,2023-06-01,16C,NHS NORTH EAST AND NORTH CUMBRIA ICB - 16C,55.0
recovery,2023-06-01,18C,NHS HEREFORDSHIRE AND WORCESTERSHIRE ICB - 18C,48.0
recovery,2023-06-01,26A,NHS NORFOLK AND WAVENEY ICB - 26A,53.0
recovery,2023-06-01,27D,NHS CHESHIRE AND MERSEYSIDE ICB - 27D,51.0
recovery,2023-06-01,36J,NHS WEST YORKSHIRE ICB - 36J,51.0
recovery,2023-06-01,36L,NHS SOUTH WEST LONDON ICB - 36L,54.0
recovery,2023-06-01,42D,NHS HUMBER AND NORTH YORKSHIRE ICB - 42D,52.0
recovery,2023-06-01,52R,NHS NOTTINGHAM AND NOTTINGHAMSHIRE ICB - 52R,47.0
recovery,2023-06-01,70F,NHS SUSSEX ICB - 70F,52.0
recovery,2023-06-01,71E,NHS LINCOLNSHIRE ICB - 71E,51.0
recovery,2023-06-01,72Q,NHS SOUTH EAST LONDON ICB - 72Q,50.0
recovery,2023-06-01,78H,NHS NORTHAMPTONSHIRE ICB - 78H,50.0
recovery,2023-06-01,84H,NHS NORTH EAST AND NORTH CUMBRIA ICB - 84H,54.0
recovery,2023-06-01,91Q,NHS KENT AND MEDWAY ICB - 91Q,45.0
recovery,2023-06-01,92A,NHS SURREY HEARTLANDS ICB - 92A,52.0
recovery,2023-06-01,92G,"NHS BATH AND NORTH EAST SOMERSET, SWINDON AND WILTSHIRE ICB - 92G",42.0
recovery,2023-06-01,93C,NHS NORTH CENTRAL LONDON ICB - 93C,49.0
recovery,2023-06-01,97R,NHS SUSSEX ICB - 97R,52.0
recovery,2023-06-01,99A,NHS CHESHIRE AND MERSEYSIDE ICB - 99A,50.0
recovery,2023-06-01,99C,NHS NORTH EAST AND NORTH CUMBRIA ICB - 99C,55.0
recovery,2023-06-01,99E,NHS MID AND SOUTH ESSEX ICB - 99E,59.0
recovery,2023-06-01,99F,NHS MID AND SOUTH ESSEX ICB - 99F,52.0
recovery,2023-06-01,99G,NHS MID AND SOUTH ESSEX ICB - 99G,53.0
recovery,2023-06-01,A3A8R,NHS NORTH EAST LONDON ICB - A3A8R,50.0
recovery,2023-06-01,B2M3M,NHS COVENTRY AND WARWICKSHIRE ICB - B2M3M,48.0
recovery,2023-06-01,D2P2L,NHS BLACK COUNTRY ICB - D2P2L,45.0
recovery,2023-06-01,D4U1Y,NHS FRIMLEY ICB - D4U1Y,49.0
recovery,2023-06-01,D9Y0V,NHS HAMPSHIRE AND ISLE OF WIGHT ICB - D9Y0V,54.0
recovery,2023-06-01,InvalidCode,Unknown,32.0
recovery,2023-06-01,M1J4Y,"NHS BEDFORDSHIRE, LUTON AND MILTON KEYNES ICB - M1J4Y",49.0
recovery,2023-06-01,M2L0M,"NHS SHROPSHIRE, TELFORD AND WREKIN ICB - M2L0M",41.0
recovery,2023-06-01,W2U3Z,NHS NORTH WEST LONDON ICB - W2U3Z,47.0
recovery,2023-06-01,X2C4Y,NHS WEST YORKSHIRE ICB - X2C4Y,52.0
recovery,2023-07-01,00L,NHS NORTH EAST AND NORTH CUMBRIA ICB - 00L,51.0
recovery,2023-07-01,00N,NHS NORTH EAST AND NORTH CUMBRIA ICB - 00N,51.0
recovery,2023-07-01,00P,NHS NORTH EAST AND NORTH CUMBRIA ICB - 00P,58.0
recovery,2023-07-01,00Q,NHS LANCASHIRE AND SOUTH CUMBRIA ICB - 00Q,49.0
recovery,2023-07-01,00R,NHS LANCASHIRE AND SOUTH CUMBRIA ICB - 00R,50.0
recovery,2023-07-01,00T,NHS GREATER MANCHESTER ICB - 00T,47.0
recovery,2023-07-01,00V,NHS GREATER MANCHESTER ICB - 00V,49.0
recovery,2023-07-01,00X,NHS LANCASHIRE AND SOUTH CUMBRIA ICB - 00X,38.0
recovery,2023-07-01,00Y,NHS GREATER MANCHESTER ICB - 00Y,42.0
recovery,2023-07-01,01A,NHS LANCASHIRE AND SOUTH CUMBRIA ICB - 01A,53.0
recovery,2023-07-01,01D,NHS GREATER MANCHESTER ICB - 01D,50.0
recovery,2023-07-01,01E,NHS LANCASHIRE AND SOUTH CUMBRIA ICB - 01E,52.0
recovery,2023-07-01,01F,NHS CHESHIRE AND MERSEYSIDE ICB - 01F,52.0
recovery,2023-07-01,01G,NHS GREATER MANCHESTER ICB - 01G,41.0
recovery,2023-07-01,01H,NHS NORTH EAST AND NORTH CUMBRIA ICB - 01H,42.0
recovery,2023-07-01,01J,NHS CHESHIRE AND MERSEYSIDE ICB - 01J,51.0
recovery,2023-07-01,01K,NHS LANCASHIRE AND SOUTH CUMBRIA ICB - 01K,51.0
recovery,2023-07-01,01T,NHS CHESHIRE AND MERSEYSIDE ICB - 01T,42.0
recovery,2023-07-01,01V,NHS CHESHIRE AND MERSEYSIDE ICB - 01V,61.0
recovery,2023-07-01,01W,NHS GREATER MANCHESTER ICB - 01W,51.0
recovery,2023-07-01,01X,NHS CHESHIRE AND MERSEYSIDE ICB - 01X,50.0
recovery,2023-07-01,01Y,NHS GREATER MANCHESTER ICB - 01Y,52.0
recovery,2023-07-01,02A,NHS GREATER MANCHESTER ICB - 02A,56.0
recovery,2023-07-01,02E,NHS CHESHIRE AND MERSEYSIDE ICB - 02E,52.0
recovery,2023-07-01,02G,NHS LANCASHIRE AND SOUTH CUMBRIA ICB - 02G,60.0
recovery,2023-07-01,02H,NHS GREATER MANCHESTER ICB - 02H,41.0
recovery,2023-07-01,02M,NHS LANCASHIRE AND SOUTH CUMBRIA ICB - 02M,48.0
recovery,2023-07-01,02P,NHS SOUTH YORKSHIRE ICB - 02P,49.0
recovery,2023-07-01,02Q,NHS NOTTINGHAM AND NOTTINGHAMSHIRE ICB - 02Q,61.0
recovery,2023-07-01,02T,NHS WEST YORKSHIRE ICB - 02T,41.0
recovery,2023-07-01,02X,NHS SOUTH YORKSHIRE ICB - 02X,46.0
recovery,2023-07-01,02Y,NHS HUMBER AND NORTH YORKSHIRE ICB - 02Y,59.0
recovery,2023-07-01,03F,NHS HUMBER AND NORTH YORKSHIRE ICB - 03F,57.0
recovery,2023-07-01,03H,NHS HUMBER AND NORTH YORKSHIRE ICB - 03H,37.0
recovery,2023-07-01,03K,NHS HUMBER AND NORTH YORKSHIRE ICB - 03K,51.0
recovery,2023-07-01,03L,NHS SOUTH YORKSHIRE ICB - 03L,45.0
recovery,2023-07-01,03N,NHS SOUTH YORKSHIRE ICB - 03N,51.0
recovery,2023-07-01,03Q,NHS HUMBER AND NORTH YORKSHIRE ICB - 03Q,58.0
recovery,2023-07-01,03R,NHS WEST YORKSHIRE ICB - 03R,53.0
recovery,2023-07-01,03W,"NHS LEICESTER, LEICESTERSHIRE AND RUTLAND ICB - 03W",55.0
recovery,2023-07-01,04C,"NHS LEICESTER, LEICESTERSHIRE AND RUTLAND ICB - 04C",41.0
recovery,2023-07-01,04V,"NHS LEICESTER, LEICESTERSHIRE AND RUTLAND ICB - 04V",52.0
recovery,2023-07-01,04Y,NHS STAFFORDSHIRE AND STOKE-ON-TRENT ICB - 04Y,47.0
recovery,2023-07-01,05D,NHS STAFFORDSHIRE AND STOKE-ON-TRENT ICB - 05D,58.0
recovery,2023-07-01,05G,NHS STAFFORDSHIRE AND STOKE-ON-TRENT ICB - 05G,55.0
recovery,2023-07-01,05Q,NHS STAFFORDSHIRE AND STOKE-ON-TRENT ICB - 05Q,58.0
recovery,2023-07-01,05V,NHS STAFFORDSHIRE AND STOKE-ON-TRENT ICB - 05V,49.0
recovery,2023-07-01,05W,NHS STAFFORDSHIRE AND STOKE-ON-TRENT ICB - 05W,60.0
recovery,2023-07-01,06H,NHS CAMBRIDGESHIRE AND PETERBOROUGH ICB - 06H,50.0
recovery,2023-07-01,06K,NHS HERTFORDSHIRE AND WEST ESSEX ICB - 06K,43.0
recovery,2023-07-01,06L,NHS SUFFOLK AND NORTH EAST ESSEX ICB - 06L,54.0
recovery,2023-07-01,06N,NHS HERTFORDSHIRE AND WEST ESSEX ICB - 06N,54.0
recovery,2023-07-01,06Q,NHS MID AND SOUTH ESSEX ICB - 06Q,51.0
recovery,2023-07-01,06T,NHS SUFFOLK AND NORTH EAST ESSEX ICB - 06T,52.0
recovery,2023-07-01,07G,NHS MID AND SOUTH ESSEX ICB - 07G,53.0
recovery,2023-07-01,07H,NHS HERTFORDSHIRE AND WEST ESSEX ICB - 07H,55.0
recovery,2023-07-01,07K,NHS SUFFOLK AND NORTH EAST ESSEX ICB - 07K,53.0
recovery,2023-07-01,09D,NHS SUSSEX ICB - 09D,48.0
recovery,2023-07-01,10Q,"NHS BUCKINGHAMSHIRE, OXFORDSHIRE AND BERKSHIRE WEST ICB - 10Q",51.0
recovery,2023-07-01,10R,NHS HAMPSHIRE AND ISLE OF WIGHT ICB - 10R,50.0
recovery,2023-07-01,11J,NHS DORSET ICB - 11J,47.0
recovery,2023-07-01,11M,NHS GLOUCESTERSHIRE ICB - 11M,53.0
recovery,2023-07-01,11N,NHS CORNWALL AND THE ISLES OF SCILLY ICB - 11N,43.0
recovery,2023-07-01,11X,NHS SOMERSET ICB - 11X,59.0
recovery,2023-07-01,12F,NHS CHESHIRE AND MERSEYSIDE ICB - 12F,52.0
recovery,2023-07-01,13Q,NATIONAL COMMISSIONING HUB 1,63.0
recovery,2023-07-01,13T,NHS NORTH EAST AND NORTH CUMBRIA ICB - 13T,49.0
recovery,2023-07-01,14L,NHS GREATER MANCHESTER ICB - 14L,50.0
recovery,2023-07-01,14R,EAST OF ENGLAND - H&J COMMISSIONING HUB,48.0
recovery,2023-07-01,14Y,"NHS BUCKINGHAMSHIRE, OXFORDSHIRE AND BERKSHIRE WEST ICB - 14Y",53.0
recovery,2023-07-01,15A,"NHS BUCKINGHAMSHIRE, OXFORDSHIRE AND BERKSHIRE WEST ICB - 15A",48.0
recovery,2023-07-01,15C,"NHS BRISTOL, NORTH SOMERSET AND SOUTH GLOUCESTERSHIRE ICB - 15C",55.0
recovery,2023-07-01,15E,NHS BIRMINGHAM AND SOLIHULL ICB - 15E,51.0
recovery,2023-07-01,15F,NHS WEST YORKSHIRE ICB - 15F,51.0
recovery,2023-07-01,15M,NHS DERBY AND DERBYSHIRE ICB - 15M,52.0
recovery,2023-07-01,15N,NHS DEVON ICB - 15N,53.0
recovery,2023-07-01,16C,NHS NORTH EAST AND NORTH CUMBRIA ICB - 16C,53.0
recovery,2023-07-01,18C,NHS HEREFORDSHIRE AND WORCESTERSHIRE ICB - 18C,57.0
recovery,2023-07-01,26A,NHS NORFOLK AND WAVENEY ICB - 26A,50.0
recovery,2023-07-01,27D,NHS CHESHIRE AND MERSEYSIDE ICB - 27D,47.0
recovery,2023-07-01,36J,NHS WEST YORKSHIRE ICB - 36J,49.0
recovery,2023-07-01,36L,NHS SOUTH WEST LONDON ICB - 36L,52.0
recovery,2023-07-01,42D,NHS HUMBER AND NORTH YORKSHIRE ICB - 42D,52.0
recovery,2023-07-01,52R,NHS NOTTINGHAM AND NOTTINGHAMSHIRE ICB - 52R,48.0
recovery,2023-07-01,70F,NHS SUSSEX ICB - 70F,54.0
recovery,2023-07-01,71E,NHS LINCOLNSHIRE ICB - 71E,47.0
recovery,2023-07-01,72Q,NHS SOUTH EAST LONDON ICB - 72Q,50.0
recovery,2023-07-01,78H,NHS NORTHAMPTONSHIRE ICB - 78H,49.0
recovery,2023-07-01,84H,NHS NORTH EAST AND NORTH CUMBRIA ICB - 84H,51.0
recovery,2023-07-01,91Q,NHS KENT AND MEDWAY ICB - 91Q,50.0
recovery,2023-07-01,92A,NHS SURREY HEARTLANDS ICB - 92A,50.0
recovery,2023-07-01,92G,"NHS BATH AND NORTH EAST SOMERSET, SWINDON AND WILTSHIRE ICB - 92G",44.0
recovery,2023-07-01,93C,NHS NORTH CENTRAL LONDON ICB - 93C,47.0
recovery,2023-07-01,97R,NHS SUSSEX ICB - 97R,50.0
recovery,2023-07-01,99A,NHS CHESHIRE AND MERSEYSIDE ICB - 99A,49.0
recovery,2023-07-01,99C,NHS NORTH EAST AND NORTH CUMBRIA ICB - 99C,58.0
recovery,2023-07-01,99E,NHS MID AND SOUTH ESSEX ICB - 99E,57.0
recovery,2023-07-01,99F,NHS MID AND SOUTH ESSEX ICB - 99F,52.0
recovery,2023-07-01,99G,NHS MID AND SOUTH ESSEX ICB - 99G,53.0
recovery,2023-07-01,A3A8R,NHS NORTH EAST LONDON ICB - A3A8R,50.0
recovery,2023-07-01,B2M3M,NHS COVENTRY AND WARWICKSHIRE ICB - B2M3M,48.0
recovery,2023-07-01,D2P2L,NHS BLACK COUNTRY ICB - D2P2L,49.0
recovery,2023-07-01,D4U1Y,NHS FRIMLEY ICB - D4U1Y,53.0
recovery,2023-07-01,D9Y0V,NHS HAMPSHIRE AND ISLE OF WIGHT ICB - D9Y0V,50.0
recovery,2023-07-01,InvalidCode,Unknown,45.0
recovery,2023-07-01,M1J4Y,"NHS BEDFORDSHIRE, LUTON AND MILTON KEYNES ICB - M1J4Y",48.0
recovery,2023-07-01,M2L0M,"NHS SHROPSHIRE, TELFORD AND WREKIN ICB - M2L0M",44.0
recovery,2023-07-01,W2U3Z,NHS NORTH WEST LONDON ICB - W2U3Z,48.0
recovery,2023-07-01,X2C4Y,NHS WEST YORKSHIRE ICB - X2C4Y,53.0
recovery,2023-08-01,00L,NHS NORTH EAST AND NORTH CUMBRIA ICB - 00L,54.0
recovery,2023-08-01,00N,NHS NORTH EAST AND NORTH CUMBRIA ICB - 00N,59.0
recovery,2023-08-01,00P,NHS NORTH EAST AND NORTH CUMBRIA ICB - 00P,49.0
recovery,2023-08-01,00Q,NHS LANCASHIRE AND SOUTH CUMBRIA ICB - 00Q,53.0
recovery,2023-08-01,00R,NHS LANCASHIRE AND SOUTH CUMBRIA ICB - 00R,52.0
recovery,2023-08-01,00T,NHS GREATER MANCHESTER ICB - 00T,47.0
recovery,2023-08-01,00V,NHS GREATER MANCHESTER ICB - 00V,47.0
recovery,2023-08-01,00X,NHS LANCASHIRE AND SOUTH CUMBRIA ICB - 00X,47.0
recovery,2023-08-01,00Y,NHS GREATER MANCHESTER ICB - 00Y,50.0
recovery,2023-08-01,01A,NHS LANCASHIRE AND SOUTH CUMBRIA ICB - 01A,52.0
recovery,2023-08-01,01D,NHS GREATER MANCHESTER ICB - 01D,47.0
recovery,2023-08-01,01E,NHS LANCASHIRE AND SOUTH CUMBRIA ICB - 01E,47.0
recovery,2023-08-01,01F,NHS CHESHIRE AND MERSEYSIDE ICB - 01F,43.0
recovery,2023-08-01,01G,NHS GREATER MANCHESTER ICB - 01G,41.0
recovery,2023-08-01,01H,NHS NORTH EAST AND NORTH CUMBRIA ICB - 01H,48.0
recovery,2023-08-01,01J,NHS CHESHIRE AND MERSEYSIDE ICB - 01J,50.0
recovery,2023-08-01,01K,NHS LANCASHIRE AND SOUTH CUMBRIA ICB - 01K,51.0
recovery,2023-08-01,01T,NHS CHESHIRE AND MERSEYSIDE ICB - 01T,53.0
recovery,2023-08-01,01V,NHS CHESHIRE AND MERSEYSIDE ICB - 01V,59.0
recovery,2023-08-01,01W,NHS GREATER MANCHESTER ICB - 01W,54.0
recovery,2023-08-01,01X,NHS CHESHIRE AND MERSEYSIDE ICB - 01X,52.0
recovery,2023-08-01,01Y,NHS GREATER MANCHESTER ICB - 01Y,53.0
recovery,2023-08-01,02A,NHS GREATER MANCHESTER ICB - 02A,56.0
recovery,2023-08-01,02E,NHS CHESHIRE AND MERSEYSIDE ICB - 02E,54.0
recovery,2023-08-01,02G,NHS LANCASHIRE AND SOUTH CUMBRIA ICB - 02G,57.0
recovery,2023-08-01,02H,NHS GREATER MANCHESTER ICB - 02H,47.0
recovery,2023-08-01,02M,NHS LANCASHIRE AND SOUTH CUMBRIA ICB - 02M,59.0
recovery,2023-08-01,02P,NHS SOUTH YORKSHIRE ICB - 02P,50.0
recovery,2023-08-01,02Q,NHS NOTTINGHAM AND NOTTINGHAMSHIRE ICB - 02Q,56.0
recovery,2023-08-01,02T,NHS WEST YORKSHIRE ICB - 02T,50.0
recovery,2023-08-01,02X,NHS SOUTH YORKSHIRE ICB - 02X,48.0
recovery,2023-08-01,02Y,NHS HUMBER AND NORTH YORKSHIRE ICB - 02Y,55.0
recovery,2023-08-01,03F,NHS HUMBER AND NORTH YORKSHIRE ICB - 03F,53.0
recovery,2023-08-01,03H,NHS HUMBER AND NORTH YORKSHIRE ICB - 03H,51.0
recovery,2023-08-01,03K,NHS HUMBER AND NORTH YORKSHIRE ICB - 03K,48.0
recovery,2023-08-01,03L,NHS SOUTH YORKSHIRE ICB - 03L,48.0
recovery,2023-08-01,03N,NHS SOUTH YORKSHIRE ICB - 03N,53.0
recovery,2023-08-01,03Q,NHS HUMBER AND NORTH YORKSHIRE ICB - 03Q,56.0
recovery,2023-08-01,03R,NHS WEST YORKSHIRE ICB - 03R,51.0
recovery,2023-08-01,03W,"NHS LEICESTER, LEICESTERSHIRE AND RUTLAND ICB - 03W",51.0
recovery,2023-08-01,04C,"NHS LEICESTER, LEICESTERSHIRE AND RUTLAND ICB - 04C",43.0
recovery,2023-08-01,04V,"NHS LEICESTER, LEICESTERSHIRE AND RUTLAND ICB - 04V",54.0
recovery,2023-08-01,04Y,NHS STAFFORDSHIRE AND STOKE-ON-TRENT ICB - 04Y,50.0
recovery,2023-08-01,05D,NHS STAFFORDSHIRE AND STOKE-ON-TRENT ICB - 05D,54.0
recovery,2023-08-01,05G,NHS STAFFORDSHIRE AND STOKE-ON-TRENT ICB - 05G,54.0
recovery,2023-08-01,05Q,NHS STAFFORDSHIRE AND STOKE-ON-TRENT ICB - 05Q,55.0
recovery,2023-08-01,05V,NHS STAFFORDSHIRE AND STOKE-ON-TRENT ICB - 05V,50.0
recovery,2023-08-01,05W,NHS STAFFORDSHIRE AND STOKE-ON-TRENT ICB - 05W,52.0
recovery,2023-08-01,06H,NHS CAMBRIDGESHIRE AND PETERBOROUGH ICB - 06H,49.0
recovery,2023-08-01,06K,NHS HERTFORDSHIRE AND WEST ESSEX ICB - 06K,48.0
recovery,2023-08-01,06L,NHS SUFFOLK AND NORTH EAST ESSEX ICB - 06L,53.0
recovery,2023-08-01,06N,NHS HERTFORDSHIRE AND WEST ESSEX ICB - 06N,49.0
recovery,2023-08-01,06Q,NHS MID AND SOUTH ESSEX ICB - 06Q,46.0
recovery,2023-08-01,06T,NHS SUFFOLK AND NORTH EAST ESSEX ICB - 06T,54.0
recovery,2023-08-01,07G,NHS MID AND SOUTH ESSEX ICB - 07G,52.0
recovery,2023-08-01,07H,NHS HERTFORDSHIRE AND WEST ESSEX ICB - 07H,60.0
recovery,2023-08-01,07K,NHS SUFFOLK AND NORTH EAST ESSEX ICB - 07K,52.0
recovery,2023-08-01,09D,NHS SUSSEX ICB - 09D,44.0
recovery,2023-08-01,10Q,"NHS BUCKINGHAMSHIRE, OXFORDSHIRE AND BERKSHIRE WEST ICB - 10Q",50.0
recovery,2023-08-01,10R,NHS HAMPSHIRE AND ISLE OF WIGHT ICB - 10R,48.0
recovery,2023-08-01,11J,NHS DORSET ICB - 11J,49.0
recovery,2023-08-01,11M,NHS GLOUCESTERSHIRE ICB - 11M,54.0
recovery,2023-08-01,11N,NHS CORNWALL AND THE ISLES OF SCILLY ICB - 11N,41.0
recovery,2023-08-01,11X,NHS SOMERSET ICB - 11X,59.0
recovery,2023-08-01,12F,NHS CHESHIRE AND MERSEYSIDE ICB - 12F,48.0
recovery,2023-08-01,13T,NHS NORTH EAST AND NORTH CUMBRIA ICB - 13T,49.0
recovery,2023-08-01,14L,NHS GREATER MANCHESTER ICB - 14L,47.0
recovery,2023-08-01,14R,EAST OF ENGLAND - H&J COMMISSIONING HUB,44.0
recovery,2023-08-01,14Y,"NHS BUCKINGHAMSHIRE, OXFORDSHIRE AND BERKSHIRE WEST ICB - 14Y",54.0
recovery,2023-08-01,15A,"NHS BUCKINGHAMSHIRE, OXFORDSHIRE AND BERKSHIRE WEST ICB - 15A",48.0
recovery,2023-08-01,15C,"NHS BRISTOL, NORTH SOMERSET AND SOUTH GLOUCESTERSHIRE ICB - 15C",56.0
recovery,2023-08-01,15E,NHS BIRMINGHAM AND SOLIHULL ICB - 15E,49.0
recovery,2023-08-01,15F,NHS WEST YORKSHIRE ICB - 15F,38.0
recovery,2023-08-01,15M,NHS DERBY AND DERBYSHIRE ICB - 15M,54.0
recovery,2023-08-01,15N,NHS DEVON ICB - 15N,51.0
recovery,2023-08-01,16C,NHS NORTH EAST AND NORTH CUMBRIA ICB - 16C,52.0
recovery,2023-08-01,18C,NHS HEREFORDSHIRE AND WORCESTERSHIRE ICB - 18C,54.0
recovery,2023-08-01,26A,NHS NORFOLK AND WAVENEY ICB - 26A,49.0
recovery,2023-08-01,27D,NHS CHESHIRE AND MERSEYSIDE ICB - 27D,48.0
recovery,2023-08-01,36J,NHS WEST YORKSHIRE ICB - 36J,51.0
recovery,2023-08-01,36L,NHS SOUTH WEST LONDON ICB - 36L,51.0
recovery,2023-08-01,42D,NHS HUMBER AND NORTH YORKSHIRE ICB - 42D,52.0
recovery,2023-08-01,52R,NHS NOTTINGHAM AND NOTTINGHAMSHIRE ICB - 52R,51.0
recovery,2023-08-01,70F,NHS SUSSEX ICB - 70F,51.0
recovery,2023-08-01,71E,NHS LINCOLNSHIRE ICB - 71E,49.0
recovery,2023-08-01,72Q,NHS SOUTH EAST LONDON ICB - 72Q,50.0
recovery,2023-08-01,78H,NHS NORTHAMPTONSHIRE ICB - 78H,50.0
recovery,2023-08-01,84H,NHS NORTH EAST AND NORTH CUMBRIA ICB - 84H,51.0
recovery,2023-08-01,91Q,NHS KENT AND MEDWAY ICB - 91Q,47.0
recovery,2023-08-01,92A,NHS SURREY HEARTLANDS ICB - 92A,50.0
recovery,2023-08-01,92G,"NHS BATH AND NORTH EAST SOMERSET, SWINDON AND WILTSHIRE ICB - 92G",46.0
recovery,2023-08-01,93C,NHS NORTH CENTRAL LONDON ICB - 93C,48.0
recovery,2023-08-01,97R,NHS SUSSEX ICB - 97R,54.0
recovery,2023-08-01,99A,NHS CHESHIRE AND MERSEYSIDE ICB - 99A,40.0
recovery,2023-08-01,99C,NHS NORTH EAST AND NORTH CUMBRIA ICB - 99C,54.0
recovery,2023-08-01,99E,NHS MID AND SOUTH ESSEX ICB - 99E,59.0
recovery,2023-08-01,99F,NHS MID AND SOUTH ESSEX ICB - 99F,53.0
recovery,2023-08-01,99G,NHS MID AND SOUTH ESSEX ICB - 99G,51.0
recovery,2023-08-01,A3A8R,NHS NORTH EAST LONDON ICB - A3A8R,51.0
recovery,2023-08-01,B2M3M,NHS COVENTRY AND WARWICKSHIRE ICB - B2M3M,49.0
recovery,2023-08-01,D2P2L,NHS BLACK COUNTRY ICB - D2P2L,48.0
recovery,2023-08-01,D4U1Y,NHS FRIMLEY ICB - D4U1Y,48.0
recovery,2023-08-01,D9Y0V,NHS HAMPSHIRE AND ISLE OF WIGHT ICB - D9Y0V,48.0
recovery,2023-08-01,InvalidCode,Unknown,47.0
recovery,2023-08-01,M1J4Y,"NHS BEDFORDSHIRE, LUTON AND MILTON KEYNES ICB - M1J4Y",49.0
recovery,2023-08-01,M2L0M,"NHS SHROPSHIRE, TELFORD AND WREKIN ICB - M2L0M",48.0
recovery,2023-08-01,W2U3Z,NHS NORTH WEST LONDON ICB - W2U3Z,49.0
recovery,2023-08-01,X2C4Y,NHS WEST YORKSHIRE ICB - X2C4Y,50.0
recovery,2023-09-01,00L,NHS NORTH EAST AND NORTH CUMBRIA ICB - 00L,53.0
recovery,2023-09-01,00N,NHS NORTH EAST AND NORTH CUMBRIA ICB - 00N,52.0
recovery,2023-09-01,00P,NHS NORTH EAST AND NORTH CUMBRIA ICB - 00P,50.0
recovery,2023-09-01,00Q,NHS LANCASHIRE AND SOUTH CUMBRIA ICB - 00Q,49.0
recovery,2023-09-01,00R,NHS LANCASHIRE AND SOUTH CUMBRIA ICB - 00R,54.0
recovery,2023-09-01,00T,NHS GREATER MANCHESTER ICB - 00T,42.0
recovery,2023-09-01,00V,NHS GREATER MANCHESTER ICB - 00V,49.0
recovery,2023-09-01,00X,NHS LANCASHIRE AND SOUTH CUMBRIA ICB - 00X,51.0
recovery,2023-09-01,00Y,NHS GREATER MANCHESTER ICB - 00Y,43.0
recovery,2023-09-01,01A,NHS LANCASHIRE AND SOUTH CUMBRIA ICB - 01A,56.0
recovery,2023-09-01,01D,NHS GREATER MANCHESTER ICB - 01D,49.0
recovery,2023-09-01,01E,NHS LANCASHIRE AND SOUTH CUMBRIA ICB - 01E,45.0
recovery,2023-09-01,01F,NHS CHESHIRE AND MERSEYSIDE ICB - 01F,50.0
recovery,2023-09-01,01G,NHS GREATER MANCHESTER ICB - 01G,37.0
recovery,2023-09-01,01H,NHS NORTH EAST AND NORTH CUMBRIA ICB - 01H,47.0
recovery,2023-09-01,01J,NHS CHESHIRE AND MERSEYSIDE ICB - 01J,50.0
recovery,2023-09-01,01K,NHS LANCASHIRE AND SOUTH CUMBRIA ICB - 01K,54.0
recovery,2023-09-01,01T,NHS CHESHIRE AND MERSEYSIDE ICB - 01T,45.0
recovery,2023-09-01,01V,NHS CHESHIRE AND MERSEYSIDE ICB - 01V,50.0
recovery,2023-09-01,01W,NHS GREATER MANCHESTER ICB - 01W,49.0
recovery,2023-09-01,01X,NHS CHESHIRE AND MERSEYSIDE ICB - 01X,52.0
recovery,2023-09-01,01Y,NHS GREATER MANCHESTER ICB - 01Y,52.0
recovery,2023-09-01,02A,NHS GREATER MANCHESTER ICB - 02A,53.0
recovery,2023-09-01,02E,NHS CHESHIRE AND MERSEYSIDE ICB - 02E,52.0
recovery,2023-09-01,02G,NHS LANCASHIRE AND SOUTH CUMBRIA ICB - 02G,62.0
recovery,2023-09-01,02H,NHS GREATER MANCHESTER ICB - 02H,45.0
recovery,2023-09-01,02M,NHS LANCASHIRE AND SOUTH CUMBRIA ICB - 02M,48.0
recovery,2023-09-01,02P,NHS SOUTH YORKSHIRE ICB - 02P,50.0
recovery,2023-09-01,02Q,NHS NOTTINGHAM AND NOTTINGHAMSHIRE ICB - 02Q,54.0
recovery,2023-09-01,02T,NHS WEST YORKSHIRE ICB - 02T,55.0
recovery,2023-09-01,02X,NHS SOUTH YORKSHIRE ICB - 02X,51.0
recovery,2023-09-01,02Y,NHS HUMBER AND NORTH YORKSHIRE ICB - 02Y,58.0
recovery,2023-09-01,03F,NHS HUMBER AND NORTH YORKSHIRE ICB - 03F,52.0
recovery,2023-09-01,03H,NHS HUMBER AND NORTH YORKSHIRE ICB - 03H,45.0
recovery,2023-09-01,03K,NHS HUMBER AND NORTH YORKSHIRE ICB - 03K,52.0
recovery,2023-09-01,03L,NHS SOUTH YORKSHIRE ICB - 03L,51.0
recovery,2023-09-01,03N,NHS SOUTH YORKSHIRE ICB - 03N,53.0
recovery,2023-09-01,03Q,NHS HUMBER AND NORTH YORKSHIRE ICB - 03Q,57.0
recovery,2023-09-01,03R,NHS WEST YORKSHIRE ICB - 03R,54.0
recovery,2023-09-01,03W,"NHS LEICESTER, LEICESTERSHIRE AND RUTLAND ICB - 03W",51.0
recovery,2023-09-01,04C,"NHS LEICESTER, LEICESTERSHIRE AND RUTLAND ICB - 04C",39.0
recovery,2023-09-01,04V,"NHS LEICESTER, LEICESTERSHIRE AND RUTLAND ICB - 04V",51.0
recovery,2023-09-01,04Y,NHS STAFFORDSHIRE AND STOKE-ON-TRENT ICB - 04Y,46.0
recovery,2023-09-01,05D,NHS STAFFORDSHIRE AND STOKE-ON-TRENT ICB - 05D,58.0
recovery,2023-09-01,05G,NHS STAFFORDSHIRE AND STOKE-ON-TRENT ICB - 05G,57.0
recovery,2023-09-01,05Q,NHS STAFFORDSHIRE AND STOKE-ON-TRENT ICB - 05Q,57.0
recovery,2023-09-01,05V,NHS STAFFORDSHIRE AND STOKE-ON-TRENT ICB - 05V,60.0
recovery,2023-09-01,05W,NHS STAFFORDSHIRE AND STOKE-ON-TRENT ICB - 05W,58.0
recovery,2023-09-01,06H,NHS CAMBRIDGESHIRE AND PETERBOROUGH ICB - 06H,51.0
recovery,2023-09-01,06K,NHS HERTFORDSHIRE AND WEST ESSEX ICB - 06K,46.0
recovery,2023-09-01,06L,NHS SUFFOLK AND NORTH EAST ESSEX ICB - 06L,51.0
recovery,2023-09-01,06N,NHS HERTFORDSHIRE AND WEST ESSEX ICB - 06N,50.0
recovery,2023-09-01,06Q,NHS MID AND SOUTH ESSEX ICB - 06Q,51.0
recovery,2023-09-01,06T,NHS SUFFOLK AND NORTH EAST ESSEX ICB - 06T,40.0
recovery,2023-09-01,07G,NHS MID AND SOUTH ESSEX ICB - 07G,54.0
recovery,2023-09-01,07H,NHS HERTFORDSHIRE AND WEST ESSEX ICB - 07H,50.0
recovery,2023-09-01,07K,NHS SUFFOLK AND NORTH EAST ESSEX ICB - 07K,54.0
recovery,2023-09-01,09D,NHS SUSSEX ICB - 09D,48.0
recovery,2023-09-01,10Q,"NHS BUCKINGHAMSHIRE, OXFORDSHIRE AND BERKSHIRE WEST ICB - 10Q",51.0
recovery,2023-09-01,10R,NHS HAMPSHIRE AND ISLE OF WIGHT ICB - 10R,49.0
recovery,2023-09-01,11J,NHS DORSET ICB - 11J,50.0
recovery,2023-09-01,11M,NHS GLOUCESTERSHIRE ICB - 11M,52.0
recovery,2023-09-01,11N,NHS CORNWALL AND THE ISLES OF SCILLY ICB - 11N,30.0
recovery,2023-09-01,11X,NHS SOMERSET ICB - 11X,56.0
recovery,2023-09-01,12F,NHS CHESHIRE AND MERSEYSIDE ICB - 12F,47.0
recovery,2023-09-01,13Q,NATIONAL COMMISSIONING HUB 1,55.0
recovery,2023-09-01,13T,NHS NORTH EAST AND NORTH CUMBRIA ICB - 13T,48.0
recovery,2023-09-01,14L,NHS GREATER MANCHESTER ICB - 14L,44.0
recovery,2023-09-01,14R,EAST OF ENGLAND - H&J COMMISSIONING HUB,37.0
recovery,2023-09-01,14Y,"NHS BUCKINGHAMSHIRE, OXFORDSHIRE AND BERKSHIRE WEST ICB - 14Y",53.0
recovery,2023-09-01,15A,"NHS BUCKINGHAMSHIRE, OXFORDSHIRE AND BERKSHIRE WEST ICB - 15A",45.0
recovery,2023-09-01,15C,"NHS BRISTOL, NORTH SOMERSET AND SOUTH GLOUCESTERSHIRE ICB - 15C",53.0
recovery,2023-09-01,15E,NHS BIRMINGHAM AND SOLIHULL ICB - 15E,49.0
recovery,2023-09-01,15F,NHS WEST YORKSHIRE ICB - 15F,38.0
recovery,2023-09-01,15M,NHS DERBY AND DERBYSHIRE ICB - 15M,53.0
recovery,2023-09-01,15N,NHS DEVON ICB - 15N,53.0
recovery,2023-09-01,16C,NHS NORTH EAST AND NORTH CUMBRIA ICB - 16C,51.0
recovery,2023-09-01,18C,NHS HEREFORDSHIRE AND WORCESTERSHIRE ICB - 18C,52.0
recovery,2023-09-01,26A,NHS NORFOLK AND WAVENEY ICB - 26A,50.0
recovery,2023-09-01,27D,NHS CHESHIRE AND MERSEYSIDE ICB - 27D,47.0
recovery,2023-09-01,36J,NHS WEST YORKSHIRE ICB - 36J,54.0
recovery,2023-09-01,36L,NHS SOUTH WEST LONDON ICB - 36L,53.0
recovery,2023-09-01,42D,NHS HUMBER AND NORTH YORKSHIRE ICB - 42D,56.0
recovery,2023-09-01,52R,NHS NOTTINGHAM AND NOTTINGHAMSHIRE ICB - 52R,52.0
recovery,2023-09-01,70F,NHS SUSSEX ICB - 70F,53.0
recovery,2023-09-01,71E,NHS LINCOLNSHIRE ICB - 71E,47.0
recovery,2023-09-01,72Q,NHS SOUTH EAST LONDON ICB - 72Q,52.0
recovery,2023-09-01,78H,NHS NORTHAMPTONSHIRE ICB - 78H,51.0
recovery,2023-09-01,84H,NHS NORTH EAST AND NORTH CUMBRIA ICB - 84H,53.0
recovery,2023-09-01,91Q,NHS KENT AND MEDWAY ICB - 91Q,48.0
recovery,2023-09-01,92A,NHS SURREY HEARTLANDS ICB - 92A,50.0
recovery,2023-09-01,92G,"NHS BATH AND NORTH EAST SOMERSET, SWINDON AND WILTSHIRE ICB - 92G",40.0
recovery,2023-09-01,93C,NHS NORTH CENTRAL LONDON ICB - 93C,49.0
recovery,2023-09-01,97R,NHS SUSSEX ICB - 97R,53.0
recovery,2023-09-01,99A,NHS CHESHIRE AND MERSEYSIDE ICB - 99A,50.0
recovery,2023-09-01,99C,NHS NORTH EAST AND NORTH CUMBRIA ICB - 99C,62.0
recovery,2023-09-01,99E,NHS MID AND SOUTH ESSEX ICB - 99E,55.0
recovery,2023-09-01,99F,NHS MID AND SOUTH ESSEX ICB - 99F,52.0
recovery,2023-09-01,99G,NHS MID AND SOUTH ESSEX ICB - 99G,51.0
recovery,2023-09-01,A3A8R,NHS NORTH EAST LONDON ICB - A3A8R,50.0
recovery,2023-09-01,B2M3M,NHS COVENTRY AND WARWICKSHIRE ICB - B2M3M,46.0
recovery,2023-09-01,D2P2L,NHS BLACK COUNTRY ICB - D2P2L,43.0
recovery,2023-09-01,D4U1Y,NHS FRIMLEY ICB - D4U1Y,47.0
recovery,2023-09-01,D9Y0V,NHS HAMPSHIRE AND ISLE OF WIGHT ICB - D9Y0V,49.0
recovery,2023-09-01,InvalidCode,Unknown,47.0
recovery,2023-09-01,M1J4Y,"NHS BEDFORDSHIRE, LUTON AND MILTON KEYNES ICB - M1J4Y",48.0
recovery,2023-09-01,M2L0M,"NHS SHROPSHIRE, TELFORD AND WREKIN ICB - M2L0M",47.0
recovery,2023-09-01,W2U3Z,NHS NORTH WEST LONDON ICB - W2U3Z,49.0
recovery,2023-09-01,X2C4Y,NHS WEST YORKSHIRE ICB - X2C4Y,50.0
recovery,2023-10-01,00L,NHS NORTH EAST AND NORTH CUMBRIA ICB - 00L,58.0
recovery,2023-10-01,00N,NHS NORTH EAST AND NORTH CUMBRIA ICB - 00N,49.0
recovery,2023-10-01,00P,NHS NORTH EAST AND NORTH CUMBRIA ICB - 00P,53.0
recovery,2023-10-01,00Q,NHS LANCASHIRE AND SOUTH CUMBRIA ICB - 00Q,55.0
recovery,2023-10-01,00R,NHS LANCASHIRE AND SOUTH CUMBRIA ICB - 00R,53.0
recovery,2023-10-01,00T,NHS GREATER MANCHESTER ICB - 00T,45.0
recovery,2023-10-01,00V,NHS GREATER MANCHESTER ICB - 00V,50.0
recovery,2023-10-01,00X,NHS LANCASHIRE AND SOUTH CUMBRIA ICB - 00X,41.0
recovery,2023-10-01,00Y,NHS GREATER MANCHESTER ICB - 00Y,49.0
recovery,2023-10-01,01A,NHS LANCASHIRE AND SOUTH CUMBRIA ICB - 01A,54.0
recovery,2023-10-01,01D,NHS GREATER MANCHESTER ICB - 01D,50.0
recovery,2023-10-01,01E,NHS LANCASHIRE AND SOUTH CUMBRIA ICB - 01E,55.0
recovery,2023-10-01,01F,NHS CHESHIRE AND MERSEYSIDE ICB - 01F,51.0
recovery,2023-10-01,01G,NHS GREATER MANCHESTER ICB - 01G,37.0
recovery,2023-10-01,01H,NHS NORTH EAST AND NORTH CUMBRIA ICB - 01H,48.0
recovery,2023-10-01,01J,NHS CHESHIRE AND MERSEYSIDE ICB - 01J,50.0
recovery,2023-10-01,01K,NHS LANCASHIRE AND SOUTH CUMBRIA ICB - 01K,57.0
recovery,2023-10-01,01T,NHS CHESHIRE AND MERSEYSIDE ICB - 01T,51.0
recovery,2023-10-01,01V,NHS CHESHIRE AND MERSEYSIDE ICB - 01V,54.0
recovery,2023-10-01,01W,NHS GREATER MANCHESTER ICB - 01W,48.0
recovery,2023-10-01,01X,NHS CHESHIRE AND MERSEYSIDE ICB - 01X,50.0
recovery,2023-10-01,01Y,NHS GREATER MANCHESTER ICB - 01Y,50.0
recovery,2023-10-01,02A,NHS GREATER MANCHESTER ICB - 02A,56.0
recovery,2023-10-01,02E,NHS CHESHIRE AND MERSEYSIDE ICB - 02E,55.0
recovery,2023-10-01,02G,NHS LANCASHIRE AND SOUTH CUMBRIA ICB - 02G,47.0
recovery,2023-10-01,02H,NHS GREATER MANCHESTER ICB - 02H,49.0
recovery,2023-10-01,02M,NHS LANCASHIRE AND SOUTH CUMBRIA ICB - 02M,51.0
recovery,2023-10-01,02P,NHS SOUTH YORKSHIRE ICB - 02P,50.0
recovery,2023-10-01,02Q,NHS NOTTINGHAM AND NOTTINGHAMSHIRE ICB - 02Q,46.0
recovery,2023-10-01,02T,NHS WEST YORKSHIRE ICB - 02T,54.0
recovery,2023-10-01,02X,NHS SOUTH YORKSHIRE ICB - 02X,49.0
recovery,2023-10-01,02Y,NHS HUMBER AND NORTH YORKSHIRE ICB - 02Y,58.0
recovery,2023-10-01,03F,NHS HUMBER AND NORTH YORKSHIRE ICB - 03F,56.0
recovery,2023-10-01,03H,NHS HUMBER AND NORTH YORKSHIRE ICB - 03H,37.0
recovery,2023-10-01,03K,NHS HUMBER AND NORTH YORKSHIRE ICB - 03K,49.0
recovery,2023-10-01,03L,NHS SOUTH YORKSHIRE ICB - 03L,45.0
recovery,2023-10-01,03N,NHS SOUTH YORKSHIRE ICB - 03N,53.0
recovery,2023-10-01,03Q,NHS HUMBER AND NORTH YORKSHIRE ICB - 03Q,61.0
recovery,2023-10-01,03R,NHS WEST YORKSHIRE ICB - 03R,50.0
recovery,2023-10-01,03W,"NHS LEICESTER, LEICESTERSHIRE AND RUTLAND ICB - 03W",49.0
recovery,2023-10-01,04C,"NHS LEICESTER, LEICESTERSHIRE AND RUTLAND ICB - 04C",45.0
recovery,2023-10-01,04V,"NHS LEICESTER, LEICESTERSHIRE AND RUTLAND ICB - 04V",49.0
recovery,2023-10-01,04Y,NHS STAFFORDSHIRE AND STOKE-ON-TRENT ICB - 04Y,43.0
recovery,2023-10-01,05D,NHS STAFFORDSHIRE AND STOKE-ON-TRENT ICB - 05D,57.0
recovery,2023-10-01,05G,NHS STAFFORDSHIRE AND STOKE-ON-TRENT ICB - 05G,57.0
recovery,2023-10-01,05Q,NHS STAFFORDSHIRE AND STOKE-ON-TRENT ICB - 05Q,51.0
recovery,2023-10-01,05V,NHS STAFFORDSHIRE AND STOKE-ON-TRENT ICB - 05V,56.0
recovery,2023-10-01,05W,NHS STAFFORDSHIRE AND STOKE-ON-TRENT ICB - 05W,59.0
recovery,2023-10-01,06H,NHS CAMBRIDGESHIRE AND PETERBOROUGH ICB - 06H,47.0
recovery,2023-10-01,06K,NHS HERTFORDSHIRE AND WEST ESSEX ICB - 06K,44.0
recovery,2023-10-01,06L,NHS SUFFOLK AND NORTH EAST ESSEX ICB - 06L,51.0
recovery,2023-10-01,06N,NHS HERTFORDSHIRE AND WEST ESSEX ICB - 06N,55.0
recovery,2023-10-01,06Q,NHS MID AND SOUTH ESSEX ICB - 06Q,47.0
recovery,2023-10-01,06T,NHS SUFFOLK AND NORTH EAST ESSEX ICB - 06T,31.0
recovery,2023-10-01,07G,NHS MID AND SOUTH ESSEX ICB - 07G,43.0
recovery,2023-10-01,07H,NHS HERTFORDSHIRE AND WEST ESSEX ICB - 07H,55.0
recovery,2023-10-01,07K,NHS SUFFOLK AND NORTH EAST ESSEX ICB - 07K,52.0
recovery,2023-10-01,09D,NHS SUSSEX ICB - 09D,49.0
recovery,2023-10-01,10Q,"NHS BUCKINGHAMSHIRE, OXFORDSHIRE AND BERKSHIRE WEST ICB - 10Q",51.0
recovery,2023-10-01,10R,NHS HAMPSHIRE AND ISLE OF WIGHT ICB - 10R,50.0
recovery,2023-10-01,11J,NHS DORSET ICB - 11J,48.0
recovery,2023-10-01,11M,NHS GLOUCESTERSHIRE ICB - 11M,53.0
recovery,2023-10-01,11N,NHS CORNWALL AND THE ISLES OF SCILLY ICB - 11N,42.0
recovery,2023-10-01,12F,NHS CHESHIRE AND MERSEYSIDE ICB - 12F,52.0
recovery,2023-10-01,13T,NHS NORTH EAST AND NORTH CUMBRIA ICB - 13T,55.0
recovery,2023-10-01,14L,NHS GREATER MANCHESTER ICB - 14L,50.0
recovery,2023-10-01,14R,EAST OF ENGLAND - H&J COMMISSIONING HUB,58.0
recovery,2023-10-01,14Y,"NHS BUCKINGHAMSHIRE, OXFORDSHIRE AND BERKSHIRE WEST ICB - 14Y",49.0
recovery,2023-10-01,15A,"NHS BUCKINGHAMSHIRE, OXFORDSHIRE AND BERKSHIRE WEST ICB - 15A",42.0
recovery,2023-10-01,15C,"NHS BRISTOL, NORTH SOMERSET AND SOUTH GLOUCESTERSHIRE ICB - 15C",56.0
recovery,2023-10-01,15E,NHS BIRMINGHAM AND SOLIHULL ICB - 15E,51.0
recovery,2023-10-01,15F,NHS WEST YORKSHIRE ICB - 15F,43.0
recovery,2023-10-01,15M,NHS DERBY AND DERBYSHIRE ICB - 15M,55.0
recovery,2023-10-01,15N,NHS DEVON ICB - 15N,50.0
recovery,2023-10-01,16C,NHS NORTH EAST AND NORTH CUMBRIA ICB - 16C,50.0
recovery,2023-10-01,18C,NHS HEREFORDSHIRE AND WORCESTERSHIRE ICB - 18C,53.0
recovery,2023-10-01,26A,NHS NORFOLK AND WAVENEY ICB - 26A,51.0
recovery,2023-10-01,27D,NHS CHESHIRE AND MERSEYSIDE ICB - 27D,48.0
recovery,2023-10-01,36J,NHS WEST YORKSHIRE ICB - 36J,48.0
recovery,2023-10-01,36L,NHS SOUTH WEST LONDON ICB - 36L,54.0
recovery,2023-10-01,42D,NHS HUMBER AND NORTH YORKSHIRE ICB - 42D,55.0
recovery,2023-10-01,52R,NHS NOTTINGHAM AND NOTTINGHAMSHIRE ICB - 52R,52.0
recovery,2023-10-01,70F,NHS SUSSEX ICB - 70F,53.0
recovery,2023-10-01,71E,NHS LINCOLNSHIRE ICB - 71E,51.0
recovery,2023-10-01,72Q,NHS SOUTH EAST LONDON ICB - 72Q,50.0
recovery,2023-10-01,78H,NHS NORTHAMPTONSHIRE ICB - 78H,51.0
recovery,2023-10-01,84H,NHS NORTH EAST AND NORTH CUMBRIA ICB - 84H,50.0
recovery,2023-10-01,91Q,NHS KENT AND MEDWAY ICB - 91Q,48.0
recovery,2023-10-01,92A,NHS SURREY HEARTLANDS ICB - 92A,49.0
recovery,2023-10-01,92G,"NHS BATH AND NORTH EAST SOMERSET, SWINDON AND WILTSHIRE ICB - 92G",42.0
recovery,2023-10-01,93C,NHS NORTH CENTRAL LONDON ICB - 93C,46.0
recovery,2023-10-01,97R,NHS SUSSEX ICB - 97R,50.0
recovery,2023-10-01,99A,NHS CHESHIRE AND MERSEYSIDE ICB - 99A,50.0
recovery,2023-10-01,99C,NHS NORTH EAST AND NORTH CUMBRIA ICB - 99C,58.0
recovery,2023-10-01,99E,NHS MID AND SOUTH ESSEX ICB - 99E,55.0
recovery,2023-10-01,99F,NHS MID AND SOUTH ESSEX ICB - 99F,48.0
recovery,2023-10-01,99G,NHS MID AND SOUTH ESSEX ICB - 99G,38.0
recovery,2023-10-01,A3A8R,NHS NORTH EAST LONDON ICB - A3A8R,44.0
recovery,2023-10-01,B2M3M,NHS COVENTRY AND WARWICKSHIRE ICB - B2M3M,49.0
recovery,2023-10-01,D2P2L,NHS BLACK COUNTRY ICB - D2P2L,50.0
recovery,2023-10-01,D4U1Y,NHS FRIMLEY ICB - D4U1Y,47.0
recovery,2023-10-01,D9Y0V,NHS HAMPSHIRE AND ISLE OF WIGHT ICB - D9Y0V,52.0
recovery,2023-10-01,InvalidCode,Unknown,37.0
recovery,2023-10-01,M1J4Y,"NHS BEDFORDSHIRE, LUTON AND MILTON KEYNES ICB - M1J4Y",49.0
recovery,2023-10-01,M2L0M,"NHS SHROPSHIRE, TELFORD AND WREKIN ICB - M2L0M",45.0
recovery,2023-10-01,W2U3Z,NHS NORTH WEST LONDON ICB - W2U3Z,50.0
recovery,2023-10-01,X2C4Y,NHS WEST YORKSHIRE ICB - X2C4Y,53.0
recovery,2023-11-01,00L,NHS NORTH EAST AND NORTH CUMBRIA ICB - 00L,49.0
recovery,2023-11-01,00N,NHS NORTH EAST AND NORTH CUMBRIA ICB - 00N,51.0
recovery,2023-11-01,00P,NHS NORTH EAST AND NORTH CUMBRIA ICB - 00P,51.0
recovery,2023-11-01,00Q,NHS LANCASHIRE AND SOUTH CUMBRIA ICB - 00Q,56.0
recovery,2023-11-01,00R,NHS LANCASHIRE AND SOUTH CUMBRIA ICB - 00R,56.0
recovery,2023-11-01,00T,NHS GREATER MANCHESTER ICB - 00T,43.0
recovery,2023-11-01,00V,NHS GREATER MANCHESTER ICB - 00V,53.0
recovery,2023-11-01,00X,NHS LANCASHIRE AND SOUTH CUMBRIA ICB - 00X,51.0
recovery,2023-11-01,00Y,NHS GREATER MANCHESTER ICB - 00Y,47.0
recovery,2023-11-01,01A,NHS LANCASHIRE AND SOUTH CUMBRIA ICB - 01A,53.0
recovery,2023-11-01,01D,NHS GREATER MANCHESTER ICB - 01D,50.0
recovery,2023-11-01,01E,NHS LANCASHIRE AND SOUTH CUMBRIA ICB - 01E,53.0
recovery,2023-11-01,01F,NHS CHESHIRE AND MERSEYSIDE ICB - 01F,51.0
recovery,2023-11-01,01G,NHS GREATER MANCHESTER ICB - 01G,35.0
recovery,2023-11-01,01H,NHS NORTH EAST AND NORTH CUMBRIA ICB - 01H,51.0
recovery,2023-11-01,01J,NHS CHESHIRE AND MERSEYSIDE ICB - 01J,50.0
recovery,2023-11-01,01K,NHS LANCASHIRE AND SOUTH CUMBRIA ICB - 01K,47.0
recovery,2023-11-01,01T,NHS CHESHIRE AND MERSEYSIDE ICB - 01T,46.0
recovery,2023-11-01,01V,NHS CHESHIRE AND MERSEYSIDE ICB - 01V,50.0
recovery,2023-11-01,01W,NHS GREATER MANCHESTER ICB - 01W,47.0
recovery,2023-11-01,01X,NHS CHESHIRE AND MERSEYSIDE ICB - 01X,46.0
recovery,2023-11-01,01Y,NHS GREATER MANCHESTER ICB - 01Y,51.0
recovery,2023-11-01,02A,NHS GREATER MANCHESTER ICB - 02A,51.0
recovery,2023-11-01,02E,NHS CHESHIRE AND MERSEYSIDE ICB - 02E,56.0
recovery,2023-11-01,02G,NHS LANCASHIRE AND SOUTH CUMBRIA ICB - 02G,59.0
recovery,2023-11-01,02H,NHS GREATER MANCHESTER ICB - 02H,50.0
recovery,2023-11-01,02M,NHS LANCASHIRE AND SOUTH CUMBRIA ICB - 02M,57.0
recovery,2023-11-01,02P,NHS SOUTH YORKSHIRE ICB - 02P,50.0
recovery,2023-11-01,02Q,NHS NOTTINGHAM AND NOTTINGHAMSHIRE ICB - 02Q,54.0
recovery,2023-11-01,02T,NHS WEST YORKSHIRE ICB - 02T,47.0
recovery,2023-11-01,02X,NHS SOUTH YORKSHIRE ICB - 02X,46.0
recovery,2023-11-01,02Y,NHS HUMBER AND NORTH YORKSHIRE ICB - 02Y,62.0
recovery,2023-11-01,03F,NHS HUMBER AND NORTH YORKSHIRE ICB - 03F,54.0
recovery,2023-11-01,03H,NHS HUMBER AND NORTH YORKSHIRE ICB - 03H,54.0
recovery,2023-11-01,03K,NHS HUMBER AND NORTH YORKSHIRE ICB - 03K,46.0
recovery,2023-11-01,03L,NHS SOUTH YORKSHIRE ICB - 03L,49.0
recovery,2023-11-01,03N,NHS SOUTH YORKSHIRE ICB - 03N,50.0
recovery,2023-11-01,03Q,NHS HUMBER AND NORTH YORKSHIRE ICB - 03Q,53.0
recovery,2023-11-01,03R,NHS WEST YORKSHIRE ICB - 03R,49.0
recovery,2023-11-01,03W,"NHS LEICESTER, LEICESTERSHIRE AND RUTLAND ICB - 03W",58.0
recovery,2023-11-01,04C,"NHS LEICESTER, LEICESTERSHIRE AND RUTLAND ICB - 04C",47.0
recovery,2023-11-01,04V,"NHS LEICESTER, LEICESTERSHIRE AND RUTLAND ICB - 04V",48.0
recovery,2023-11-01,04Y,NHS STAFFORDSHIRE AND STOKE-ON-TRENT ICB - 04Y,51.0
recovery,2023-11-01,05D,NHS STAFFORDSHIRE AND STOKE-ON-TRENT ICB - 05D,58.0
recovery,2023-11-01,05G,NHS STAFFORDSHIRE AND STOKE-ON-TRENT ICB - 05G,56.0
recovery,2023-11-01,05Q,NHS STAFFORDSHIRE AND STOKE-ON-TRENT ICB - 05Q,57.0
recovery,2023-11-01,05V,NHS STAFFORDSHIRE AND STOKE-ON-TRENT ICB - 05V,51.0
recovery,2023-11-01,05W,NHS STAFFORDSHIRE AND STOKE-ON-TRENT ICB - 05W,60.0
recovery,2023-11-01,06H,NHS CAMBRIDGESHIRE AND PETERBOROUGH ICB - 06H,51.0
recovery,2023-11-01,06K,NHS HERTFORDSHIRE AND WEST ESSEX ICB - 06K,48.0
recovery,2023-11-01,06N,NHS HERTFORDSHIRE AND WEST ESSEX ICB - 06N,54.0
recovery,2023-11-01,06Q,NHS MID AND SOUTH ESSEX ICB - 06Q,49.0
recovery,2023-11-01,06T,NHS SUFFOLK AND NORTH EAST ESSEX ICB - 06T,41.0
recovery,2023-11-01,07G,NHS MID AND SOUTH ESSEX ICB - 07G,47.0
recovery,2023-11-01,07H,NHS HERTFORDSHIRE AND WEST ESSEX ICB - 07H,55.0
recovery,2023-11-01,09D,NHS SUSSEX ICB - 09D,46.0
recovery,2023-11-01,10Q,"NHS BUCKINGHAMSHIRE, OXFORDSHIRE AND BERKSHIRE WEST ICB - 10Q",48.0
recovery,2023-11-01,10R,NHS HAMPSHIRE AND ISLE OF WIGHT ICB - 10R,49.0
recovery,2023-11-01,11J,NHS DORSET ICB - 11J,51.0
recovery,2023-11-01,11M,NHS GLOUCESTERSHIRE ICB - 11M,50.0
recovery,2023-11-01,11N,NHS CORNWALL AND THE ISLES OF SCILLY ICB - 11N,45.0
recovery,2023-11-01,11X,NHS SOMERSET ICB - 11X,56.0
recovery,2023-11-01,12F,NHS CHESHIRE AND MERSEYSIDE ICB - 12F,51.0
recovery,2023-11-01,13T,NHS NORTH EAST AND NORTH CUMBRIA ICB - 13T,56.0
recovery,2023-11-01,14L,NHS GREATER MANCHESTER ICB - 14L,49.0
recovery,2023-11-01,14Y,"NHS BUCKINGHAMSHIRE, OXFORDSHIRE AND BERKSHIRE WEST ICB - 14Y",56.0
recovery,2023-11-01,15A,"NHS BUCKINGHAMSHIRE, OXFORDSHIRE AND BERKSHIRE WEST ICB - 15A",46.0
recovery,2023-11-01,15C,"NHS BRISTOL, NORTH SOMERSET AND SOUTH GLOUCESTERSHIRE ICB - 15C",52.0
recovery,2023-11-01,15E,NHS BIRMINGHAM AND SOLIHULL ICB - 15E,45.0
recovery,2023-11-01,15F,NHS WEST YORKSHIRE ICB - 15F,38.0
recovery,2023-11-01,15M,NHS DERBY AND DERBYSHIRE ICB - 15M,53.0
recovery,2023-11-01,15N,NHS DEVON ICB - 15N,51.0
recovery,2023-11-01,16C,NHS NORTH EAST AND NORTH CUMBRIA ICB - 16C,48.0
recovery,2023-11-01,18C,NHS HEREFORDSHIRE AND WORCESTERSHIRE ICB - 18C,53.0
recovery,2023-11-01,27D,NHS CHESHIRE AND MERSEYSIDE ICB - 27D,49.0
recovery,2023-11-01,36J,NHS WEST YORKSHIRE ICB - 36J,49.0
recovery,2023-11-01,36L,NHS SOUTH WEST LONDON ICB - 36L,54.0
recovery,2023-11-01,42D,NHS HUMBER AND NORTH YORKSHIRE ICB - 42D,53.0
recovery,2023-11-01,52R,NHS NOTTINGHAM AND NOTTINGHAMSHIRE ICB - 52R,52.0
recovery,2023-11-01,70F,NHS SUSSEX ICB - 70F,53.0
recovery,2023-11-01,71E,NHS LINCOLNSHIRE ICB - 71E,48.0
recovery,2023-11-01,72Q,NHS SOUTH EAST LONDON ICB - 72Q,50.0
recovery,2023-11-01,78H,NHS NORTHAMPTONSHIRE ICB - 78H,48.0
recovery,2023-11-01,84H,NHS NORTH EAST AND NORTH CUMBRIA ICB - 84H,50.0
recovery,2023-11-01,91Q,NHS KENT AND MEDWAY ICB - 91Q,48.0
recovery,2023-11-01,92A,NHS SURREY HEARTLANDS ICB - 92A,48.0
recovery,2023-11-01,92G,"NHS BATH AND NORTH EAST SOMERSET, SWINDON AND WILTSHIRE ICB - 92G",44.0
recovery,2023-11-01,93C,NHS NORTH CENTRAL LONDON ICB - 93C,47.0
recovery,2023-11-01,97R,NHS SUSSEX ICB - 97R,48.0
recovery,2023-11-01,99A,NHS CHESHIRE AND MERSEYSIDE ICB - 99A,45.0
recovery,2023-11-01,99C,NHS NORTH EAST AND NORTH CUMBRIA ICB - 99C,56.0
recovery,2023-11-01,99E,NHS MID AND SOUTH ESSEX ICB - 99E,59.0
recovery,2023-11-01,99F,NHS MID AND SOUTH ESSEX ICB - 99F,51.0
recovery,2023-11-01,99G,NHS MID AND SOUTH ESSEX ICB - 99G,42.0
recovery,2023-11-01,A3A8R,NHS NORTH EAST LONDON ICB - A3A8R,49.0
recovery,2023-11-01,B2M3M,NHS COVENTRY AND WARWICKSHIRE ICB - B2M3M,47.0
recovery,2023-11-01,D2P2L,NHS BLACK COUNTRY ICB - D2P2L,49.0
recovery,2023-11-01,D4U1Y,NHS FRIMLEY ICB - D4U1Y,45.0
recovery,2023-11-01,D9Y0V,NHS HAMPSHIRE AND ISLE OF WIGHT ICB - D9Y0V,50.0
recovery,2023-11-01,InvalidCode,Unknown,48.0
recovery,2023-11-01,M1J4Y,"NHS BEDFORDSHIRE, LUTON AND MILTON KEYNES ICB - M1J4Y",47.0
recovery,2023-11-01,M2L0M,"NHS SHROPSHIRE, TELFORD AND WREKIN ICB - M2L0M",45.0
recovery,2023-11-01,W2U3Z,NHS NORTH WEST LONDON ICB - W2U3Z,48.0
recovery,2023-11-01,X2C4Y,NHS WEST YORKSHIRE ICB - X2C4Y,51.0
recovery,2023-12-01,00L,NHS NORTH EAST AND NORTH CUMBRIA ICB - 00L,46.0
recovery,2023-12-01,00N,NHS NORTH EAST AND NORTH CUMBRIA ICB - 00N,55.0
recovery,2023-12-01,00P,NHS NORTH EAST AND NORTH CUMBRIA ICB - 00P,54.0
recovery,2023-12-01,00Q,NHS LANCASHIRE AND SOUTH CUMBRIA ICB - 00Q,62.0
recovery,2023-12-01,00R,NHS LANCASHIRE AND SOUTH CUMBRIA ICB - 00R,48.0
recovery,2023-12-01,00T,NHS GREATER MANCHESTER ICB - 00T,37.0
recovery,2023-12-01,00V,NHS GREATER MANCHESTER ICB - 00V,53.0
recovery,2023-12-01,00X,NHS LANCASHIRE AND SOUTH CUMBRIA ICB - 00X,45.0
recovery,2023-12-01,00Y,NHS GREATER MANCHESTER ICB - 00Y,41.0
recovery,2023-12-01,01A,NHS LANCASHIRE AND SOUTH CUMBRIA ICB - 01A,57.0
recovery,2023-12-01,01D,NHS GREATER MANCHESTER ICB - 01D,51.0
recovery,2023-12-01,01E,NHS LANCASHIRE AND SOUTH CUMBRIA ICB - 01E,49.0
recovery,2023-12-01,01F,NHS CHESHIRE AND MERSEYSIDE ICB - 01F,47.0
recovery,2023-12-01,01G,NHS GREATER MANCHESTER ICB - 01G,40.0
recovery,2023-12-01,01H,NHS NORTH EAST AND NORTH CUMBRIA ICB - 01H,48.0
recovery,2023-12-01,01J,NHS CHESHIRE AND MERSEYSIDE ICB - 01J,47.0
recovery,2023-12-01,01K,NHS LANCASHIRE AND SOUTH CUMBRIA ICB - 01K,47.0
recovery,2023-12-01,01T,NHS CHESHIRE AND MERSEYSIDE ICB - 01T,49.0
recovery,2023-12-01,01V,NHS CHESHIRE AND MERSEYSIDE ICB - 01V,49.0
recovery,2023-12-01,01W,NHS GREATER MANCHESTER ICB - 01W,55.0
recovery,2023-12-01,01X,NHS CHESHIRE AND MERSEYSIDE ICB - 01X,43.0
recovery,2023-12-01,01Y,NHS GREATER MANCHESTER ICB - 01Y,48.0
recovery,2023-12-01,02A,NHS GREATER MANCHESTER ICB - 02A,59.0
recovery,2023-12-01,02E,NHS CHESHIRE AND MERSEYSIDE ICB - 02E,51.0
recovery,2023-12-01,02G,NHS LANCASHIRE AND SOUTH CUMBRIA ICB - 02G,57.0
recovery,2023-12-01,02H,NHS GREATER MANCHESTER ICB - 02H,33.0
recovery,2023-12-01,02M,NHS LANCASHIRE AND SOUTH CUMBRIA ICB - 02M,45.0
recovery,2023-12-01,02P,NHS SOUTH YORKSHIRE ICB - 02P,49.0
recovery,2023-12-01,02Q,NHS NOTTINGHAM AND NOTTINGHAMSHIRE ICB - 02Q,52.0
recovery,2023-12-01,02T,NHS WEST YORKSHIRE ICB - 02T,52.0
recovery,2023-12-01,02X,NHS SOUTH YORKSHIRE ICB - 02X,45.0
recovery,2023-12-01,02Y,NHS HUMBER AND NORTH YORKSHIRE ICB - 02Y,63.0
recovery,2023-12-01,03F,NHS HUMBER AND NORTH YORKSHIRE ICB - 03F,51.0
recovery,2023-12-01,03H,NHS HUMBER AND NORTH YORKSHIRE ICB - 03H,39.0
recovery,2023-12-01,03K,NHS HUMBER AND NORTH YORKSHIRE ICB - 03K,51.0
recovery,2023-12-01,03L,NHS SOUTH YORKSHIRE ICB - 03L,50.0
recovery,2023-12-01,03N,NHS SOUTH YORKSHIRE ICB - 03N,50.0
recovery,2023-12-01,03Q,NHS HUMBER AND NORTH YORKSHIRE ICB - 03Q,56.0
recovery,2023-12-01,03R,NHS WEST YORKSHIRE ICB - 03R,49.0
recovery,2023-12-01,03W,"NHS LEICESTER, LEICESTERSHIRE AND RUTLAND ICB - 03W",52.0
recovery,2023-12-01,04C,"NHS LEICESTER, LEICESTERSHIRE AND RUTLAND ICB - 04C",44.0
recovery,2023-12-01,04V,"NHS LEICESTER, LEICESTERSHIRE AND RUTLAND ICB - 04V",49.0
recovery,2023-12-01,04Y,NHS STAFFORDSHIRE AND STOKE-ON-TRENT ICB - 04Y,44.0
recovery,2023-12-01,05D,NHS STAFFORDSHIRE AND STOKE-ON-TRENT ICB - 05D,50.0
recovery,2023-12-01,05G,NHS STAFFORDSHIRE AND STOKE-ON-TRENT ICB - 05G,54.0
recovery,2023-12-01,05Q,NHS STAFFORDSHIRE AND STOKE-ON-TRENT ICB - 05Q,56.0
recovery,2023-12-01,05V,NHS STAFFORDSHIRE AND STOKE-ON-TRENT ICB - 05V,57.0
recovery,2023-12-01,05W,NHS STAFFORDSHIRE AND STOKE-ON-TRENT ICB - 05W,50.0
recovery,2023-12-01,06H,NHS CAMBRIDGESHIRE AND PETERBOROUGH ICB - 06H,46.0
recovery,2023-12-01,06K,NHS HERTFORDSHIRE AND WEST ESSEX ICB - 06K,46.0
recovery,2023-12-01,06L,NHS SUFFOLK AND NORTH EAST ESSEX ICB - 06L,48.0
recovery,2023-12-01,06N,NHS HERTFORDSHIRE AND WEST ESSEX ICB - 06N,52.0
recovery,2023-12-01,06Q,NHS MID AND SOUTH ESSEX ICB - 06Q,51.0
recovery,2023-12-01,06T,NHS SUFFOLK AND NORTH EAST ESSEX ICB - 06T,34.0
recovery,2023-12-01,07G,NHS MID AND SOUTH ESSEX ICB - 07G,53.0
recovery,2023-12-01,07H,NHS HERTFORDSHIRE AND WEST ESSEX ICB - 07H,50.0
recovery,2023-12-01,07K,NHS SUFFOLK AND NORTH EAST ESSEX ICB - 07K,49.0
recovery,2023-12-01,09D,NHS SUSSEX ICB - 09D,48.0
recovery,2023-12-01,10Q,"NHS BUCKINGHAMSHIRE, OXFORDSHIRE AND BERKSHIRE WEST ICB - 10Q",49.0
recovery,2023-12-01,10R,NHS HAMPSHIRE AND ISLE OF WIGHT ICB - 10R,52.0
recovery,2023-12-01,11J,NHS DORSET ICB - 11J,50.0
recovery,2023-12-01,11M,NHS GLOUCESTERSHIRE ICB - 11M,51.0
recovery,2023-12-01,11N,NHS CORNWALL AND THE ISLES OF SCILLY ICB - 11N,46.0
recovery,2023-12-01,11X,NHS SOMERSET ICB - 11X,53.0
recovery,2023-12-01,12F,NHS CHESHIRE AND MERSEYSIDE ICB - 12F,40.0
recovery,2023-12-01,13T,NHS NORTH EAST AND NORTH CUMBRIA ICB - 13T,53.0
recovery,2023-12-01,14L,NHS GREATER MANCHESTER ICB - 14L,44.0
recovery,2023-12-01,14Y,"NHS BUCKINGHAMSHIRE, OXFORDSHIRE AND BERKSHIRE WEST ICB - 14Y",52.0
recovery,2023-12-01,15A,"NHS BUCKINGHAMSHIRE, OXFORDSHIRE AND BERKSHIRE WEST ICB - 15A",48.0
recovery,2023-12-01,15C,"NHS BRISTOL, NORTH SOMERSET AND SOUTH GLOUCESTERSHIRE ICB - 15C",56.0
recovery,2023-12-01,15E,NHS BIRMINGHAM AND SOLIHULL ICB - 15E,45.0
recovery,2023-12-01,15F,NHS WEST YORKSHIRE ICB - 15F,43.0
recovery,2023-12-01,15M,NHS DERBY AND DERBYSHIRE ICB - 15M,49.0
recovery,2023-12-01,15N,NHS DEVON ICB - 15N,49.0
recovery,2023-12-01,16C,NHS NORTH EAST AND NORTH CUMBRIA ICB - 16C,52.0
recovery,2023-12-01,18C,NHS HEREFORDSHIRE AND WORCESTERSHIRE ICB - 18C,51.0
recovery,2023-12-01,26A,NHS NORFOLK AND WAVENEY ICB - 26A,48.0
recovery,2023-12-01,27D,NHS CHESHIRE AND MERSEYSIDE ICB - 27D,46.0
recovery,2023-12-01,36J,NHS WEST YORKSHIRE ICB - 36J,54.0
recovery,2023-12-01,36L,NHS SOUTH WEST LONDON ICB - 36L,51.0
recovery,2023-12-01,42D,NHS HUMBER AND NORTH YORKSHIRE ICB - 42D,53.0
recovery,2023-12-01,52R,NHS NOTTINGHAM AND NOTTINGHAMSHIRE ICB - 52R,51.0
recovery,2023-12-01,70F,NHS SUSSEX ICB - 70F,55.0
recovery,2023-12-01,71E,NHS LINCOLNSHIRE ICB - 71E,51.0
recovery,2023-12-01,72Q,NHS SOUTH EAST LONDON ICB - 72Q,50.0
recovery,2023-12-01,78H,NHS NORTHAMPTONSHIRE ICB - 78H,52.0
recovery,2023-12-01,84H,NHS NORTH EAST AND NORTH CUMBRIA ICB - 84H,44.0
recovery,2023-12-01,91Q,NHS KENT AND MEDWAY ICB - 91Q,46.0
recovery,2023-12-01,92A,NHS SURREY HEARTLANDS ICB - 92A,46.0
recovery,2023-12-01,92G,"NHS BATH AND NORTH EAST SOMERSET, SWINDON AND WILTSHIRE ICB - 92G",47.0
recovery,2023-12-01,93C,NHS NORTH CENTRAL LONDON ICB - 93C,45.0
recovery,2023-12-01,97R,NHS SUSSEX ICB - 97R,51.0
recovery,2023-12-01,99A,NHS CHESHIRE AND MERSEYSIDE ICB - 99A,38.0
recovery,2023-12-01,99C,NHS NORTH EAST AND NORTH CUMBRIA ICB - 99C,56.0
recovery,2023-12-01,99E,NHS MID AND SOUTH ESSEX ICB - 99E,56.0
recovery,2023-12-01,99F,NHS MID AND SOUTH ESSEX ICB - 99F,50.0
recovery,2023-12-01,99G,NHS MID AND SOUTH ESSEX ICB - 99G,40.0
recovery,2023-12-01,A3A8R,NHS NORTH EAST LONDON ICB - A3A8R,47.0
recovery,2023-12-01,B2M3M,NHS COVENTRY AND WARWICKSHIRE ICB - B2M3M,53.0
recovery,2023-12-01,D2P2L,NHS BLACK COUNTRY ICB - D2P2L,48.0
recovery,2023-12-01,D4U1Y,NHS FRIMLEY ICB - D4U1Y,48.0
recovery,2023-12-01,D9Y0V,NHS HAMPSHIRE AND ISLE OF WIGHT ICB - D9Y0V,49.0
recovery,2023-12-01,InvalidCode,Unknown,52.0
recovery,2023-12-01,M1J4Y,"NHS BEDFORDSHIRE, LUTON AND MILTON KEYNES ICB - M1J4Y",46.0
recovery,2023-12-01,M2L0M,"NHS SHROPSHIRE, TELFORD AND WREKIN ICB - M2L0M",46.0
recovery,2023-12-01,W2U3Z,NHS NORTH WEST LONDON ICB - W2U3Z,46.0
recovery,2023-12-01,X2C4Y,NHS WEST YORKSHIRE ICB - X2C4Y,57.0
recovery,2024-01-01,00L,NHS NORTH EAST AND NORTH CUMBRIA ICB - 00L,46.0
recovery,2024-01-01,00N,NHS NORTH EAST AND NORTH CUMBRIA ICB - 00N,48.0
recovery,2024-01-01,00P,NHS NORTH EAST AND NORTH CUMBRIA ICB - 00P,54.0
recovery,2024-01-01,00Q,NHS LANCASHIRE AND SOUTH CUMBRIA ICB - 00Q,55.0
recovery,2024-01-01,00R,NHS LANCASHIRE AND SOUTH CUMBRIA ICB - 00R,53.0
recovery,2024-01-01,00T,NHS GREATER MANCHESTER ICB - 00T,41.0
recovery,2024-01-01,00V,NHS GREATER MANCHESTER ICB - 00V,48.0
recovery,2024-01-01,00X,NHS LANCASHIRE AND SOUTH CUMBRIA ICB - 00X,44.0
recovery,2024-01-01,00Y,NHS GREATER MANCHESTER ICB - 00Y,49.0
recovery,2024-01-01,01A,NHS LANCASHIRE AND SOUTH CUMBRIA ICB - 01A,58.0
recovery,2024-01-01,01D,NHS GREATER MANCHESTER ICB - 01D,50.0
recovery,2024-01-01,01E,NHS LANCASHIRE AND SOUTH CUMBRIA ICB - 01E,54.0
recovery,2024-01-01,01F,NHS CHESHIRE AND MERSEYSIDE ICB - 01F,51.0
recovery,2024-01-01,01G,NHS GREATER MANCHESTER ICB - 01G,43.0
recovery,2024-01-01,01H,NHS NORTH EAST AND NORTH CUMBRIA ICB - 01H,52.0
recovery,2024-01-01,01J,NHS CHESHIRE AND MERSEYSIDE ICB - 01J,51.0
recovery,2024-01-01,01K,NHS LANCASHIRE AND SOUTH CUMBRIA ICB - 01K,52.0
recovery,2024-01-01,01T,NHS CHESHIRE AND MERSEYSIDE ICB - 01T,51.0
recovery,2024-01-01,01V,NHS CHESHIRE AND MERSEYSIDE ICB - 01V,50.0
recovery,2024-01-01,01W,NHS GREATER MANCHESTER ICB - 01W,49.0
recovery,2024-01-01,01X,NHS CHESHIRE AND MERSEYSIDE ICB - 01X,52.0
recovery,2024-01-01,01Y,NHS GREATER MANCHESTER ICB - 01Y,49.0
recovery,2024-01-01,02A,NHS GREATER MANCHESTER ICB - 02A,52.0
recovery,2024-01-01,02E,NHS CHESHIRE AND MERSEYSIDE ICB - 02E,55.0
recovery,2024-01-01,02G,NHS LANCASHIRE AND SOUTH CUMBRIA ICB - 02G,60.0
recovery,2024-01-01,02H,NHS GREATER MANCHESTER ICB - 02H,44.0
recovery,2024-01-01,02M,NHS LANCASHIRE AND SOUTH CUMBRIA ICB - 02M,50.0
recovery,2024-01-01,02P,NHS SOUTH YORKSHIRE ICB - 02P,50.0
recovery,2024-01-01,02Q,NHS NOTTINGHAM AND NOTTINGHAMSHIRE ICB - 02Q,51.0
recovery,2024-01-01,02T,NHS WEST YORKSHIRE ICB - 02T,46.0
recovery,2024-01-01,02X,NHS SOUTH YORKSHIRE ICB - 02X,50.0
recovery,2024-01-01,02Y,NHS HUMBER AND NORTH YORKSHIRE ICB - 02Y,61.0
recovery,2024-01-01,03F,NHS HUMBER AND NORTH YORKSHIRE ICB - 03F,55.0
recovery,2024-01-01,03H,NHS HUMBER AND NORTH YORKSHIRE ICB - 03H,45.0
recovery,2024-01-01,03K,NHS HUMBER AND NORTH YORKSHIRE ICB - 03K,51.0
recovery,2024-01-01,03L,NHS SOUTH YORKSHIRE ICB - 03L,47.0
recovery,2024-01-01,03N,NHS SOUTH YORKSHIRE ICB - 03N,49.0
recovery,2024-01-01,03Q,NHS HUMBER AND NORTH YORKSHIRE ICB - 03Q,58.0
recovery,2024-01-01,03R,NHS WEST YORKSHIRE ICB - 03R,51.0
recovery,2024-01-01,03W,"NHS LEICESTER, LEICESTERSHIRE AND RUTLAND ICB - 03W",59.0
recovery,2024-01-01,04C,"NHS LEICESTER, LEICESTERSHIRE AND RUTLAND ICB - 04C",40.0
recovery,2024-01-01,04V,"NHS LEICESTER, LEICESTERSHIRE AND RUTLAND ICB - 04V",50.0
recovery,2024-01-01,04Y,NHS STAFFORDSHIRE AND STOKE-ON-TRENT ICB - 04Y,55.0
recovery,2024-01-01,05D,NHS STAFFORDSHIRE AND STOKE-ON-TRENT ICB - 05D,59.0
recovery,2024-01-01,05G,NHS STAFFORDSHIRE AND STOKE-ON-TRENT ICB - 05G,57.0
recovery,2024-01-01,05Q,NHS STAFFORDSHIRE AND STOKE-ON-TRENT ICB - 05Q,49.0
recovery,2024-01-01,05V,NHS STAFFORDSHIRE AND STOKE-ON-TRENT ICB - 05V,57.0
recovery,2024-01-01,05W,NHS STAFFORDSHIRE AND STOKE-ON-TRENT ICB - 05W,55.0
recovery,2024-01-01,06H,NHS CAMBRIDGESHIRE AND PETERBOROUGH ICB - 06H,48.0
recovery,2024-01-01,06K,NHS HERTFORDSHIRE AND WEST ESSEX ICB - 06K,50.0
recovery,2024-01-01,06L,NHS SUFFOLK AND NORTH EAST ESSEX ICB - 06L,46.0
recovery,2024-01-01,06N,NHS HERTFORDSHIRE AND WEST ESSEX ICB - 06N,54.0
recovery,2024-01-01,06Q,NHS MID AND SOUTH ESSEX ICB - 06Q,48.0
recovery,2024-01-01,06T,NHS SUFFOLK AND NORTH EAST ESSEX ICB - 06T,42.0
recovery,2024-01-01,07G,NHS MID AND SOUTH ESSEX ICB - 07G,51.0
recovery,2024-01-01,07H,NHS HERTFORDSHIRE AND WEST ESSEX ICB - 07H,48.0
recovery,2024-01-01,07K,NHS SUFFOLK AND NORTH EAST ESSEX ICB - 07K,52.0
recovery,2024-01-01,09D,NHS SUSSEX ICB - 09D,49.0
recovery,2024-01-01,10Q,"NHS BUCKINGHAMSHIRE, OXFORDSHIRE AND BERKSHIRE WEST ICB - 10Q",52.0
recovery,2024-01-01,10R,NHS HAMPSHIRE AND ISLE OF WIGHT ICB - 10R,48.0
recovery,2024-01-01,11J,NHS DORSET ICB - 11J,51.0
recovery,2024-01-01,11M,NHS GLOUCESTERSHIRE ICB - 11M,51.0
recovery,2024-01-01,11N,NHS CORNWALL AND THE ISLES OF SCILLY ICB - 11N,47.0
recovery,2024-01-01,11X,NHS SOMERSET ICB - 11X,53.0
recovery,2024-01-01,12F,NHS CHESHIRE AND MERSEYSIDE ICB - 12F,53.0
recovery,2024-01-01,13Q,NATIONAL COMMISSIONING HUB 1,60.0
recovery,2024-01-01,13T,NHS NORTH EAST AND NORTH CUMBRIA ICB - 13T,56.0
recovery,2024-01-01,14L,NHS GREATER MANCHESTER ICB - 14L,48.0
recovery,2024-01-01,14Y,"NHS BUCKINGHAMSHIRE, OXFORDSHIRE AND BERKSHIRE WEST ICB - 14Y",55.0
recovery,2024-01-01,15A,"NHS BUCKINGHAMSHIRE, OXFORDSHIRE AND BERKSHIRE WEST ICB - 15A",48.0
recovery,2024-01-01,15C,"NHS BRISTOL, NORTH SOMERSET AND SOUTH GLOUCESTERSHIRE ICB - 15C",52.0
recovery,2024-01-01,15E,NHS BIRMINGHAM AND SOLIHULL ICB - 15E,42.0
recovery,2024-01-01,15F,NHS WEST YORKSHIRE ICB - 15F,42.0
recovery,2024-01-01,15M,NHS DERBY AND DERBYSHIRE ICB - 15M,54.0
recovery,2024-01-01,15N,NHS DEVON ICB - 15N,51.0
recovery,2024-01-01,16C,NHS NORTH EAST AND NORTH CUMBRIA ICB - 16C,51.0
recovery,2024-01-01,18C,NHS HEREFORDSHIRE AND WORCESTERSHIRE ICB - 18C,53.0
recovery,2024-01-01,26A,NHS NORFOLK AND WAVENEY ICB - 26A,48.0
recovery,2024-01-01,27D,NHS CHESHIRE AND MERSEYSIDE ICB - 27D,47.0
recovery,2024-01-01,36J,NHS WEST YORKSHIRE ICB - 36J,52.0
recovery,2024-01-01,36L,NHS SOUTH WEST LONDON ICB - 36L,54.0
recovery,2024-01-01,42D,NHS HUMBER AND NORTH YORKSHIRE ICB - 42D,50.0
recovery,2024-01-01,52R,NHS NOTTINGHAM AND NOTTINGHAMSHIRE ICB - 52R,49.0
recovery,2024-01-01,70F,NHS SUSSEX ICB - 70F,57.0
recovery,2024-01-01,71E,NHS LINCOLNSHIRE ICB - 71E,50.0
recovery,2024-01-01,72Q,NHS SOUTH EAST LONDON ICB - 72Q,50.0
recovery,2024-01-01,78H,NHS NORTHAMPTONSHIRE ICB - 78H,50.0
recovery,2024-01-01,84H,NHS NORTH EAST AND NORTH CUMBRIA ICB - 84H,52.0
recovery,2024-01-01,91Q,NHS KENT AND MEDWAY ICB - 91Q,49.0
recovery,2024-01-01,92A,NHS SURREY HEARTLANDS ICB - 92A,48.0
recovery,2024-01-01,92G,"NHS BATH AND NORTH EAST SOMERSET, SWINDON AND WILTSHIRE ICB - 92G",38.0
recovery,2024-01-01,93C,NHS NORTH CENTRAL LONDON ICB - 93C,48.0
recovery,2024-01-01,97R,NHS SUSSEX ICB - 97R,47.0
recovery,2024-01-01,99A,NHS CHESHIRE AND MERSEYSIDE ICB - 99A,47.0
recovery,2024-01-01,99C,NHS NORTH EAST AND NORTH CUMBRIA ICB - 99C,56.0
recovery,2024-01-01,99E,NHS MID AND SOUTH ESSEX ICB - 99E,57.0
recovery,2024-01-01,99F,NHS MID AND SOUTH ESSEX ICB - 99F,52.0
recovery,2024-01-01,99G,NHS MID AND SOUTH ESSEX ICB - 99G,38.0
recovery,2024-01-01,A3A8R,NHS NORTH EAST LONDON ICB - A3A8R,50.0
recovery,2024-01-01,B2M3M,NHS COVENTRY AND WARWICKSHIRE ICB - B2M3M,50.0
recovery,2024-01-01,D2P2L,NHS BLACK COUNTRY ICB - D2P2L,46.0
recovery,2024-01-01,D4U1Y,NHS FRIMLEY ICB - D4U1Y,48.0
recovery,2024-01-01,D9Y0V,NHS HAMPSHIRE AND ISLE OF WIGHT ICB - D9Y0V,50.0
recovery,2024-01-01,InvalidCode,Unknown,28.0
recovery,2024-01-01,M1J4Y,"NHS BEDFORDSHIRE, LUTON AND MILTON KEYNES ICB - M1J4Y",48.0
recovery,2024-01-01,M2L0M,"NHS SHROPSHIRE, TELFORD AND WREKIN ICB - M2L0M",52.0
recovery,2024-01-01,W2U3Z,NHS NORTH WEST LONDON ICB - W2U3Z,48.0
recovery,2024-01-01,X2C4Y,NHS WEST YORKSHIRE ICB - X2C4Y,51.0
recovery,2024-02-01,00L,NHS NORTH EAST AND NORTH CUMBRIA ICB - 00L,53.0
recovery,2024-02-01,00N,NHS NORTH EAST AND NORTH CUMBRIA ICB - 00N,53.0
recovery,2024-02-01,00P,NHS NORTH EAST AND NORTH CUMBRIA ICB - 00P,53.0
recovery,2024-02-01,00Q,NHS LANCASHIRE AND SOUTH CUMBRIA ICB - 00Q,57.0
recovery,2024-02-01,00R,NHS LANCASHIRE AND SOUTH CUMBRIA ICB - 00R,57.0
recovery,2024-02-01,00T,NHS GREATER MANCHESTER ICB - 00T,45.0
recovery,2024-02-01,00V,NHS GREATER MANCHESTER ICB - 00V,50.0
recovery,2024-02-01,00X,NHS LANCASHIRE AND SOUTH CUMBRIA ICB - 00X,51.0
recovery,2024-02-01,00Y,NHS GREATER MANCHESTER ICB - 00Y,45.0
recovery,2024-02-01,01A,NHS LANCASHIRE AND SOUTH CUMBRIA ICB - 01A,53.0
recovery,2024-02-01,01D,NHS GREATER MANCHESTER ICB - 01D,54.0
recovery,2024-02-01,01E,NHS LANCASHIRE AND SOUTH CUMBRIA ICB - 01E,53.0
recovery,2024-02-01,01F,NHS CHESHIRE AND MERSEYSIDE ICB - 01F,48.0
recovery,2024-02-01,01G,NHS GREATER MANCHESTER ICB - 01G,37.0
recovery,2024-02-01,01H,NHS NORTH EAST AND NORTH CUMBRIA ICB - 01H,47.0
recovery,2024-02-01,01J,NHS CHESHIRE AND MERSEYSIDE ICB - 01J,50.0
recovery,2024-02-01,01K,NHS LANCASHIRE AND SOUTH CUMBRIA ICB - 01K,55.0
recovery,2024-02-01,01T,NHS CHESHIRE AND MERSEYSIDE ICB - 01T,52.0
recovery,2024-02-01,01V,NHS CHESHIRE AND MERSEYSIDE ICB - 01V,54.0
recovery,2024-02-01,01W,NHS GREATER MANCHESTER ICB - 01W,50.0
recovery,2024-02-01,01X,NHS CHESHIRE AND MERSEYSIDE ICB - 01X,48.0
recovery,2024-02-01,01Y,NHS GREATER MANCHESTER ICB - 01Y,48.0
recovery,2024-02-01,02A,NHS GREATER MANCHESTER ICB - 02A,54.0
recovery,2024-02-01,02E,NHS CHESHIRE AND MERSEYSIDE ICB - 02E,51.0
recovery,2024-02-01,02G,NHS LANCASHIRE AND SOUTH CUMBRIA ICB - 02G,52.0
recovery,2024-02-01,02H,NHS GREATER MANCHESTER ICB - 02H,54.0
recovery,2024-02-01,02M,NHS LANCASHIRE AND SOUTH CUMBRIA ICB - 02M,48.0
recovery,2024-02-01,02P,NHS SOUTH YORKSHIRE ICB - 02P,50.0
recovery,2024-02-01,02Q,NHS NOTTINGHAM AND NOTTINGHAMSHIRE ICB - 02Q,63.0
recovery,2024-02-01,02T,NHS WEST YORKSHIRE ICB - 02T,55.0
recovery,2024-02-01,02X,NHS SOUTH YORKSHIRE ICB - 02X,55.0
recovery,2024-02-01,02Y,NHS HUMBER AND NORTH YORKSHIRE ICB - 02Y,64.0
recovery,2024-02-01,03F,NHS HUMBER AND NORTH YORKSHIRE ICB - 03F,55.0
recovery,2024-02-01,03H,NHS HUMBER AND NORTH YORKSHIRE ICB - 03H,46.0
recovery,2024-02-01,03K,NHS HUMBER AND NORTH YORKSHIRE ICB - 03K,50.0
recovery,2024-02-01,03L,NHS SOUTH YORKSHIRE ICB - 03L,50.0
recovery,2024-02-01,03N,NHS SOUTH YORKSHIRE ICB - 03N,56.0
recovery,2024-02-01,03Q,NHS HUMBER AND NORTH YORKSHIRE ICB - 03Q,60.0
recovery,2024-02-01,03R,NHS WEST YORKSHIRE ICB - 03R,52.0
recovery,2024-02-01,03W,"NHS LEICESTER, LEICESTERSHIRE AND RUTLAND ICB - 03W",60.0
recovery,2024-02-01,04C,"NHS LEICESTER, LEICESTERSHIRE AND RUTLAND ICB - 04C",38.0
recovery,2024-02-01,04V,"NHS LEICESTER, LEICESTERSHIRE AND RUTLAND ICB - 04V",52.0
recovery,2024-02-01,04Y,NHS STAFFORDSHIRE AND STOKE-ON-TRENT ICB - 04Y,50.0
recovery,2024-02-01,05D,NHS STAFFORDSHIRE AND STOKE-ON-TRENT ICB - 05D,61.0
recovery,2024-02-01,05G,NHS STAFFORDSHIRE AND STOKE-ON-TRENT ICB - 05G,55.0
recovery,2024-02-01,05Q,NHS STAFFORDSHIRE AND STOKE-ON-TRENT ICB - 05Q,53.0
recovery,2024-02-01,05V,NHS STAFFORDSHIRE AND STOKE-ON-TRENT ICB - 05V,63.0
recovery,2024-02-01,05W,NHS STAFFORDSHIRE AND STOKE-ON-TRENT ICB - 05W,58.0
recovery,2024-02-01,06H,NHS CAMBRIDGESHIRE AND PETERBOROUGH ICB - 06H,50.0
recovery,2024-02-01,06K,NHS HERTFORDSHIRE AND WEST ESSEX ICB - 06K,48.0
recovery,2024-02-01,06L,NHS SUFFOLK AND NORTH EAST ESSEX ICB - 06L,48.0
recovery,2024-02-01,06N,NHS HERTFORDSHIRE AND WEST ESSEX ICB - 06N,52.0
recovery,2024-02-01,06Q,NHS MID AND SOUTH ESSEX ICB - 06Q,51.0
recovery,2024-02-01,06T,NHS SUFFOLK AND NORTH EAST ESSEX ICB - 06T,48.0
recovery,2024-02-01,07G,NHS MID AND SOUTH ESSEX ICB - 07G,53.0
recovery,2024-02-01,07H,NHS HERTFORDSHIRE AND WEST ESSEX ICB - 07H,50.0
recovery,2024-02-01,07K,NHS SUFFOLK AND NORTH EAST ESSEX ICB - 07K,48.0
recovery,2024-02-01,09D,NHS SUSSEX ICB - 09D,49.0
recovery,2024-02-01,10Q,"NHS BUCKINGHAMSHIRE, OXFORDSHIRE AND BERKSHIRE WEST ICB - 10Q",54.0
recovery,2024-02-01,10R,NHS HAMPSHIRE AND ISLE OF WIGHT ICB - 10R,52.0
recovery,2024-02-01,11J,NHS DORSET ICB - 11J,49.0
recovery,2024-02-01,11M,NHS GLOUCESTERSHIRE ICB - 11M,54.0
recovery,2024-02-01,11N,NHS CORNWALL AND THE ISLES OF SCILLY ICB - 11N,52.0
recovery,2024-02-01,11X,NHS SOMERSET ICB - 11X,58.0
recovery,2024-02-01,12F,NHS CHESHIRE AND MERSEYSIDE ICB - 12F,47.0
recovery,2024-02-01,13Q,NATIONAL COMMISSIONING HUB 1,46.0
recovery,2024-02-01,13T,NHS NORTH EAST AND NORTH CUMBRIA ICB - 13T,56.0
recovery,2024-02-01,14L,NHS GREATER MANCHESTER ICB - 14L,49.0
recovery,2024-02-01,14Y,"NHS BUCKINGHAMSHIRE, OXFORDSHIRE AND BERKSHIRE WEST ICB - 14Y",52.0
recovery,2024-02-01,15A,"NHS BUCKINGHAMSHIRE, OXFORDSHIRE AND BERKSHIRE WEST ICB - 15A",43.0
recovery,2024-02-01,15C,"NHS BRISTOL, NORTH SOMERSET AND SOUTH GLOUCESTERSHIRE ICB - 15C",58.0
recovery,2024-02-01,15E,NHS BIRMINGHAM AND SOLIHULL ICB - 15E,44.0
recovery,2024-02-01,15F,NHS WEST YORKSHIRE ICB - 15F,43.0
recovery,2024-02-01,15M,NHS DERBY AND DERBYSHIRE ICB - 15M,55.0
recovery,2024-02-01,15N,NHS DEVON ICB - 15N,53.0
recovery,2024-02-01,16C,NHS NORTH EAST AND NORTH CUMBRIA ICB - 16C,49.0
recovery,2024-02-01,18C,NHS HEREFORDSHIRE AND WORCESTERSHIRE ICB - 18C,57.0
recovery,2024-02-01,26A,NHS NORFOLK AND WAVENEY ICB - 26A,49.0
recovery,2024-02-01,27D,NHS CHESHIRE AND MERSEYSIDE ICB - 27D,49.0
recovery,2024-02-01,36J,NHS WEST YORKSHIRE ICB - 36J,49.0
recovery,2024-02-01,36L,NHS SOUTH WEST LONDON ICB - 36L,53.0
recovery,2024-02-01,42D,NHS HUMBER AND NORTH YORKSHIRE ICB - 42D,53.0
recovery,2024-02-01,52R,NHS NOTTINGHAM AND NOTTINGHAMSHIRE ICB - 52R,53.0
recovery,2024-02-01,70F,NHS SUSSEX ICB - 70F,58.0
recovery,2024-02-01,71E,NHS LINCOLNSHIRE ICB - 71E,50.0
recovery,2024-02-01,72Q,NHS SOUTH EAST LONDON ICB - 72Q,51.0
recovery,2024-02-01,78H,NHS NORTHAMPTONSHIRE ICB - 78H,51.0
recovery,2024-02-01,84H,NHS NORTH EAST AND NORTH CUMBRIA ICB - 84H,51.0
recovery,2024-02-01,91Q,NHS KENT AND MEDWAY ICB - 91Q,48.0
recovery,2024-02-01,92A,NHS SURREY HEARTLANDS ICB - 92A,51.0
recovery,2024-02-01,92G,"NHS BATH AND NORTH EAST SOMERSET, SWINDON AND WILTSHIRE ICB - 92G",49.0
recovery,2024-02-01,93C,NHS NORTH CENTRAL LONDON ICB - 93C,48.0
recovery,2024-02-01,97R,NHS SUSSEX ICB - 97R,50.0
recovery,2024-02-01,99A,NHS CHESHIRE AND MERSEYSIDE ICB - 99A,46.0
recovery,2024-02-01,99C,NHS NORTH EAST AND NORTH CUMBRIA ICB - 99C,56.0
recovery,2024-02-01,99E,NHS MID AND SOUTH ESSEX ICB - 99E,59.0
recovery,2024-02-01,99F,NHS MID AND SOUTH ESSEX ICB - 99F,55.0
recovery,2024-02-01,99G,NHS MID AND SOUTH ESSEX ICB - 99G,48.0
recovery,2024-02-01,A3A8R,NHS NORTH EAST LONDON ICB - A3A8R,51.0
recovery,2024-02-01,B2M3M,NHS COVENTRY AND WARWICKSHIRE ICB - B2M3M,52.0
recovery,2024-02-01,D2P2L,NHS BLACK COUNTRY ICB - D2P2L,52.0
recovery,2024-02-01,D4U1Y,NHS FRIMLEY ICB - D4U1Y,51.0
recovery,2024-02-01,D9Y0V,NHS HAMPSHIRE AND ISLE OF WIGHT ICB - D9Y0V,54.0
recovery,2024-02-01,InvalidCode,Unknown,40.0
recovery,2024-02-01,M1J4Y,"NHS BEDFORDSHIRE, LUTON AND MILTON KEYNES ICB - M1J4Y",50.0
recovery,2024-02-01,M2L0M,"NHS SHROPSHIRE, TELFORD AND WREKIN ICB - M2L0M",52.0
recovery,2024-02-01,W2U3Z,NHS NORTH WEST LONDON ICB - W2U3Z,50.0
recovery,2024-02-01,X2C4Y,NHS WEST YORKSHIRE ICB - X2C4Y,55.0
recovery,2024-03-01,00L,NHS NORTH EAST AND NORTH CUMBRIA ICB - 00L,55.0
recovery,2024-03-01,00N,NHS NORTH EAST AND NORTH CUMBRIA ICB - 00N,45.0
recovery,2024-03-01,00P,NHS NORTH EAST AND NORTH CUMBRIA ICB - 00P,48.0
recovery,2024-03-01,00Q,NHS LANCASHIRE AND SOUTH CUMBRIA ICB - 00Q,51.0
recovery,2024-03-01,00R,NHS LANCASHIRE AND SOUTH CUMBRIA ICB - 00R,55.0
recovery,2024-03-01,00T,NHS GREATER MANCHESTER ICB - 00T,49.0
recovery,2024-03-01,00V,NHS GREATER MANCHESTER ICB - 00V,49.0
recovery,2024-03-01,00X,NHS LANCASHIRE AND SOUTH CUMBRIA ICB - 00X,49.0
recovery,2024-03-01,00Y,NHS GREATER MANCHESTER ICB - 00Y,50.0
recovery,2024-03-01,01A,NHS LANCASHIRE AND SOUTH CUMBRIA ICB - 01A,56.0
recovery,2024-03-01,01D,NHS GREATER MANCHESTER ICB - 01D,49.0
recovery,2024-03-01,01E,NHS LANCASHIRE AND SOUTH CUMBRIA ICB - 01E,51.0
recovery,2024-03-01,01F,NHS CHESHIRE AND MERSEYSIDE ICB - 01F,53.0
recovery,2024-03-01,01G,NHS GREATER MANCHESTER ICB - 01G,43.0
recovery,2024-03-01,01H,NHS NORTH EAST AND NORTH CUMBRIA ICB - 01H,55.0
recovery,2024-03-01,01J,NHS CHESHIRE AND MERSEYSIDE ICB - 01J,50.0
recovery,2024-03-01,01K,NHS LANCASHIRE AND SOUTH CUMBRIA ICB - 01K,47.0
recovery,2024-03-01,01T,NHS CHESHIRE AND MERSEYSIDE ICB - 01T,57.0
recovery,2024-03-01,01V,NHS CHESHIRE AND MERSEYSIDE ICB - 01V,52.0
recovery,2024-03-01,01W,NHS GREATER MANCHESTER ICB - 01W,49.0
recovery,2024-03-01,01X,NHS CHESHIRE AND MERSEYSIDE ICB - 01X,52.0
recovery,2024-03-01,01Y,NHS GREATER MANCHESTER ICB - 01Y,50.0
recovery,2024-03-01,02A,NHS GREATER MANCHESTER ICB - 02A,60.0
recovery,2024-03-01,02E,NHS CHESHIRE AND MERSEYSIDE ICB - 02E,51.0
recovery,2024-03-01,02G,NHS LANCASHIRE AND SOUTH CUMBRIA ICB - 02G,53.0
recovery,2024-03-01,02H,NHS GREATER MANCHESTER ICB - 02H,52.0
recovery,2024-03-01,02M,NHS LANCASHIRE AND SOUTH CUMBRIA ICB - 02M,52.0
recovery,2024-03-01,02P,NHS SOUTH YORKSHIRE ICB - 02P,49.0
recovery,2024-03-01,02Q,NHS NOTTINGHAM AND NOTTINGHAMSHIRE ICB - 02Q,48.0
recovery,2024-03-01,02T,NHS WEST YORKSHIRE ICB - 02T,58.0
recovery,2024-03-01,02X,NHS SOUTH YORKSHIRE ICB - 02X,49.0
recovery,2024-03-01,02Y,NHS HUMBER AND NORTH YORKSHIRE ICB - 02Y,67.0
recovery,2024-03-01,03F,NHS HUMBER AND NORTH YORKSHIRE ICB - 03F,56.0
recovery,2024-03-01,03H,NHS HUMBER AND NORTH YORKSHIRE ICB - 03H,53.0
recovery,2024-03-01,03K,NHS HUMBER AND NORTH YORKSHIRE ICB - 03K,52.0
recovery,2024-03-01,03L,NHS SOUTH YORKSHIRE ICB - 03L,46.0
recovery,2024-03-01,03N,NHS SOUTH YORKSHIRE ICB - 03N,51.0
recovery,2024-03-01,03Q,NHS HUMBER AND NORTH YORKSHIRE ICB - 03Q,58.0
recovery,2024-03-01,03R,NHS WEST YORKSHIRE ICB - 03R,51.0
recovery,2024-03-01,03W,"NHS LEICESTER, LEICESTERSHIRE AND RUTLAND ICB - 03W",55.0
recovery,2024-03-01,04C,"NHS LEICESTER, LEICESTERSHIRE AND RUTLAND ICB - 04C",50.0
recovery,2024-03-01,04V,"NHS LEICESTER, LEICESTERSHIRE AND RUTLAND ICB - 04V",49.0
recovery,2024-03-01,04Y,NHS STAFFORDSHIRE AND STOKE-ON-TRENT ICB - 04Y,55.0
recovery,2024-03-01,05D,NHS STAFFORDSHIRE AND STOKE-ON-TRENT ICB - 05D,51.0
recovery,2024-03-01,05G,NHS STAFFORDSHIRE AND STOKE-ON-TRENT ICB - 05G,56.0
recovery,2024-03-01,05Q,NHS STAFFORDSHIRE AND STOKE-ON-TRENT ICB - 05Q,59.0
recovery,2024-03-01,05V,NHS STAFFORDSHIRE AND STOKE-ON-TRENT ICB - 05V,52.0
recovery,2024-03-01,05W,NHS STAFFORDSHIRE AND STOKE-ON-TRENT ICB - 05W,57.0
recovery,2024-03-01,06H,NHS CAMBRIDGESHIRE AND PETERBOROUGH ICB - 06H,51.0
recovery,2024-03-01,06K,NHS HERTFORDSHIRE AND WEST ESSEX ICB - 06K,48.0
recovery,2024-03-01,06L,NHS SUFFOLK AND NORTH EAST ESSEX ICB - 06L,53.0
recovery,2024-03-01,06N,NHS HERTFORDSHIRE AND WEST ESSEX ICB - 06N,51.0
recovery,2024-03-01,06Q,NHS MID AND SOUTH ESSEX ICB - 06Q,52.0
recovery,2024-03-01,06T,NHS SUFFOLK AND NORTH EAST ESSEX ICB - 06T,49.0
recovery,2024-03-01,07G,NHS MID AND SOUTH ESSEX ICB - 07G,50.0
recovery,2024-03-01,07H,NHS HERTFORDSHIRE AND WEST ESSEX ICB - 07H,57.0
recovery,2024-03-01,07K,NHS SUFFOLK AND NORTH EAST ESSEX ICB - 07K,53.0
recovery,2024-03-01,09D,NHS SUSSEX ICB - 09D,51.0
recovery,2024-03-01,10Q,"NHS BUCKINGHAMSHIRE, OXFORDSHIRE AND BERKSHIRE WEST ICB - 10Q",55.0
recovery,2024-03-01,10R,NHS HAMPSHIRE AND ISLE OF WIGHT ICB - 10R,56.0
recovery,2024-03-01,11J,NHS DORSET ICB - 11J,49.0
recovery,2024-03-01,11M,NHS GLOUCESTERSHIRE ICB - 11M,53.0
recovery,2024-03-01,11N,NHS CORNWALL AND THE ISLES OF SCILLY ICB - 11N,55.0
recovery,2024-03-01,11X,NHS SOMERSET ICB - 11X,54.0
recovery,2024-03-01,12F,NHS CHESHIRE AND MERSEYSIDE ICB - 12F,49.0
recovery,2024-03-01,13Q,NATIONAL COMMISSIONING HUB 1,60.0
recovery,2024-03-01,13T,NHS NORTH EAST AND NORTH CUMBRIA ICB - 13T,57.0
recovery,2024-03-01,14L,NHS GREATER MANCHESTER ICB - 14L,47.0
recovery,2024-03-01,14R,EAST OF ENGLAND - H&J COMMISSIONING HUB,61.0
recovery,2024-03-01,14Y,"NHS BUCKINGHAMSHIRE, OXFORDSHIRE AND BERKSHIRE WEST ICB - 14Y",50.0
recovery,2024-03-01,15A,"NHS BUCKINGHAMSHIRE, OXFORDSHIRE AND BERKSHIRE WEST ICB - 15A",48.0
recovery,2024-03-01,15C,"NHS BRISTOL, NORTH SOMERSET AND SOUTH GLOUCESTERSHIRE ICB - 15C",59.0
recovery,2024-03-01,15E,NHS BIRMINGHAM AND SOLIHULL ICB - 15E,46.0
recovery,2024-03-01,15F,NHS WEST YORKSHIRE ICB - 15F,41.0
recovery,2024-03-01,15M,NHS DERBY AND DERBYSHIRE ICB - 15M,53.0
recovery,2024-03-01,15N,NHS DEVON ICB - 15N,51.0
recovery,2024-03-01,16C,NHS NORTH EAST AND NORTH CUMBRIA ICB - 16C,50.0
recovery,2024-03-01,18C,NHS HEREFORDSHIRE AND WORCESTERSHIRE ICB - 18C,53.0
recovery,2024-03-01,26A,NHS NORFOLK AND WAVENEY ICB - 26A,52.0
recovery,2024-03-01,27D,NHS CHESHIRE AND MERSEYSIDE ICB - 27D,50.0
recovery,2024-03-01,36J,NHS WEST YORKSHIRE ICB - 36J,50.0
recovery,2024-03-01,36L,NHS SOUTH WEST LONDON ICB - 36L,54.0
recovery,2024-03-01,42D,NHS HUMBER AND NORTH YORKSHIRE ICB - 42D,59.0
recovery,2024-03-01,52R,NHS NOTTINGHAM AND NOTTINGHAMSHIRE ICB - 52R,50.0
recovery,2024-03-01,70F,NHS SUSSEX ICB - 70F,55.0
recovery,2024-03-01,71E,NHS LINCOLNSHIRE ICB - 71E,48.0
recovery,2024-03-01,72Q,NHS SOUTH EAST LONDON ICB - 72Q,51.0
recovery,2024-03-01,78H,NHS NORTHAMPTONSHIRE ICB - 78H,49.0
recovery,2024-03-01,84H,NHS NORTH EAST AND NORTH CUMBRIA ICB - 84H,50.0
recovery,2024-03-01,91Q,NHS KENT AND MEDWAY ICB - 91Q,50.0
recovery,2024-03-01,92A,NHS SURREY HEARTLANDS ICB - 92A,49.0
recovery,2024-03-01,92G,"NHS BATH AND NORTH EAST SOMERSET, SWINDON AND WILTSHIRE ICB - 92G",49.0
recovery,2024-03-01,93C,NHS NORTH CENTRAL LONDON ICB - 93C,48.0
recovery,2024-03-01,97R,NHS SUSSEX ICB - 97R,52.0
recovery,2024-03-01,99A,NHS CHESHIRE AND MERSEYSIDE ICB - 99A,50.0
recovery,2024-03-01,99C,NHS NORTH EAST AND NORTH CUMBRIA ICB - 99C,56.0
recovery,2024-03-01,99E,NHS MID AND SOUTH ESSEX ICB - 99E,41.0
recovery,2024-03-01,99F,NHS MID AND SOUTH ESSEX ICB - 99F,52.0
recovery,2024-03-01,99G,NHS MID AND SOUTH ESSEX ICB - 99G,48.0
recovery,2024-03-01,A3A8R,NHS NORTH EAST LONDON ICB - A3A8R,51.0
recovery,2024-03-01,B2M3M,NHS COVENTRY AND WARWICKSHIRE ICB - B2M3M,46.0
recovery,2024-03-01,D2P2L,NHS BLACK COUNTRY ICB - D2P2L,49.0
recovery,2024-03-01,D4U1Y,NHS FRIMLEY ICB - D4U1Y,47.0
recovery,2024-03-01,D9Y0V,NHS HAMPSHIRE AND ISLE OF WIGHT ICB - D9Y0V,51.0
recovery,2024-03-01,InvalidCode,Unknown,47.0
recovery,2024-03-01,M1J4Y,"NHS BEDFORDSHIRE, LUTON AND MILTON KEYNES ICB - M1J4Y",44.0
recovery,2024-03-01,M2L0M,"NHS SHROPSHIRE, TELFORD AND WREKIN ICB - M2L0M",55.0
recovery,2024-03-01,W2U3Z,NHS NORTH WEST LONDON ICB - W2U3Z,50.0
recovery,2024-03-01,X2C4Y,NHS WEST YORKSHIRE ICB - X2C4Y,52.0
recovery,2024-04-01,00L,NHS NORTH EAST AND NORTH CUMBRIA ICB - 00L,49.0
recovery,2024-04-01,00N,NHS NORTH EAST AND NORTH CUMBRIA ICB - 00N,10.0
recovery,2024-04-01,00P,NHS NORTH EAST AND NORTH CUMBRIA ICB - 00P,50.0
recovery,2024-04-01,00Q,NHS LANCASHIRE AND SOUTH CUMBRIA ICB - 00Q,53.0
recovery,2024-04-01,00R,NHS LANCASHIRE AND SOUTH CUMBRIA ICB - 00R,18.0
recovery,2024-04-01,00T,NHS GREATER MANCHESTER ICB - 00T,51.0
recovery,2024-04-01,00V,NHS GREATER MANCHESTER ICB - 00V,57.0
recovery,2024-04-01,00X,NHS LANCASHIRE AND SOUTH CUMBRIA ICB - 00X,52.0
recovery,2024-04-01,00Y,NHS GREATER MANCHESTER ICB - 00Y,51.0
recovery,2024-04-01,01A,NHS LANCASHIRE AND SOUTH CUMBRIA ICB - 01A,56.0
recovery,2024-04-01,01D,NHS GREATER MANCHESTER ICB - 01D,47.0
recovery,2024-04-01,01E,NHS LANCASHIRE AND SOUTH CUMBRIA ICB - 01E,48.0
recovery,2024-04-01,01F,NHS CHESHIRE AND MERSEYSIDE ICB - 01F,51.0
recovery,2024-04-01,01G,NHS GREATER MANCHESTER ICB - 01G,45.0
recovery,2024-04-01,01H,NHS NORTH EAST AND NORTH CUMBRIA ICB - 01H,58.0
recovery,2024-04-01,01J,NHS CHESHIRE AND MERSEYSIDE ICB - 01J,51.0
recovery,2024-04-01,01K,NHS LANCASHIRE AND SOUTH CUMBRIA ICB - 01K,50.0
recovery,2024-04-01,01T,NHS CHESHIRE AND MERSEYSIDE ICB - 01T,45.0
recovery,2024-04-01,01V,NHS CHESHIRE AND MERSEYSIDE ICB - 01V,60.0
recovery,2024-04-01,01W,NHS GREATER MANCHESTER ICB - 01W,49.0
recovery,2024-04-01,01X,NHS CHESHIRE AND MERSEYSIDE ICB - 01X,51.0
recovery,2024-04-01,01Y,NHS GREATER MANCHESTER ICB - 01Y,56.0
recovery,2024-04-01,02A,NHS GREATER MANCHESTER ICB - 02A,54.0
recovery,2024-04-01,02E,NHS CHESHIRE AND MERSEYSIDE ICB - 02E,52.0
recovery,2024-04-01,02G,NHS LANCASHIRE AND SOUTH CUMBRIA ICB - 02G,50.0
recovery,2024-04-01,02H,NHS GREATER MANCHESTER ICB - 02H,46.0
recovery,2024-04-01,02M,NHS LANCASHIRE AND SOUTH CUMBRIA ICB - 02M,56.0
recovery,2024-04-01,02P,NHS SOUTH YORKSHIRE ICB - 02P,50.0
recovery,2024-04-01,02Q,NHS NOTTINGHAM AND NOTTINGHAMSHIRE ICB - 02Q,49.0
recovery,2024-04-01,02T,NHS WEST YORKSHIRE ICB - 02T,54.0
recovery,2024-04-01,02X,NHS SOUTH YORKSHIRE ICB - 02X,50.0
recovery,2024-04-01,02Y,NHS HUMBER AND NORTH YORKSHIRE ICB - 02Y,63.0
recovery,2024-04-01,03F,NHS HUMBER AND NORTH YORKSHIRE ICB - 03F,56.0
recovery,2024-04-01,03H,NHS HUMBER AND NORTH YORKSHIRE ICB - 03H,46.0
recovery,2024-04-01,03K,NHS HUMBER AND NORTH YORKSHIRE ICB - 03K,47.0
recovery,2024-04-01,03L,NHS SOUTH YORKSHIRE ICB - 03L,49.0
recovery,2024-04-01,03N,NHS SOUTH YORKSHIRE ICB - 03N,50.0
recovery,2024-04-01,03Q,NHS HUMBER AND NORTH YORKSHIRE ICB - 03Q,52.0
recovery,2024-04-01,03R,NHS WEST YORKSHIRE ICB - 03R,53.0
recovery,2024-04-01,03W,"NHS LEICESTER, LEICESTERSHIRE AND RUTLAND ICB - 03W",57.0
recovery,2024-04-01,04C,"NHS LEICESTER, LEICESTERSHIRE AND RUTLAND ICB - 04C",39.0
recovery,2024-04-01,04V,"NHS LEICESTER, LEICESTERSHIRE AND RUTLAND ICB - 04V",55.0
recovery,2024-04-01,04Y,NHS STAFFORDSHIRE AND STOKE-ON-TRENT ICB - 04Y,49.0
recovery,2024-04-01,05D,NHS STAFFORDSHIRE AND STOKE-ON-TRENT ICB - 05D,56.0
recovery,2024-04-01,05G,NHS STAFFORDSHIRE AND STOKE-ON-TRENT ICB - 05G,53.0
recovery,2024-04-01,05Q,NHS STAFFORDSHIRE AND STOKE-ON-TRENT ICB - 05Q,47.0
recovery,2024-04-01,05V,NHS STAFFORDSHIRE AND STOKE-ON-TRENT ICB - 05V,53.0
recovery,2024-04-01,05W,NHS STAFFORDSHIRE AND STOKE-ON-TRENT ICB - 05W,62.0
recovery,2024-04-01,06H,NHS CAMBRIDGESHIRE AND PETERBOROUGH ICB - 06H,52.0
recovery,2024-04-01,06K,NHS HERTFORDSHIRE AND WEST ESSEX ICB - 06K,53.0
recovery,2024-04-01,06L,NHS SUFFOLK AND NORTH EAST ESSEX ICB - 06L,51.0
recovery,2024-04-01,06N,NHS HERTFORDSHIRE AND WEST ESSEX ICB - 06N,50.0
recovery,2024-04-01,06Q,NHS MID AND SOUTH ESSEX ICB - 06Q,50.0
recovery,2024-04-01,06T,NHS SUFFOLK AND NORTH EAST ESSEX ICB - 06T,50.0
recovery,2024-04-01,07G,NHS MID AND SOUTH ESSEX ICB - 07G,53.0
recovery,2024-04-01,07H,NHS HERTFORDSHIRE AND WEST ESSEX ICB - 07H,57.0
recovery,2024-04-01,07K,NHS SUFFOLK AND NORTH EAST ESSEX ICB - 07K,53.0
recovery,2024-04-01,09D,NHS SUSSEX ICB - 09D,48.0
recovery,2024-04-01,10Q,"NHS BUCKINGHAMSHIRE, OXFORDSHIRE AND BERKSHIRE WEST ICB - 10Q",51.0
recovery,2024-04-01,10R,NHS HAMPSHIRE AND ISLE OF WIGHT ICB - 10R,52.0
recovery,2024-04-01,11J,NHS DORSET ICB - 11J,49.0
recovery,2024-04-01,11M,NHS GLOUCESTERSHIRE ICB - 11M,52.0
recovery,2024-04-01,11N,NHS CORNWALL AND THE ISLES OF SCILLY ICB - 11N,44.0
recovery,2024-04-01,11X,NHS SOMERSET ICB - 11X,53.0
recovery,2024-04-01,12F,NHS CHESHIRE AND MERSEYSIDE ICB - 12F,51.0
recovery,2024-04-01,13Q,NATIONAL COMMISSIONING HUB 1,54.0
recovery,2024-04-01,13T,NHS NORTH EAST AND NORTH CUMBRIA ICB - 13T,37.0
recovery,2024-04-01,14L,NHS GREATER MANCHESTER ICB - 14L,45.0
recovery,2024-04-01,14R,EAST OF ENGLAND - H&J COMMISSIONING HUB,32.0
recovery,2024-04-01,14Y,"NHS BUCKINGHAMSHIRE, OXFORDSHIRE AND BERKSHIRE WEST ICB - 14Y",49.0
recovery,2024-04-01,15A,"NHS BUCKINGHAMSHIRE, OXFORDSHIRE AND BERKSHIRE WEST ICB - 15A",50.0
recovery,2024-04-01,15C,"NHS BRISTOL, NORTH SOMERSET AND SOUTH GLOUCESTERSHIRE ICB - 15C",56.0
recovery,2024-04-01,15E,NHS BIRMINGHAM AND SOLIHULL ICB - 15E,45.0
recovery,2024-04-01,15F,NHS WEST YORKSHIRE ICB - 15F,49.0
recovery,2024-04-01,15M,NHS DERBY AND DERBYSHIRE ICB - 15M,53.0
recovery,2024-04-01,15N,NHS DEVON ICB - 15N,52.0
recovery,2024-04-01,16C,NHS NORTH EAST AND NORTH CUMBRIA ICB - 16C,54.0
recovery,2024-04-01,18C,NHS HEREFORDSHIRE AND WORCESTERSHIRE ICB - 18C,47.0
recovery,2024-04-01,26A,NHS NORFOLK AND WAVENEY ICB - 26A,54.0
recovery,2024-04-01,27D,NHS CHESHIRE AND MERSEYSIDE ICB - 27D,51.0
recovery,2024-04-01,36J,NHS WEST YORKSHIRE ICB - 36J,48.0
recovery,2024-04-01,36L,NHS SOUTH WEST LONDON ICB - 36L,52.0
recovery,2024-04-01,42D,NHS HUMBER AND NORTH YORKSHIRE ICB - 42D,54.0
recovery,2024-04-01,52R,NHS NOTTINGHAM AND NOTTINGHAMSHIRE ICB - 52R,56.0
recovery,2024-04-01,70F,NHS SUSSEX ICB - 70F,58.0
recovery,2024-04-01,71E,NHS LINCOLNSHIRE ICB - 71E,49.0
recovery,2024-04-01,72Q,NHS SOUTH EAST LONDON ICB - 72Q,50.0
recovery,2024-04-01,78H,NHS NORTHAMPTONSHIRE ICB - 78H,52.0
recovery,2024-04-01,84H,NHS NORTH EAST AND NORTH CUMBRIA ICB - 84H,51.0
recovery,2024-04-01,91Q,NHS KENT AND MEDWAY ICB - 91Q,51.0
recovery,2024-04-01,92A,NHS SURREY HEARTLANDS ICB - 92A,36.0
recovery,2024-04-01,92G,"NHS BATH AND NORTH EAST SOMERSET, SWINDON AND WILTSHIRE ICB - 92G",40.0
recovery,2024-04-01,93C,NHS NORTH CENTRAL LONDON ICB - 93C,49.0
recovery,2024-04-01,97R,NHS SUSSEX ICB - 97R,48.0
recovery,2024-04-01,99A,NHS CHESHIRE AND MERSEYSIDE ICB - 99A,50.0
recovery,2024-04-01,99C,NHS NORTH EAST AND NORTH CUMBRIA ICB - 99C,55.0
recovery,2024-04-01,99E,NHS MID AND SOUTH ESSEX ICB - 99E,58.0
recovery,2024-04-01,99F,NHS MID AND SOUTH ESSEX ICB - 99F,56.0
recovery,2024-04-01,99G,NHS MID AND SOUTH ESSEX ICB - 99G,48.0
recovery,2024-04-01,A3A8R,NHS NORTH EAST LONDON ICB - A3A8R,48.0
recovery,2024-04-01,B2M3M,NHS COVENTRY AND WARWICKSHIRE ICB - B2M3M,48.0
recovery,2024-04-01,D2P2L,NHS BLACK COUNTRY ICB - D2P2L,47.0
recovery,2024-04-01,D4U1Y,NHS FRIMLEY ICB - D4U1Y,45.0
recovery,2024-04-01,D9Y0V,NHS HAMPSHIRE AND ISLE OF WIGHT ICB - D9Y0V,50.0
recovery,2024-04-01,InvalidCode,Unknown,41.0
recovery,2024-04-01,M1J4Y,"NHS BEDFORDSHIRE, LUTON AND MILTON KEYNES ICB - M1J4Y",43.0
recovery,2024-04-01,M2L0M,"NHS SHROPSHIRE, TELFORD AND WREKIN ICB - M2L0M",55.0
recovery,2024-04-01,W2U3Z,NHS NORTH WEST LONDON ICB - W2U3Z,46.0
recovery,2024-04-01,X2C4Y,NHS WEST YORKSHIRE ICB - X2C4Y,53.0
recovery,2024-05-01,00L,NHS NORTH EAST AND NORTH CUMBRIA ICB - 00L,53.0
recovery,2024-05-01,00N,NHS NORTH EAST AND NORTH CUMBRIA ICB - 00N,56.0
recovery,2024-05-01,00P,NHS NORTH EAST AND NORTH CUMBRIA ICB - 00P,53.0
recovery,2024-05-01,00Q,NHS LANCASHIRE AND SOUTH CUMBRIA ICB - 00Q,44.0
recovery,2024-05-01,00R,NHS LANCASHIRE AND SOUTH CUMBRIA ICB - 00R,54.0
recovery,2024-05-01,00T,NHS GREATER MANCHESTER ICB - 00T,48.0
recovery,2024-05-01,00V,NHS GREATER MANCHESTER ICB - 00V,48.0
recovery,2024-05-01,00X,NHS LANCASHIRE AND SOUTH CUMBRIA ICB - 00X,47.0
recovery,2024-05-01,00Y,NHS GREATER MANCHESTER ICB - 00Y,44.0
recovery,2024-05-01,01A,NHS LANCASHIRE AND SOUTH CUMBRIA ICB - 01A,55.0
recovery,2024-05-01,01D,NHS GREATER MANCHESTER ICB - 01D,49.0
recovery,2024-05-01,01E,NHS LANCASHIRE AND SOUTH CUMBRIA ICB - 01E,55.0
recovery,2024-05-01,01F,NHS CHESHIRE AND MERSEYSIDE ICB - 01F,50.0
recovery,2024-05-01,01G,NHS GREATER MANCHESTER ICB - 01G,46.0
recovery,2024-05-01,01H,NHS NORTH EAST AND NORTH CUMBRIA ICB - 01H,53.0
recovery,2024-05-01,01J,NHS CHESHIRE AND MERSEYSIDE ICB - 01J,51.0
recovery,2024-05-01,01K,NHS LANCASHIRE AND SOUTH CUMBRIA ICB - 01K,53.0
recovery,2024-05-01,01T,NHS CHESHIRE AND MERSEYSIDE ICB - 01T,51.0
recovery,2024-05-01,01V,NHS CHESHIRE AND MERSEYSIDE ICB - 01V,56.0
recovery,2024-05-01,01W,NHS GREATER MANCHESTER ICB - 01W,56.0
recovery,2024-05-01,01X,NHS CHESHIRE AND MERSEYSIDE ICB - 01X,50.0
recovery,2024-05-01,01Y,NHS GREATER MANCHESTER ICB - 01Y,53.0
recovery,2024-05-01,02A,NHS GREATER MANCHESTER ICB - 02A,51.0
recovery,2024-05-01,02E,NHS CHESHIRE AND MERSEYSIDE ICB - 02E,51.0
recovery,2024-05-01,02G,NHS LANCASHIRE AND SOUTH CUMBRIA ICB - 02G,57.0
recovery,2024-05-01,02H,NHS GREATER MANCHESTER ICB - 02H,50.0
recovery,2024-05-01,02M,NHS LANCASHIRE AND SOUTH CUMBRIA ICB - 02M,64.0
recovery,2024-05-01,02P,NHS SOUTH YORKSHIRE ICB - 02P,50.0
recovery,2024-05-01,02Q,NHS NOTTINGHAM AND NOTTINGHAMSHIRE ICB - 02Q,61.0
recovery,2024-05-01,02T,NHS WEST YORKSHIRE ICB - 02T,46.0
recovery,2024-05-01,02X,NHS SOUTH YORKSHIRE ICB - 02X,51.0
recovery,2024-05-01,02Y,NHS HUMBER AND NORTH YORKSHIRE ICB - 02Y,60.0
recovery,2024-05-01,03F,NHS HUMBER AND NORTH YORKSHIRE ICB - 03F,59.0
recovery,2024-05-01,03H,NHS HUMBER AND NORTH YORKSHIRE ICB - 03H,58.0
recovery,2024-05-01,03K,NHS HUMBER AND NORTH YORKSHIRE ICB - 03K,46.0
recovery,2024-05-01,03L,NHS SOUTH YORKSHIRE ICB - 03L,51.0
recovery,2024-05-01,03N,NHS SOUTH YORKSHIRE ICB - 03N,50.0
recovery,2024-05-01,03Q,NHS HUMBER AND NORTH YORKSHIRE ICB - 03Q,58.0
recovery,2024-05-01,03R,NHS WEST YORKSHIRE ICB - 03R,48.0
recovery,2024-05-01,03W,"NHS LEICESTER, LEICESTERSHIRE AND RUTLAND ICB - 03W",55.0
recovery,2024-05-01,04C,"NHS LEICESTER, LEICESTERSHIRE AND RUTLAND ICB - 04C",51.0
recovery,2024-05-01,04V,"NHS LEICESTER, LEICESTERSHIRE AND RUTLAND ICB - 04V",57.0
recovery,2024-05-01,04Y,NHS STAFFORDSHIRE AND STOKE-ON-TRENT ICB - 04Y,44.0
recovery,2024-05-01,05D,NHS STAFFORDSHIRE AND STOKE-ON-TRENT ICB - 05D,47.0
recovery,2024-05-01,05G,NHS STAFFORDSHIRE AND STOKE-ON-TRENT ICB - 05G,54.0
recovery,2024-05-01,05Q,NHS STAFFORDSHIRE AND STOKE-ON-TRENT ICB - 05Q,50.0
recovery,2024-05-01,05V,NHS STAFFORDSHIRE AND STOKE-ON-TRENT ICB - 05V,51.0
recovery,2024-05-01,05W,NHS STAFFORDSHIRE AND STOKE-ON-TRENT ICB - 05W,54.0
recovery,2024-05-01,06H,NHS CAMBRIDGESHIRE AND PETERBOROUGH ICB - 06H,51.0
recovery,2024-05-01,06K,NHS HERTFORDSHIRE AND WEST ESSEX ICB - 06K,51.0
recovery,2024-05-01,06L,NHS SUFFOLK AND NORTH EAST ESSEX ICB - 06L,52.0
recovery,2024-05-01,06N,NHS HERTFORDSHIRE AND WEST ESSEX ICB - 06N,53.0
recovery,2024-05-01,06Q,NHS MID AND SOUTH ESSEX ICB - 06Q,51.0
recovery,2024-05-01,06T,NHS SUFFOLK AND NORTH EAST ESSEX ICB - 06T,50.0
recovery,2024-05-01,07G,NHS MID AND SOUTH ESSEX ICB - 07G,46.0
recovery,2024-05-01,07H,NHS HERTFORDSHIRE AND WEST ESSEX ICB - 07H,57.0
recovery,2024-05-01,07K,NHS SUFFOLK AND NORTH EAST ESSEX ICB - 07K,52.0
recovery,2024-05-01,09D,NHS SUSSEX ICB - 09D,47.0
recovery,2024-05-01,10Q,"NHS BUCKINGHAMSHIRE, OXFORDSHIRE AND BERKSHIRE WEST ICB - 10Q",51.0
recovery,2024-05-01,10R,NHS HAMPSHIRE AND ISLE OF WIGHT ICB - 10R,51.0
recovery,2024-05-01,11J,NHS DORSET ICB - 11J,50.0
recovery,2024-05-01,11M,NHS GLOUCESTERSHIRE ICB - 11M,52.0
recovery,2024-05-01,11N,NHS CORNWALL AND THE ISLES OF SCILLY ICB - 11N,55.0
recovery,2024-05-01,11X,NHS SOMERSET ICB - 11X,56.0
recovery,2024-05-01,12F,NHS CHESHIRE AND MERSEYSIDE ICB - 12F,53.0
recovery,2024-05-01,13Q,NATIONAL COMMISSIONING HUB 1,48.0
recovery,2024-05-01,13T,NHS NORTH EAST AND NORTH CUMBRIA ICB - 13T,56.0
recovery,2024-05-01,14L,NHS GREATER MANCHESTER ICB - 14L,46.0
recovery,2024-05-01,14R,EAST OF ENGLAND - H&J COMMISSIONING HUB,42.0
recovery,2024-05-01,14Y,"NHS BUCKINGHAMSHIRE, OXFORDSHIRE AND BERKSHIRE WEST ICB - 14Y",48.0
recovery,2024-05-01,15A,"NHS BUCKINGHAMSHIRE, OXFORDSHIRE AND BERKSHIRE WEST ICB - 15A",51.0
recovery,2024-05-01,15C,"NHS BRISTOL, NORTH SOMERSET AND SOUTH GLOUCESTERSHIRE ICB - 15C",58.0
recovery,2024-05-01,15E,NHS BIRMINGHAM AND SOLIHULL ICB - 15E,47.0
recovery,2024-05-01,15F,NHS WEST YORKSHIRE ICB - 15F,50.0
recovery,2024-05-01,15M,NHS DERBY AND DERBYSHIRE ICB - 15M,52.0
recovery,2024-05-01,15N,NHS DEVON ICB - 15N,53.0
recovery,2024-05-01,16C,NHS NORTH EAST AND NORTH CUMBRIA ICB - 16C,50.0
recovery,2024-05-01,18C,NHS HEREFORDSHIRE AND WORCESTERSHIRE ICB - 18C,51.0
recovery,2024-05-01,26A,NHS NORFOLK AND WAVENEY ICB - 26A,53.0
recovery,2024-05-01,27D,NHS CHESHIRE AND MERSEYSIDE ICB - 27D,50.0
recovery,2024-05-01,36J,NHS WEST YORKSHIRE ICB - 36J,56.0
recovery,2024-05-01,36L,NHS SOUTH WEST LONDON ICB - 36L,53.0
recovery,2024-05-01,42D,NHS HUMBER AND NORTH YORKSHIRE ICB - 42D,57.0
recovery,2024-05-01,52R,NHS NOTTINGHAM AND NOTTINGHAMSHIRE ICB - 52R,51.0
recovery,2024-05-01,70F,NHS SUSSEX ICB - 70F,57.0
recovery,2024-05-01,71E,NHS LINCOLNSHIRE ICB - 71E,50.0
recovery,2024-05-01,72Q,NHS SOUTH EAST LONDON ICB - 72Q,50.0
recovery,2024-05-01,78H,NHS NORTHAMPTONSHIRE ICB - 78H,51.0
recovery,2024-05-01,84H,NHS NORTH EAST AND NORTH CUMBRIA ICB - 84H,50.0
recovery,2024-05-01,91Q,NHS KENT AND MEDWAY ICB - 91Q,40.0
recovery,2024-05-01,92A,NHS SURREY HEARTLANDS ICB - 92A,48.0
recovery,2024-05-01,92G,"NHS BATH AND NORTH EAST SOMERSET, SWINDON AND WILTSHIRE ICB - 92G",44.0
recovery,2024-05-01,93C,NHS NORTH CENTRAL LONDON ICB - 93C,47.0
recovery,2024-05-01,97R,NHS SUSSEX ICB - 97R,50.0
recovery,2024-05-01,99A,NHS CHESHIRE AND MERSEYSIDE ICB - 99A,42.0
recovery,2024-05-01,99C,NHS NORTH EAST AND NORTH CUMBRIA ICB - 99C,52.0
recovery,2024-05-01,99E,NHS MID AND SOUTH ESSEX ICB - 99E,55.0
recovery,2024-05-01,99F,NHS MID AND SOUTH ESSEX ICB - 99F,57.0
recovery,2024-05-01,99G,NHS MID AND SOUTH ESSEX ICB - 99G,50.0
recovery,2024-05-01,A3A8R,NHS NORTH EAST LONDON ICB - A3A8R,49.0
recovery,2024-05-01,B2M3M,NHS COVENTRY AND WARWICKSHIRE ICB - B2M3M,54.0
recovery,2024-05-01,D2P2L,NHS BLACK COUNTRY ICB - D2P2L,49.0
recovery,2024-05-01,D4U1Y,NHS FRIMLEY ICB - D4U1Y,50.0
recovery,2024-05-01,D9Y0V,NHS HAMPSHIRE AND ISLE OF WIGHT ICB - D9Y0V,45.0
recovery,2024-05-01,InvalidCode,Unknown,43.0
recovery,2024-05-01,M1J4Y,"NHS BEDFORDSHIRE, LUTON AND MILTON KEYNES ICB - M1J4Y",47.0
recovery,2024-05-01,M2L0M,"NHS SHROPSHIRE, TELFORD AND WREKIN ICB - M2L0M",53.0
recovery,2024-05-01,W2U3Z,NHS NORTH WEST LONDON ICB - W2U3Z,49.0
recovery,2024-05-01,X2C4Y,NHS WEST YORKSHIRE ICB - X2C4Y,54.0
recovery,2024-06-01,00L,NHS NORTH EAST AND NORTH CUMBRIA ICB - 00L,51.0
recovery,2024-06-01,00N,NHS NORTH EAST AND NORTH CUMBRIA ICB - 00N,54.0
recovery,2024-06-01,00P,NHS NORTH EAST AND NORTH CUMBRIA ICB - 00P,53.0
recovery,2024-06-01,00Q,NHS LANCASHIRE AND SOUTH CUMBRIA ICB - 00Q,50.0
recovery,2024-06-01,00R,NHS LANCASHIRE AND SOUTH CUMBRIA ICB - 00R,53.0
recovery,2024-06-01,00T,NHS GREATER MANCHESTER ICB - 00T,50.0
recovery,2024-06-01,00V,NHS GREATER MANCHESTER ICB - 00V,53.0
recovery,2024-06-01,00X,NHS LANCASHIRE AND SOUTH CUMBRIA ICB - 00X,50.0
recovery,2024-06-01,00Y,NHS GREATER MANCHESTER ICB - 00Y,48.0
recovery,2024-06-01,01A,NHS LANCASHIRE AND SOUTH CUMBRIA ICB - 01A,61.0
recovery,2024-06-01,01D,NHS GREATER MANCHESTER ICB - 01D,49.0
recovery,2024-06-01,01E,NHS LANCASHIRE AND SOUTH CUMBRIA ICB - 01E,50.0
recovery,2024-06-01,01F,NHS CHESHIRE AND MERSEYSIDE ICB - 01F,48.0
recovery,2024-06-01,01G,NHS GREATER MANCHESTER ICB - 01G,46.0
recovery,2024-06-01,01H,NHS NORTH EAST AND NORTH CUMBRIA ICB - 01H,57.0
recovery,2024-06-01,01J,NHS CHESHIRE AND MERSEYSIDE ICB - 01J,51.0
recovery,2024-06-01,01K,NHS LANCASHIRE AND SOUTH CUMBRIA ICB - 01K,60.0
recovery,2024-06-01,01T,NHS CHESHIRE AND MERSEYSIDE ICB - 01T,56.0
recovery,2024-06-01,01V,NHS CHESHIRE AND MERSEYSIDE ICB - 01V,53.0
recovery,2024-06-01,01W,NHS GREATER MANCHESTER ICB - 01W,55.0
recovery,2024-06-01,01X,NHS CHESHIRE AND MERSEYSIDE ICB - 01X,51.0
recovery,2024-06-01,01Y,NHS GREATER MANCHESTER ICB - 01Y,49.0
recovery,2024-06-01,02A,NHS GREATER MANCHESTER ICB - 02A,56.0
recovery,2024-06-01,02E,NHS CHESHIRE AND MERSEYSIDE ICB - 02E,51.0
recovery,2024-06-01,02G,NHS LANCASHIRE AND SOUTH CUMBRIA ICB - 02G,57.0
recovery,2024-06-01,02H,NHS GREATER MANCHESTER ICB - 02H,43.0
recovery,2024-06-01,02M,NHS LANCASHIRE AND SOUTH CUMBRIA ICB - 02M,60.0
recovery,2024-06-01,02P,NHS SOUTH YORKSHIRE ICB - 02P,52.0
recovery,2024-06-01,02Q,NHS NOTTINGHAM AND NOTTINGHAMSHIRE ICB - 02Q,57.0
recovery,2024-06-01,02T,NHS WEST YORKSHIRE ICB - 02T,56.0
recovery,2024-06-01,02X,NHS SOUTH YORKSHIRE ICB - 02X,49.0
recovery,2024-06-01,02Y,NHS HUMBER AND NORTH YORKSHIRE ICB - 02Y,59.0
recovery,2024-06-01,03F,NHS HUMBER AND NORTH YORKSHIRE ICB - 03F,47.0
recovery,2024-06-01,03H,NHS HUMBER AND NORTH YORKSHIRE ICB - 03H,56.0
recovery,2024-06-01,03K,NHS HUMBER AND NORTH YORKSHIRE ICB - 03K,39.0
recovery,2024-06-01,03L,NHS SOUTH YORKSHIRE ICB - 03L,43.0
recovery,2024-06-01,03N,NHS SOUTH YORKSHIRE ICB - 03N,52.0
recovery,2024-06-01,03Q,NHS HUMBER AND NORTH YORKSHIRE ICB - 03Q,53.0
recovery,2024-06-01,03R,NHS WEST YORKSHIRE ICB - 03R,50.0
recovery,2024-06-01,03W,"NHS LEICESTER, LEICESTERSHIRE AND RUTLAND ICB - 03W",57.0
recovery,2024-06-01,04C,"NHS LEICESTER, LEICESTERSHIRE AND RUTLAND ICB - 04C",48.0
recovery,2024-06-01,04V,"NHS LEICESTER, LEICESTERSHIRE AND RUTLAND ICB - 04V",60.0
recovery,2024-06-01,04Y,NHS STAFFORDSHIRE AND STOKE-ON-TRENT ICB - 04Y,60.0
recovery,2024-06-01,05D,NHS STAFFORDSHIRE AND STOKE-ON-TRENT ICB - 05D,58.0
recovery,2024-06-01,05G,NHS STAFFORDSHIRE AND STOKE-ON-TRENT ICB - 05G,59.0
recovery,2024-06-01,05Q,NHS STAFFORDSHIRE AND STOKE-ON-TRENT ICB - 05Q,54.0
recovery,2024-06-01,05V,NHS STAFFORDSHIRE AND STOKE-ON-TRENT ICB - 05V,53.0
recovery,2024-06-01,05W,NHS STAFFORDSHIRE AND STOKE-ON-TRENT ICB - 05W,51.0
recovery,2024-06-01,06H,NHS CAMBRIDGESHIRE AND PETERBOROUGH ICB - 06H,51.0
recovery,2024-06-01,06K,NHS HERTFORDSHIRE AND WEST ESSEX ICB - 06K,50.0
recovery,2024-06-01,06L,NHS SUFFOLK AND NORTH EAST ESSEX ICB - 06L,52.0
recovery,2024-06-01,06N,NHS HERTFORDSHIRE AND WEST ESSEX ICB - 06N,50.0
recovery,2024-06-01,06Q,NHS MID AND SOUTH ESSEX ICB - 06Q,50.0
recovery,2024-06-01,06T,NHS SUFFOLK AND NORTH EAST ESSEX ICB - 06T,49.0
recovery,2024-06-01,07G,NHS MID AND SOUTH ESSEX ICB - 07G,53.0
recovery,2024-06-01,07H,NHS HERTFORDSHIRE AND WEST ESSEX ICB - 07H,51.0
recovery,2024-06-01,07K,NHS SUFFOLK AND NORTH EAST ESSEX ICB - 07K,53.0
recovery,2024-06-01,09D,NHS SUSSEX ICB - 09D,43.0
recovery,2024-06-01,10Q,"NHS BUCKINGHAMSHIRE, OXFORDSHIRE AND BERKSHIRE WEST ICB - 10Q",49.0
recovery,2024-06-01,10R,NHS HAMPSHIRE AND ISLE OF WIGHT ICB - 10R,52.0
recovery,2024-06-01,11J,NHS DORSET ICB - 11J,49.0
recovery,2024-06-01,11M,NHS GLOUCESTERSHIRE ICB - 11M,51.0
recovery,2024-06-01,11N,NHS CORNWALL AND THE ISLES OF SCILLY ICB - 11N,48.0
recovery,2024-06-01,11X,NHS SOMERSET ICB - 11X,56.0
recovery,2024-06-01,12F,NHS CHESHIRE AND MERSEYSIDE ICB - 12F,45.0
recovery,2024-06-01,13T,NHS NORTH EAST AND NORTH CUMBRIA ICB - 13T,56.0
recovery,2024-06-01,14L,NHS GREATER MANCHESTER ICB - 14L,47.0
recovery,2024-06-01,14Y,"NHS BUCKINGHAMSHIRE, OXFORDSHIRE AND BERKSHIRE WEST ICB - 14Y",53.0
recovery,2024-06-01,15A,"NHS BUCKINGHAMSHIRE, OXFORDSHIRE AND BERKSHIRE WEST ICB - 15A",47.0
recovery,2024-06-01,15C,"NHS BRISTOL, NORTH SOMERSET AND SOUTH GLOUCESTERSHIRE ICB - 15C",57.0
recovery,2024-06-01,15E,NHS BIRMINGHAM AND SOLIHULL ICB - 15E,49.0
recovery,2024-06-01,15F,NHS WEST YORKSHIRE ICB - 15F,51.0
recovery,2024-06-01,15M,NHS DERBY AND DERBYSHIRE ICB - 15M,53.0
recovery,2024-06-01,15N,NHS DEVON ICB - 15N,52.0
recovery,2024-06-01,16C,NHS NORTH EAST AND NORTH CUMBRIA ICB - 16C,48.0
recovery,2024-06-01,18C,NHS HEREFORDSHIRE AND WORCESTERSHIRE ICB - 18C,50.0
recovery,2024-06-01,26A,NHS NORFOLK AND WAVENEY ICB - 26A,52.0
recovery,2024-06-01,27D,NHS CHESHIRE AND MERSEYSIDE ICB - 27D,53.0
recovery,2024-06-01,36J,NHS WEST YORKSHIRE ICB - 36J,52.0
recovery,2024-06-01,36L,NHS SOUTH WEST LONDON ICB - 36L,53.0
recovery,2024-06-01,42D,NHS HUMBER AND NORTH YORKSHIRE ICB - 42D,50.0
recovery,2024-06-01,52R,NHS NOTTINGHAM AND NOTTINGHAMSHIRE ICB - 52R,50.0
recovery,2024-06-01,70F,NHS SUSSEX ICB - 70F,56.0
recovery,2024-06-01,71E,NHS LINCOLNSHIRE ICB - 71E,53.0
recovery,2024-06-01,72Q,NHS SOUTH EAST LONDON ICB - 72Q,52.0
recovery,2024-06-01,78H,NHS NORTHAMPTONSHIRE ICB - 78H,51.0
recovery,2024-06-01,84H,NHS NORTH EAST AND NORTH CUMBRIA ICB - 84H,41.0
recovery,2024-06-01,91Q,NHS KENT AND MEDWAY ICB - 91Q,42.0
recovery,2024-06-01,92A,NHS SURREY HEARTLANDS ICB - 92A,51.0
recovery,2024-06-01,92G,"NHS BATH AND NORTH EAST SOMERSET, SWINDON AND WILTSHIRE ICB - 92G",48.0
recovery,2024-06-01,93C,NHS NORTH CENTRAL LONDON ICB - 93C,50.0
recovery,2024-06-01,97R,NHS SUSSEX ICB - 97R,49.0
recovery,2024-06-01,99A,NHS CHESHIRE AND MERSEYSIDE ICB - 99A,47.0
recovery,2024-06-01,99C,NHS NORTH EAST AND NORTH CUMBRIA ICB - 99C,60.0
recovery,2024-06-01,99E,NHS MID AND SOUTH ESSEX ICB - 99E,61.0
recovery,2024-06-01,99F,NHS MID AND SOUTH ESSEX ICB - 99F,63.0
recovery,2024-06-01,99G,NHS MID AND SOUTH ESSEX ICB - 99G,50.0
recovery,2024-06-01,A3A8R,NHS NORTH EAST LONDON ICB - A3A8R,49.0
recovery,2024-06-01,B2M3M,NHS COVENTRY AND WARWICKSHIRE ICB - B2M3M,50.0
recovery,2024-06-01,D2P2L,NHS BLACK COUNTRY ICB - D2P2L,49.0
recovery,2024-06-01,D4U1Y,NHS FRIMLEY ICB - D4U1Y,51.0
recovery,2024-06-01,D9Y0V,NHS HAMPSHIRE AND ISLE OF WIGHT ICB - D9Y0V,51.0
recovery,2024-06-01,InvalidCode,Unknown,47.0
recovery,2024-06-01,M1J4Y,"NHS BEDFORDSHIRE, LUTON AND MILTON KEYNES ICB - M1J4Y",47.0
recovery,2024-06-01,M2L0M,"NHS SHROPSHIRE, TELFORD AND WREKIN ICB - M2L0M",52.0
recovery,2024-06-01,W2U3Z,NHS NORTH WEST LONDON ICB - W2U3Z,49.0
recovery,2024-06-01,X2C4Y,NHS WEST YORKSHIRE ICB - X2C4Y,48.0
recovery,2024-07-01,00L,NHS NORTH EAST AND NORTH CUMBRIA ICB - 00L,50.0
recovery,2024-07-01,00N,NHS NORTH EAST AND NORTH CUMBRIA ICB - 00N,52.0
recovery,2024-07-01,00P,NHS NORTH EAST AND NORTH CUMBRIA ICB - 00P,53.0
recovery,2024-07-01,00Q,NHS LANCASHIRE AND SOUTH CUMBRIA ICB - 00Q,56.0
recovery,2024-07-01,00R,NHS LANCASHIRE AND SOUTH CUMBRIA ICB - 00R,52.0
recovery,2024-07-01,00T,NHS GREATER MANCHESTER ICB - 00T,43.0
recovery,2024-07-01,00V,NHS GREATER MANCHESTER ICB - 00V,51.0
recovery,2024-07-01,00X,NHS LANCASHIRE AND SOUTH CUMBRIA ICB - 00X,50.0
recovery,2024-07-01,00Y,NHS GREATER MANCHESTER ICB - 00Y,48.0
recovery,2024-07-01,01A,NHS LANCASHIRE AND SOUTH CUMBRIA ICB - 01A,52.0
recovery,2024-07-01,01D,NHS GREATER MANCHESTER ICB - 01D,48.0
recovery,2024-07-01,01E,NHS LANCASHIRE AND SOUTH CUMBRIA ICB - 01E,52.0
recovery,2024-07-01,01F,NHS CHESHIRE AND MERSEYSIDE ICB - 01F,38.0
recovery,2024-07-01,01G,NHS GREATER MANCHESTER ICB - 01G,39.0
recovery,2024-07-01,01H,NHS NORTH EAST AND NORTH CUMBRIA ICB - 01H,54.0
recovery,2024-07-01,01J,NHS CHESHIRE AND MERSEYSIDE ICB - 01J,41.0
recovery,2024-07-01,01K,NHS LANCASHIRE AND SOUTH CUMBRIA ICB - 01K,49.0
recovery,2024-07-01,01T,NHS CHESHIRE AND MERSEYSIDE ICB - 01T,55.0
recovery,2024-07-01,01V,NHS CHESHIRE AND MERSEYSIDE ICB - 01V,60.0
recovery,2024-07-01,01W,NHS GREATER MANCHESTER ICB - 01W,53.0
recovery,2024-07-01,01X,NHS CHESHIRE AND MERSEYSIDE ICB - 01X,45.0
recovery,2024-07-01,01Y,NHS GREATER MANCHESTER ICB - 01Y,50.0
recovery,2024-07-01,02A,NHS GREATER MANCHESTER ICB - 02A,64.0
recovery,2024-07-01,02E,NHS CHESHIRE AND MERSEYSIDE ICB - 02E,55.0
recovery,2024-07-01,02G,NHS LANCASHIRE AND SOUTH CUMBRIA ICB - 02G,46.0
recovery,2024-07-01,02H,NHS GREATER MANCHESTER ICB - 02H,48.0
recovery,2024-07-01,02M,NHS LANCASHIRE AND SOUTH CUMBRIA ICB - 02M,54.0
recovery,2024-07-01,02P,NHS SOUTH YORKSHIRE ICB - 02P,49.0
recovery,2024-07-01,02Q,NHS NOTTINGHAM AND NOTTINGHAMSHIRE ICB - 02Q,53.0
recovery,2024-07-01,02T,NHS WEST YORKSHIRE ICB - 02T,52.0
recovery,2024-07-01,02X,NHS SOUTH YORKSHIRE ICB - 02X,50.0
recovery,2024-07-01,03F,NHS HUMBER AND NORTH YORKSHIRE ICB - 03F,56.0
recovery,2024-07-01,03H,NHS HUMBER AND NORTH YORKSHIRE ICB - 03H,51.0
recovery,2024-07-01,03K,NHS HUMBER AND NORTH YORKSHIRE ICB - 03K,43.0
recovery,2024-07-01,03L,NHS SOUTH YORKSHIRE ICB - 03L,46.0
recovery,2024-07-01,03N,NHS SOUTH YORKSHIRE ICB - 03N,52.0
recovery,2024-07-01,03Q,NHS HUMBER AND NORTH YORKSHIRE ICB - 03Q,55.0
recovery,2024-07-01,03R,NHS WEST YORKSHIRE ICB - 03R,51.0
recovery,2024-07-01,03W,"NHS LEICESTER, LEICESTERSHIRE AND RUTLAND ICB - 03W",50.0
recovery,2024-07-01,04C,"NHS LEICESTER, LEICESTERSHIRE AND RUTLAND ICB - 04C",47.0
recovery,2024-07-01,04V,"NHS LEICESTER, LEICESTERSHIRE AND RUTLAND ICB - 04V",54.0
recovery,2024-07-01,04Y,NHS STAFFORDSHIRE AND STOKE-ON-TRENT ICB - 04Y,56.0
recovery,2024-07-01,05D,NHS STAFFORDSHIRE AND STOKE-ON-TRENT ICB - 05D,58.0
recovery,2024-07-01,05G,NHS STAFFORDSHIRE AND STOKE-ON-TRENT ICB - 05G,53.0
recovery,2024-07-01,05Q,NHS STAFFORDSHIRE AND STOKE-ON-TRENT ICB - 05Q,54.0
recovery,2024-07-01,05V,NHS STAFFORDSHIRE AND STOKE-ON-TRENT ICB - 05V,55.0
recovery,2024-07-01,05W,NHS STAFFORDSHIRE AND STOKE-ON-TRENT ICB - 05W,59.0
recovery,2024-07-01,06H,NHS CAMBRIDGESHIRE AND PETERBOROUGH ICB - 06H,51.0
recovery,2024-07-01,06K,NHS HERTFORDSHIRE AND WEST ESSEX ICB - 06K,48.0
recovery,2024-07-01,06L,NHS SUFFOLK AND NORTH EAST ESSEX ICB - 06L,52.0
recovery,2024-07-01,06N,NHS HERTFORDSHIRE AND WEST ESSEX ICB - 06N,46.0
recovery,2024-07-01,06Q,NHS MID AND SOUTH ESSEX ICB - 06Q,50.0
recovery,2024-07-01,06T,NHS SUFFOLK AND NORTH EAST ESSEX ICB - 06T,49.0
recovery,2024-07-01,07G,NHS MID AND SOUTH ESSEX ICB - 07G,48.0
recovery,2024-07-01,07H,NHS HERTFORDSHIRE AND WEST ESSEX ICB - 07H,53.0
recovery,2024-07-01,07K,NHS SUFFOLK AND NORTH EAST ESSEX ICB - 07K,52.0
recovery,2024-07-01,09D,NHS SUSSEX ICB - 09D,50.0
recovery,2024-07-01,10Q,"NHS BUCKINGHAMSHIRE, OXFORDSHIRE AND BERKSHIRE WEST ICB - 10Q",49.0
recovery,2024-07-01,10R,NHS HAMPSHIRE AND ISLE OF WIGHT ICB - 10R,52.0
recovery,2024-07-01,11J,NHS DORSET ICB - 11J,52.0
recovery,2024-07-01,11M,NHS GLOUCESTERSHIRE ICB - 11M,56.0
recovery,2024-07-01,11N,NHS CORNWALL AND THE ISLES OF SCILLY ICB - 11N,45.0
recovery,2024-07-01,11X,NHS SOMERSET ICB - 11X,55.0
recovery,2024-07-01,12F,NHS CHESHIRE AND MERSEYSIDE ICB - 12F,49.0
recovery,2024-07-01,13Q,NATIONAL COMMISSIONING HUB 1,57.0
recovery,2024-07-01,13T,NHS NORTH EAST AND NORTH CUMBRIA ICB - 13T,52.0
recovery,2024-07-01,14L,NHS GREATER MANCHESTER ICB - 14L,48.0
recovery,2024-07-01,14Y,"NHS BUCKINGHAMSHIRE, OXFORDSHIRE AND BERKSHIRE WEST ICB - 14Y",54.0
recovery,2024-07-01,15A,"NHS BUCKINGHAMSHIRE, OXFORDSHIRE AND BERKSHIRE WEST ICB - 15A",52.0
recovery,2024-07-01,15C,"NHS BRISTOL, NORTH SOMERSET AND SOUTH GLOUCESTERSHIRE ICB - 15C",50.0
recovery,2024-07-01,15E,NHS BIRMINGHAM AND SOLIHULL ICB - 15E,45.0
recovery,2024-07-01,15F,NHS WEST YORKSHIRE ICB - 15F,47.0
recovery,2024-07-01,15M,NHS DERBY AND DERBYSHIRE ICB - 15M,54.0
recovery,2024-07-01,15N,NHS DEVON ICB - 15N,53.0
recovery,2024-07-01,16C,NHS NORTH EAST AND NORTH CUMBRIA ICB - 16C,41.0
recovery,2024-07-01,18C,NHS HEREFORDSHIRE AND WORCESTERSHIRE ICB - 18C,51.0
recovery,2024-07-01,26A,NHS NORFOLK AND WAVENEY ICB - 26A,51.0
recovery,2024-07-01,27D,NHS CHESHIRE AND MERSEYSIDE ICB - 27D,54.0
recovery,2024-07-01,36J,NHS WEST YORKSHIRE ICB - 36J,53.0
recovery,2024-07-01,36L,NHS SOUTH WEST LONDON ICB - 36L,52.0
recovery,2024-07-01,42D,NHS HUMBER AND NORTH YORKSHIRE ICB - 42D,50.0
recovery,2024-07-01,52R,NHS NOTTINGHAM AND NOTTINGHAMSHIRE ICB - 52R,49.0
recovery,2024-07-01,70F,NHS SUSSEX ICB - 70F,56.0
recovery,2024-07-01,71E,NHS LINCOLNSHIRE ICB - 71E,51.0
recovery,2024-07-01,72Q,NHS SOUTH EAST LONDON ICB - 72Q,51.0
recovery,2024-07-01,78H,NHS NORTHAMPTONSHIRE ICB - 78H,52.0
recovery,2024-07-01,84H,NHS NORTH EAST AND NORTH CUMBRIA ICB - 84H,50.0
recovery,2024-07-01,91Q,NHS KENT AND MEDWAY ICB - 91Q,47.0
recovery,2024-07-01,92A,NHS SURREY HEARTLANDS ICB - 92A,48.0
recovery,2024-07-01,92G,"NHS BATH AND NORTH EAST SOMERSET, SWINDON AND WILTSHIRE ICB - 92G",42.0
recovery,2024-07-01,93C,NHS NORTH CENTRAL LONDON ICB - 93C,51.0
recovery,2024-07-01,97R,NHS SUSSEX ICB - 97R,50.0
recovery,2024-07-01,99A,NHS CHESHIRE AND MERSEYSIDE ICB - 99A,48.0
recovery,2024-07-01,99C,NHS NORTH EAST AND NORTH CUMBRIA ICB - 99C,60.0
recovery,2024-07-01,99E,NHS MID AND SOUTH ESSEX ICB - 99E,62.0
recovery,2024-07-01,99F,NHS MID AND SOUTH ESSEX ICB - 99F,55.0
recovery,2024-07-01,99G,NHS MID AND SOUTH ESSEX ICB - 99G,50.0
recovery,2024-07-01,A3A8R,NHS NORTH EAST LONDON ICB - A3A8R,49.0
recovery,2024-07-01,B2M3M,NHS COVENTRY AND WARWICKSHIRE ICB - B2M3M,50.0
recovery,2024-07-01,D2P2L,NHS BLACK COUNTRY ICB - D2P2L,49.0
recovery,2024-07-01,D4U1Y,NHS FRIMLEY ICB - D4U1Y,49.0
recovery,2024-07-01,D9Y0V,NHS HAMPSHIRE AND ISLE OF WIGHT ICB - D9Y0V,51.0
recovery,2024-07-01,InvalidCode,Unknown,49.0
recovery,2024-07-01,M1J4Y,"NHS BEDFORDSHIRE, LUTON AND MILTON KEYNES ICB - M1J4Y",54.0
recovery,2024-07-01,M2L0M,"NHS SHROPSHIRE, TELFORD AND WREKIN ICB - M2L0M",48.0
recovery,2024-07-01,W2U3Z,NHS NORTH WEST LONDON ICB - W2U3Z,49.0
recovery,2024-07-01,X2C4Y,NHS WEST YORKSHIRE ICB - X2C4Y,48.0
recovery,2024-08-01,00L,NHS NORTH EAST AND NORTH CUMBRIA ICB - 00L,54.0
recovery,2024-08-01,00N,NHS NORTH EAST AND NORTH CUMBRIA ICB - 00N,50.0
recovery,2024-08-01,00P,NHS NORTH EAST AND NORTH CUMBRIA ICB - 00P,49.0
recovery,2024-08-01,00Q,NHS LANCASHIRE AND SOUTH CUMBRIA ICB - 00Q,53.0
recovery,2024-08-01,00R,NHS LANCASHIRE AND SOUTH CUMBRIA ICB - 00R,46.0
recovery,2024-08-01,00T,NHS GREATER MANCHESTER ICB - 00T,49.0
recovery,2024-08-01,00V,NHS GREATER MANCHESTER ICB - 00V,43.0
recovery,2024-08-01,00X,NHS LANCASHIRE AND SOUTH CUMBRIA ICB - 00X,47.0
recovery,2024-08-01,00Y,NHS GREATER MANCHESTER ICB - 00Y,49.0
recovery,2024-08-01,01A,NHS LANCASHIRE AND SOUTH CUMBRIA ICB - 01A,47.0
recovery,2024-08-01,01D,NHS GREATER MANCHESTER ICB - 01D,51.0
recovery,2024-08-01,01E,NHS LANCASHIRE AND SOUTH CUMBRIA ICB - 01E,51.0
recovery,2024-08-01,01F,NHS CHESHIRE AND MERSEYSIDE ICB - 01F,51.0
recovery,2024-08-01,01G,NHS GREATER MANCHESTER ICB - 01G,39.0
recovery,2024-08-01,01H,NHS NORTH EAST AND NORTH CUMBRIA ICB - 01H,47.0
recovery,2024-08-01,01J,NHS CHESHIRE AND MERSEYSIDE ICB - 01J,51.0
recovery,2024-08-01,01K,NHS LANCASHIRE AND SOUTH CUMBRIA ICB - 01K,50.0
recovery,2024-08-01,01T,NHS CHESHIRE AND MERSEYSIDE ICB - 01T,53.0
recovery,2024-08-01,01V,NHS CHESHIRE AND MERSEYSIDE ICB - 01V,44.0
recovery,2024-08-01,01W,NHS GREATER MANCHESTER ICB - 01W,58.0
recovery,2024-08-01,01X,NHS CHESHIRE AND MERSEYSIDE ICB - 01X,51.0
recovery,2024-08-01,01Y,NHS GREATER MANCHESTER ICB - 01Y,51.0
recovery,2024-08-01,02A,NHS GREATER MANCHESTER ICB - 02A,55.0
recovery,2024-08-01,02E,NHS CHESHIRE AND MERSEYSIDE ICB - 02E,50.0
recovery,2024-08-01,02G,NHS LANCASHIRE AND SOUTH CUMBRIA ICB - 02G,50.0
recovery,2024-08-01,02H,NHS GREATER MANCHESTER ICB - 02H,54.0
recovery,2024-08-01,02M,NHS LANCASHIRE AND SOUTH CUMBRIA ICB - 02M,53.0
recovery,2024-08-01,02P,NHS SOUTH YORKSHIRE ICB - 02P,48.0
recovery,2024-08-01,02Q,NHS NOTTINGHAM AND NOTTINGHAMSHIRE ICB - 02Q,58.0
recovery,2024-08-01,02T,NHS WEST YORKSHIRE ICB - 02T,51.0
recovery,2024-08-01,02X,NHS SOUTH YORKSHIRE ICB - 02X,39.0
recovery,2024-08-01,02Y,NHS HUMBER AND NORTH YORKSHIRE ICB - 02Y,58.0
recovery,2024-08-01,03F,NHS HUMBER AND NORTH YORKSHIRE ICB - 03F,54.0
recovery,2024-08-01,03H,NHS HUMBER AND NORTH YORKSHIRE ICB - 03H,42.0
recovery,2024-08-01,03K,NHS HUMBER AND NORTH YORKSHIRE ICB - 03K,48.0
recovery,2024-08-01,03L,NHS SOUTH YORKSHIRE ICB - 03L,49.0
recovery,2024-08-01,03N,NHS SOUTH YORKSHIRE ICB - 03N,54.0
recovery,2024-08-01,03Q,NHS HUMBER AND NORTH YORKSHIRE ICB - 03Q,53.0
recovery,2024-08-01,03R,NHS WEST YORKSHIRE ICB - 03R,52.0
recovery,2024-08-01,03W,"NHS LEICESTER, LEICESTERSHIRE AND RUTLAND ICB - 03W",52.0
recovery,2024-08-01,04C,"NHS LEICESTER, LEICESTERSHIRE AND RUTLAND ICB - 04C",38.0
recovery,2024-08-01,04V,"NHS LEICESTER, LEICESTERSHIRE AND RUTLAND ICB - 04V",48.0
recovery,2024-08-01,04Y,NHS STAFFORDSHIRE AND STOKE-ON-TRENT ICB - 04Y,56.0
recovery,2024-08-01,05D,NHS STAFFORDSHIRE AND STOKE-ON-TRENT ICB - 05D,56.0
recovery,2024-08-01,05G,NHS STAFFORDSHIRE AND STOKE-ON-TRENT ICB - 05G,54.0
recovery,2024-08-01,05Q,NHS STAFFORDSHIRE AND STOKE-ON-TRENT ICB - 05Q,57.0
recovery,2024-08-01,05V,NHS STAFFORDSHIRE AND STOKE-ON-TRENT ICB - 05V,56.0
recovery,2024-08-01,05W,NHS STAFFORDSHIRE AND STOKE-ON-TRENT ICB - 05W,56.0
recovery,2024-08-01,06H,NHS CAMBRIDGESHIRE AND PETERBOROUGH ICB - 06H,48.0
recovery,2024-08-01,06K,NHS HERTFORDSHIRE AND WEST ESSEX ICB - 06K,52.0
recovery,2024-08-01,06L,NHS SUFFOLK AND NORTH EAST ESSEX ICB - 06L,51.0
recovery,2024-08-01,06N,NHS HERTFORDSHIRE AND WEST ESSEX ICB - 06N,52.0
recovery,2024-08-01,06Q,NHS MID AND SOUTH ESSEX ICB - 06Q,47.0
recovery,2024-08-01,06T,NHS SUFFOLK AND NORTH EAST ESSEX ICB - 06T,49.0
recovery,2024-08-01,07G,NHS MID AND SOUTH ESSEX ICB - 07G,52.0
recovery,2024-08-01,07H,NHS HERTFORDSHIRE AND WEST ESSEX ICB - 07H,55.0
recovery,2024-08-01,07K,NHS SUFFOLK AND NORTH EAST ESSEX ICB - 07K,52.0
recovery,2024-08-01,09D,NHS SUSSEX ICB - 09D,46.0
recovery,2024-08-01,10Q,"NHS BUCKINGHAMSHIRE, OXFORDSHIRE AND BERKSHIRE WEST ICB - 10Q",50.0
recovery,2024-08-01,10R,NHS HAMPSHIRE AND ISLE OF WIGHT ICB - 10R,52.0
recovery,2024-08-01,11J,NHS DORSET ICB - 11J,46.0
recovery,2024-08-01,11M,NHS GLOUCESTERSHIRE ICB - 11M,54.0
recovery,2024-08-01,11N,NHS CORNWALL AND THE ISLES OF SCILLY ICB - 11N,46.0
recovery,2024-08-01,11X,NHS SOMERSET ICB - 11X,57.0
recovery,2024-08-01,12F,NHS CHESHIRE AND MERSEYSIDE ICB - 12F,46.0
recovery,2024-08-01,13T,NHS NORTH EAST AND NORTH CUMBRIA ICB - 13T,52.0
recovery,2024-08-01,14L,NHS GREATER MANCHESTER ICB - 14L,45.0
recovery,2024-08-01,14Y,"NHS BUCKINGHAMSHIRE, OXFORDSHIRE AND BERKSHIRE WEST ICB - 14Y",54.0
recovery,2024-08-01,15A,"NHS BUCKINGHAMSHIRE, OXFORDSHIRE AND BERKSHIRE WEST ICB - 15A",52.0
recovery,2024-08-01,15C,"NHS BRISTOL, NORTH SOMERSET AND SOUTH GLOUCESTERSHIRE ICB - 15C",52.0
recovery,2024-08-01,15E,NHS BIRMINGHAM AND SOLIHULL ICB - 15E,49.0
recovery,2024-08-01,15F,NHS WEST YORKSHIRE ICB - 15F,51.0
recovery,2024-08-01,15M,NHS DERBY AND DERBYSHIRE ICB - 15M,51.0
recovery,2024-08-01,15N,NHS DEVON ICB - 15N,53.0
recovery,2024-08-01,16C,NHS NORTH EAST AND NORTH CUMBRIA ICB - 16C,49.0
recovery,2024-08-01,18C,NHS HEREFORDSHIRE AND WORCESTERSHIRE ICB - 18C,47.0
recovery,2024-08-01,26A,NHS NORFOLK AND WAVENEY ICB - 26A,51.0
recovery,2024-08-01,27D,NHS CHESHIRE AND MERSEYSIDE ICB - 27D,48.0
recovery,2024-08-01,36J,NHS WEST YORKSHIRE ICB - 36J,48.0
recovery,2024-08-01,36L,NHS SOUTH WEST LONDON ICB - 36L,51.0
recovery,2024-08-01,42D,NHS HUMBER AND NORTH YORKSHIRE ICB - 42D,50.0
recovery,2024-08-01,52R,NHS NOTTINGHAM AND NOTTINGHAMSHIRE ICB - 52R,48.0
recovery,2024-08-01,70F,NHS SUSSEX ICB - 70F,57.0
recovery,2024-08-01,71E,NHS LINCOLNSHIRE ICB - 71E,49.0
recovery,2024-08-01,72Q,NHS SOUTH EAST LONDON ICB - 72Q,49.0
recovery,2024-08-01,78H,NHS NORTHAMPTONSHIRE ICB - 78H,51.0
recovery,2024-08-01,84H,NHS NORTH EAST AND NORTH CUMBRIA ICB - 84H,52.0
recovery,2024-08-01,91Q,NHS KENT AND MEDWAY ICB - 91Q,52.0
recovery,2024-08-01,92A,NHS SURREY HEARTLANDS ICB - 92A,50.0
recovery,2024-08-01,92G,"NHS BATH AND NORTH EAST SOMERSET, SWINDON AND WILTSHIRE ICB - 92G",51.0
recovery,2024-08-01,93C,NHS NORTH CENTRAL LONDON ICB - 93C,49.0
recovery,2024-08-01,97R,NHS SUSSEX ICB - 97R,48.0
recovery,2024-08-01,99A,NHS CHESHIRE AND MERSEYSIDE ICB - 99A,51.0
recovery,2024-08-01,99C,NHS NORTH EAST AND NORTH CUMBRIA ICB - 99C,60.0
recovery,2024-08-01,99E,NHS MID AND SOUTH ESSEX ICB - 99E,58.0
recovery,2024-08-01,99F,NHS MID AND SOUTH ESSEX ICB - 99F,55.0
recovery,2024-08-01,99G,NHS MID AND SOUTH ESSEX ICB - 99G,49.0
recovery,2024-08-01,A3A8R,NHS NORTH EAST LONDON ICB - A3A8R,50.0
recovery,2024-08-01,B2M3M,NHS COVENTRY AND WARWICKSHIRE ICB - B2M3M,51.0
recovery,2024-08-01,D2P2L,NHS BLACK COUNTRY ICB - D2P2L,52.0
recovery,2024-08-01,D4U1Y,NHS FRIMLEY ICB - D4U1Y,54.0
recovery,2024-08-01,D9Y0V,NHS HAMPSHIRE AND ISLE OF WIGHT ICB - D9Y0V,49.0
recovery,2024-08-01,InvalidCode,Unknown,37.0
recovery,2024-08-01,M1J4Y,"NHS BEDFORDSHIRE, LUTON AND MILTON KEYNES ICB - M1J4Y",51.0
recovery,2024-08-01,M2L0M,"NHS SHROPSHIRE, TELFORD AND WREKIN ICB - M2L0M",49.0
recovery,2024-08-01,W2U3Z,NHS NORTH WEST LONDON ICB - W2U3Z,43.0
recovery,2024-08-01,X2C4Y,NHS WEST YORKSHIRE ICB - X2C4Y,51.0
recovery,2024-09-01,00L,NHS NORTH EAST AND NORTH CUMBRIA ICB - 00L,51.0
recovery,2024-09-01,00N,NHS NORTH EAST AND NORTH CUMBRIA ICB - 00N,56.0
recovery,2024-09-01,00P,NHS NORTH EAST AND NORTH CUMBRIA ICB - 00P,51.0
recovery,2024-09-01,00Q,NHS LANCASHIRE AND SOUTH CUMBRIA ICB - 00Q,43.0
recovery,2024-09-01,00R,NHS LANCASHIRE AND SOUTH CUMBRIA ICB - 00R,49.0
recovery,2024-09-01,00T,NHS GREATER MANCHESTER ICB - 00T,44.0
recovery,2024-09-01,00V,NHS GREATER MANCHESTER ICB - 00V,51.0
recovery,2024-09-01,00X,NHS LANCASHIRE AND SOUTH CUMBRIA ICB - 00X,50.0
recovery,2024-09-01,00Y,NHS GREATER MANCHESTER ICB - 00Y,39.0
recovery,2024-09-01,01A,NHS LANCASHIRE AND SOUTH CUMBRIA ICB - 01A,53.0
recovery,2024-09-01,01D,NHS GREATER MANCHESTER ICB - 01D,46.0
recovery,2024-09-01,01E,NHS LANCASHIRE AND SOUTH CUMBRIA ICB - 01E,48.0
recovery,2024-09-01,01F,NHS CHESHIRE AND MERSEYSIDE ICB - 01F,50.0
recovery,2024-09-01,01G,NHS GREATER MANCHESTER ICB - 01G,44.0
recovery,2024-09-01,01H,NHS NORTH EAST AND NORTH CUMBRIA ICB - 01H,51.0
recovery,2024-09-01,01J,NHS CHESHIRE AND MERSEYSIDE ICB - 01J,37.0
recovery,2024-09-01,01K,NHS LANCASHIRE AND SOUTH CUMBRIA ICB - 01K,50.0
recovery,2024-09-01,01T,NHS CHESHIRE AND MERSEYSIDE ICB - 01T,53.0
recovery,2024-09-01,01V,NHS CHESHIRE AND MERSEYSIDE ICB - 01V,50.0
recovery,2024-09-01,01W,NHS GREATER MANCHESTER ICB - 01W,56.0
recovery,2024-09-01,01X,NHS CHESHIRE AND MERSEYSIDE ICB - 01X,55.0
recovery,2024-09-01,01Y,NHS GREATER MANCHESTER ICB - 01Y,45.0
recovery,2024-09-01,02A,NHS GREATER MANCHESTER ICB - 02A,57.0
recovery,2024-09-01,02E,NHS CHESHIRE AND MERSEYSIDE ICB - 02E,50.0
recovery,2024-09-01,02G,NHS LANCASHIRE AND SOUTH CUMBRIA ICB - 02G,52.0
recovery,2024-09-01,02H,NHS GREATER MANCHESTER ICB - 02H,52.0
recovery,2024-09-01,02M,NHS LANCASHIRE AND SOUTH CUMBRIA ICB - 02M,60.0
recovery,2024-09-01,02P,NHS SOUTH YORKSHIRE ICB - 02P,51.0
recovery,2024-09-01,02Q,NHS NOTTINGHAM AND NOTTINGHAMSHIRE ICB - 02Q,53.0
recovery,2024-09-01,02T,NHS WEST YORKSHIRE ICB - 02T,52.0
recovery,2024-09-01,02X,NHS SOUTH YORKSHIRE ICB - 02X,45.0
recovery,2024-09-01,02Y,NHS HUMBER AND NORTH YORKSHIRE ICB - 02Y,59.0
recovery,2024-09-01,03F,NHS HUMBER AND NORTH YORKSHIRE ICB - 03F,53.0
recovery,2024-09-01,03H,NHS HUMBER AND NORTH YORKSHIRE ICB - 03H,50.0
recovery,2024-09-01,03K,NHS HUMBER AND NORTH YORKSHIRE ICB - 03K,49.0
recovery,2024-09-01,03L,NHS SOUTH YORKSHIRE ICB - 03L,48.0
recovery,2024-09-01,03N,NHS SOUTH YORKSHIRE ICB - 03N,51.0
recovery,2024-09-01,03Q,NHS HUMBER AND NORTH YORKSHIRE ICB - 03Q,57.0
recovery,2024-09-01,03R,NHS WEST YORKSHIRE ICB - 03R,49.0
recovery,2024-09-01,03W,"NHS LEICESTER, LEICESTERSHIRE AND RUTLAND ICB - 03W",53.0
recovery,2024-09-01,04C,"NHS LEICESTER, LEICESTERSHIRE AND RUTLAND ICB - 04C",44.0
recovery,2024-09-01,04V,"NHS LEICESTER, LEICESTERSHIRE AND RUTLAND ICB - 04V",49.0
recovery,2024-09-01,04Y,NHS STAFFORDSHIRE AND STOKE-ON-TRENT ICB - 04Y,52.0
recovery,2024-09-01,05D,NHS STAFFORDSHIRE AND STOKE-ON-TRENT ICB - 05D,46.0
recovery,2024-09-01,05G,NHS STAFFORDSHIRE AND STOKE-ON-TRENT ICB - 05G,52.0
recovery,2024-09-01,05Q,NHS STAFFORDSHIRE AND STOKE-ON-TRENT ICB - 05Q,47.0
recovery,2024-09-01,05V,NHS STAFFORDSHIRE AND STOKE-ON-TRENT ICB - 05V,46.0
recovery,2024-09-01,05W,NHS STAFFORDSHIRE AND STOKE-ON-TRENT ICB - 05W,54.0
recovery,2024-09-01,06H,NHS CAMBRIDGESHIRE AND PETERBOROUGH ICB - 06H,51.0
recovery,2024-09-01,06K,NHS HERTFORDSHIRE AND WEST ESSEX ICB - 06K,47.0
recovery,2024-09-01,06L,NHS SUFFOLK AND NORTH EAST ESSEX ICB - 06L,52.0
recovery,2024-09-01,06N,NHS HERTFORDSHIRE AND WEST ESSEX ICB - 06N,48.0
recovery,2024-09-01,06Q,NHS MID AND SOUTH ESSEX ICB - 06Q,41.0
recovery,2024-09-01,06T,NHS SUFFOLK AND NORTH EAST ESSEX ICB - 06T,50.0
recovery,2024-09-01,07G,NHS MID AND SOUTH ESSEX ICB - 07G,51.0
recovery,2024-09-01,07H,NHS HERTFORDSHIRE AND WEST ESSEX ICB - 07H,56.0
recovery,2024-09-01,07K,NHS SUFFOLK AND NORTH EAST ESSEX ICB - 07K,51.0
recovery,2024-09-01,09D,NHS SUSSEX ICB - 09D,42.0
recovery,2024-09-01,10Q,"NHS BUCKINGHAMSHIRE, OXFORDSHIRE AND BERKSHIRE WEST ICB - 10Q",50.0
recovery,2024-09-01,10R,NHS HAMPSHIRE AND ISLE OF WIGHT ICB - 10R,59.0
recovery,2024-09-01,11J,NHS DORSET ICB - 11J,49.0
recovery,2024-09-01,11M,NHS GLOUCESTERSHIRE ICB - 11M,50.0
recovery,2024-09-01,11N,NHS CORNWALL AND THE ISLES OF SCILLY ICB - 11N,48.0
recovery,2024-09-01,11X,NHS SOMERSET ICB - 11X,55.0
recovery,2024-09-01,12F,NHS CHESHIRE AND MERSEYSIDE ICB - 12F,45.0
recovery,2024-09-01,13T,NHS NORTH EAST AND NORTH CUMBRIA ICB - 13T,54.0
recovery,2024-09-01,14L,NHS GREATER MANCHESTER ICB - 14L,43.0
recovery,2024-09-01,14R,EAST OF ENGLAND - H&J COMMISSIONING HUB,43.0
recovery,2024-09-01,14Y,"NHS BUCKINGHAMSHIRE, OXFORDSHIRE AND BERKSHIRE WEST ICB - 14Y",51.0
recovery,2024-09-01,15A,"NHS BUCKINGHAMSHIRE, OXFORDSHIRE AND BERKSHIRE WEST ICB - 15A",50.0
recovery,2024-09-01,15C,"NHS BRISTOL, NORTH SOMERSET AND SOUTH GLOUCESTERSHIRE ICB - 15C",50.0
recovery,2024-09-01,15E,NHS BIRMINGHAM AND SOLIHULL ICB - 15E,49.0
recovery,2024-09-01,15M,NHS DERBY AND DERBYSHIRE ICB - 15M,51.0
recovery,2024-09-01,15N,NHS DEVON ICB - 15N,54.0
recovery,2024-09-01,16C,NHS NORTH EAST AND NORTH CUMBRIA ICB - 16C,48.0
recovery,2024-09-01,18C,NHS HEREFORDSHIRE AND WORCESTERSHIRE ICB - 18C,53.0
recovery,2024-09-01,26A,NHS NORFOLK AND WAVENEY ICB - 26A,52.0
recovery,2024-09-01,27D,NHS CHESHIRE AND MERSEYSIDE ICB - 27D,53.0
recovery,2024-09-01,36J,NHS WEST YORKSHIRE ICB - 36J,50.0
recovery,2024-09-01,36L,NHS SOUTH WEST LONDON ICB - 36L,53.0
recovery,2024-09-01,42D,NHS HUMBER AND NORTH YORKSHIRE ICB - 42D,52.0
recovery,2024-09-01,52R,NHS NOTTINGHAM AND NOTTINGHAMSHIRE ICB - 52R,48.0
recovery,2024-09-01,70F,NHS SUSSEX ICB - 70F,51.0
recovery,2024-09-01,71E,NHS LINCOLNSHIRE ICB - 71E,51.0
recovery,2024-09-01,72Q,NHS SOUTH EAST LONDON ICB - 72Q,51.0
recovery,2024-09-01,78H,NHS NORTHAMPTONSHIRE ICB - 78H,52.0
recovery,2024-09-01,84H,NHS NORTH EAST AND NORTH CUMBRIA ICB - 84H,45.0
recovery,2024-09-01,91Q,NHS KENT AND MEDWAY ICB - 91Q,49.0
recovery,2024-09-01,92A,NHS SURREY HEARTLANDS ICB - 92A,47.0
recovery,2024-09-01,92G,"NHS BATH AND NORTH EAST SOMERSET, SWINDON AND WILTSHIRE ICB - 92G",45.0
recovery,2024-09-01,93C,NHS NORTH CENTRAL LONDON ICB - 93C,49.0
recovery,2024-09-01,97R,NHS SUSSEX ICB - 97R,51.0
recovery,2024-09-01,99A,NHS CHESHIRE AND MERSEYSIDE ICB - 99A,50.0
recovery,2024-09-01,99C,NHS NORTH EAST AND NORTH CUMBRIA ICB - 99C,58.0
recovery,2024-09-01,99E,NHS MID AND SOUTH ESSEX ICB - 99E,56.0
recovery,2024-09-01,99F,NHS MID AND SOUTH ESSEX ICB - 99F,59.0
recovery,2024-09-01,99G,NHS MID AND SOUTH ESSEX ICB - 99G,49.0
recovery,2024-09-01,A3A8R,NHS NORTH EAST LONDON ICB - A3A8R,49.0
recovery,2024-09-01,B2M3M,NHS COVENTRY AND WARWICKSHIRE ICB - B2M3M,51.0
recovery,2024-09-01,D2P2L,NHS BLACK COUNTRY ICB - D2P2L,52.0
recovery,2024-09-01,D4U1Y,NHS FRIMLEY ICB - D4U1Y,53.0
recovery,2024-09-01,D9Y0V,NHS HAMPSHIRE AND ISLE OF WIGHT ICB - D9Y0V,50.0
recovery,2024-09-01,InvalidCode,Unknown,37.0
recovery,2024-09-01,M1J4Y,"NHS BEDFORDSHIRE, LUTON AND MILTON KEYNES ICB - M1J4Y",50.0
recovery,2024-09-01,M2L0M,"NHS SHROPSHIRE, TELFORD AND WREKIN ICB - M2L0M",52.0
recovery,2024-09-01,W2U3Z,NHS NORTH WEST LONDON ICB - W2U3Z,49.0
recovery,2024-09-01,X2C4Y,NHS WEST YORKSHIRE ICB - X2C4Y,56.0
recovery,2024-10-01,00L,NHS NORTH EAST AND NORTH CUMBRIA ICB - 00L,50.0
recovery,2024-10-01,00N,NHS NORTH EAST AND NORTH CUMBRIA ICB - 00N,52.0
recovery,2024-10-01,00P,NHS NORTH EAST AND NORTH CUMBRIA ICB - 00P,50.0
recovery,2024-10-01,00Q,NHS LANCASHIRE AND SOUTH CUMBRIA ICB - 00Q,50.0
recovery,2024-10-01,00R,NHS LANCASHIRE AND SOUTH CUMBRIA ICB - 00R,53.0
recovery,2024-10-01,00T,NHS GREATER MANCHESTER ICB - 00T,48.0
recovery,2024-10-01,00V,NHS GREATER MANCHESTER ICB - 00V,56.0
recovery,2024-10-01,00X,NHS LANCASHIRE AND SOUTH CUMBRIA ICB - 00X,49.0
recovery,2024-10-01,00Y,NHS GREATER MANCHESTER ICB - 00Y,45.0
recovery,2024-10-01,01A,NHS LANCASHIRE AND SOUTH CUMBRIA ICB - 01A,45.0
recovery,2024-10-01,01D,NHS GREATER MANCHESTER ICB - 01D,43.0
recovery,2024-10-01,01E,NHS LANCASHIRE AND SOUTH CUMBRIA ICB - 01E,51.0
recovery,2024-10-01,01F,NHS CHESHIRE AND MERSEYSIDE ICB - 01F,49.0
recovery,2024-10-01,01G,NHS GREATER MANCHESTER ICB - 01G,38.0
recovery,2024-10-01,01H,NHS NORTH EAST AND NORTH CUMBRIA ICB - 01H,47.0
recovery,2024-10-01,01J,NHS CHESHIRE AND MERSEYSIDE ICB - 01J,51.0
recovery,2024-10-01,01K,NHS LANCASHIRE AND SOUTH CUMBRIA ICB - 01K,47.0
recovery,2024-10-01,01T,NHS CHESHIRE AND MERSEYSIDE ICB - 01T,50.0
recovery,2024-10-01,01V,NHS CHESHIRE AND MERSEYSIDE ICB - 01V,59.0
recovery,2024-10-01,01W,NHS GREATER MANCHESTER ICB - 01W,54.0
recovery,2024-10-01,01X,NHS CHESHIRE AND MERSEYSIDE ICB - 01X,52.0
recovery,2024-10-01,01Y,NHS GREATER MANCHESTER ICB - 01Y,53.0
recovery,2024-10-01,02A,NHS GREATER MANCHESTER ICB - 02A,53.0
recovery,2024-10-01,02E,NHS CHESHIRE AND MERSEYSIDE ICB - 02E,50.0
recovery,2024-10-01,02G,NHS LANCASHIRE AND SOUTH CUMBRIA ICB - 02G,49.0
recovery,2024-10-01,02H,NHS GREATER MANCHESTER ICB - 02H,53.0
recovery,2024-10-01,02M,NHS LANCASHIRE AND SOUTH CUMBRIA ICB - 02M,61.0
recovery,2024-10-01,02P,NHS SOUTH YORKSHIRE ICB - 02P,50.0
recovery,2024-10-01,02Q,NHS NOTTINGHAM AND NOTTINGHAMSHIRE ICB - 02Q,54.0
recovery,2024-10-01,02T,NHS WEST YORKSHIRE ICB - 02T,49.0
recovery,2024-10-01,02X,NHS SOUTH YORKSHIRE ICB - 02X,46.0
recovery,2024-10-01,02Y,NHS HUMBER AND NORTH YORKSHIRE ICB - 02Y,56.0
recovery,2024-10-01,03F,NHS HUMBER AND NORTH YORKSHIRE ICB - 03F,54.0
recovery,2024-10-01,03H,NHS HUMBER AND NORTH YORKSHIRE ICB - 03H,50.0
recovery,2024-10-01,03K,NHS HUMBER AND NORTH YORKSHIRE ICB - 03K,48.0
recovery,2024-10-01,03L,NHS SOUTH YORKSHIRE ICB - 03L,47.0
recovery,2024-10-01,03N,NHS SOUTH YORKSHIRE ICB - 03N,50.0
recovery,2024-10-01,03Q,NHS HUMBER AND NORTH YORKSHIRE ICB - 03Q,55.0
recovery,2024-10-01,03R,NHS WEST YORKSHIRE ICB - 03R,52.0
recovery,2024-10-01,03W,"NHS LEICESTER, LEICESTERSHIRE AND RUTLAND ICB - 03W",54.0
recovery,2024-10-01,04C,"NHS LEICESTER, LEICESTERSHIRE AND RUTLAND ICB - 04C",41.0
recovery,2024-10-01,04V,"NHS LEICESTER, LEICESTERSHIRE AND RUTLAND ICB - 04V",53.0
recovery,2024-10-01,04Y,NHS STAFFORDSHIRE AND STOKE-ON-TRENT ICB - 04Y,53.0
recovery,2024-10-01,05D,NHS STAFFORDSHIRE AND STOKE-ON-TRENT ICB - 05D,52.0
recovery,2024-10-01,05G,NHS STAFFORDSHIRE AND STOKE-ON-TRENT ICB - 05G,55.0
recovery,2024-10-01,05Q,NHS STAFFORDSHIRE AND STOKE-ON-TRENT ICB - 05Q,57.0
recovery,2024-10-01,05V,NHS STAFFORDSHIRE AND STOKE-ON-TRENT ICB - 05V,57.0
recovery,2024-10-01,05W,NHS STAFFORDSHIRE AND STOKE-ON-TRENT ICB - 05W,50.0
recovery,2024-10-01,06H,NHS CAMBRIDGESHIRE AND PETERBOROUGH ICB - 06H,50.0
recovery,2024-10-01,06K,NHS HERTFORDSHIRE AND WEST ESSEX ICB - 06K,52.0
recovery,2024-10-01,06L,NHS SUFFOLK AND NORTH EAST ESSEX ICB - 06L,51.0
recovery,2024-10-01,06N,NHS HERTFORDSHIRE AND WEST ESSEX ICB - 06N,47.0
recovery,2024-10-01,06Q,NHS MID AND SOUTH ESSEX ICB - 06Q,53.0
recovery,2024-10-01,06T,NHS SUFFOLK AND NORTH EAST ESSEX ICB - 06T,50.0
recovery,2024-10-01,07G,NHS MID AND SOUTH ESSEX ICB - 07G,58.0
recovery,2024-10-01,07H,NHS HERTFORDSHIRE AND WEST ESSEX ICB - 07H,53.0
recovery,2024-10-01,07K,NHS SUFFOLK AND NORTH EAST ESSEX ICB - 07K,50.0
recovery,2024-10-01,09D,NHS SUSSEX ICB - 09D,51.0
recovery,2024-10-01,10Q,"NHS BUCKINGHAMSHIRE, OXFORDSHIRE AND BERKSHIRE WEST ICB - 10Q",46.0
recovery,2024-10-01,10R,NHS HAMPSHIRE AND ISLE OF WIGHT ICB - 10R,51.0
recovery,2024-10-01,11J,NHS DORSET ICB - 11J,48.0
recovery,2024-10-01,11M,NHS GLOUCESTERSHIRE ICB - 11M,56.0
recovery,2024-10-01,11N,NHS CORNWALL AND THE ISLES OF SCILLY ICB - 11N,33.0
recovery,2024-10-01,11X,NHS SOMERSET ICB - 11X,53.0
recovery,2024-10-01,12F,NHS CHESHIRE AND MERSEYSIDE ICB - 12F,49.0
recovery,2024-10-01,13Q,NATIONAL COMMISSIONING HUB 1,57.0
recovery,2024-10-01,13T,NHS NORTH EAST AND NORTH CUMBRIA ICB - 13T,49.0
recovery,2024-10-01,14L,NHS GREATER MANCHESTER ICB - 14L,43.0
recovery,2024-10-01,14R,EAST OF ENGLAND - H&J COMMISSIONING HUB,60.0
recovery,2024-10-01,14Y,"NHS BUCKINGHAMSHIRE, OXFORDSHIRE AND BERKSHIRE WEST ICB - 14Y",53.0
recovery,2024-10-01,15A,"NHS BUCKINGHAMSHIRE, OXFORDSHIRE AND BERKSHIRE WEST ICB - 15A",52.0
recovery,2024-10-01,15C,"NHS BRISTOL, NORTH SOMERSET AND SOUTH GLOUCESTERSHIRE ICB - 15C",51.0
recovery,2024-10-01,15E,NHS BIRMINGHAM AND SOLIHULL ICB - 15E,48.0
recovery,2024-10-01,15F,NHS WEST YORKSHIRE ICB - 15F,49.0
recovery,2024-10-01,15M,NHS DERBY AND DERBYSHIRE ICB - 15M,51.0
recovery,2024-10-01,15N,NHS DEVON ICB - 15N,54.0
recovery,2024-10-01,16C,NHS NORTH EAST AND NORTH CUMBRIA ICB - 16C,51.0
recovery,2024-10-01,18C,NHS HEREFORDSHIRE AND WORCESTERSHIRE ICB - 18C,51.0
recovery,2024-10-01,26A,NHS NORFOLK AND WAVENEY ICB - 26A,54.0
recovery,2024-10-01,27D,NHS CHESHIRE AND MERSEYSIDE ICB - 27D,51.0
recovery,2024-10-01,36J,NHS WEST YORKSHIRE ICB - 36J,50.0
recovery,2024-10-01,36L,NHS SOUTH WEST LONDON ICB - 36L,53.0
recovery,2024-10-01,42D,NHS HUMBER AND NORTH YORKSHIRE ICB - 42D,52.0
recovery,2024-10-01,52R,NHS NOTTINGHAM AND NOTTINGHAMSHIRE ICB - 52R,49.0
recovery,2024-10-01,70F,NHS SUSSEX ICB - 70F,56.0
recovery,2024-10-01,71E,NHS LINCOLNSHIRE ICB - 71E,49.0
recovery,2024-10-01,72Q,NHS SOUTH EAST LONDON ICB - 72Q,51.0
recovery,2024-10-01,78H,NHS NORTHAMPTONSHIRE ICB - 78H,52.0
recovery,2024-10-01,84H,NHS NORTH EAST AND NORTH CUMBRIA ICB - 84H,52.0
recovery,2024-10-01,91Q,NHS KENT AND MEDWAY ICB - 91Q,50.0
recovery,2024-10-01,92A,NHS SURREY HEARTLANDS ICB - 92A,46.0
recovery,2024-10-01,92G,"NHS BATH AND NORTH EAST SOMERSET, SWINDON AND WILTSHIRE ICB - 92G",42.0
recovery,2024-10-01,93C,NHS NORTH CENTRAL LONDON ICB - 93C,46.0
recovery,2024-10-01,97R,NHS SUSSEX ICB - 97R,47.0
recovery,2024-10-01,99A,NHS CHESHIRE AND MERSEYSIDE ICB - 99A,49.0
recovery,2024-10-01,99C,NHS NORTH EAST AND NORTH CUMBRIA ICB - 99C,52.0
recovery,2024-10-01,99E,NHS MID AND SOUTH ESSEX ICB - 99E,51.0
recovery,2024-10-01,99F,NHS MID AND SOUTH ESSEX ICB - 99F,55.0
recovery,2024-10-01,99G,NHS MID AND SOUTH ESSEX ICB - 99G,47.0
recovery,2024-10-01,A3A8R,NHS NORTH EAST LONDON ICB - A3A8R,49.0
recovery,2024-10-01,B2M3M,NHS COVENTRY AND WARWICKSHIRE ICB - B2M3M,53.0
recovery,2024-10-01,D2P2L,NHS BLACK COUNTRY ICB - D2P2L,49.0
recovery,2024-10-01,D4U1Y,NHS FRIMLEY ICB - D4U1Y,50.0
recovery,2024-10-01,D9Y0V,NHS HAMPSHIRE AND ISLE OF WIGHT ICB - D9Y0V,49.0
recovery,2024-10-01,InvalidCode,Unknown,46.0
recovery,2024-10-01,M1J4Y,"NHS BEDFORDSHIRE, LUTON AND MILTON KEYNES ICB - M1J4Y",50.0
recovery,2024-10-01,M2L0M,"NHS SHROPSHIRE, TELFORD AND WREKIN ICB - M2L0M",51.0
recovery,2024-10-01,W2U3Z,NHS NORTH WEST LONDON ICB - W2U3Z,49.0
recovery,2024-10-01,X2C4Y,NHS WEST YORKSHIRE ICB - X2C4Y,58.0
recovery,2024-11-01,00L,NHS NORTH EAST AND NORTH CUMBRIA ICB - 00L,46.0
recovery,2024-11-01,00N,NHS NORTH EAST AND NORTH CUMBRIA ICB - 00N,53.0
recovery,2024-11-01,00P,NHS NORTH EAST AND NORTH CUMBRIA ICB - 00P,47.0
recovery,2024-11-01,00Q,NHS LANCASHIRE AND SOUTH CUMBRIA ICB - 00Q,54.0
recovery,2024-11-01,00R,NHS LANCASHIRE AND SOUTH CUMBRIA ICB - 00R,47.0
recovery,2024-11-01,00T,NHS GREATER MANCHESTER ICB - 00T,48.0
recovery,2024-11-01,00V,NHS GREATER MANCHESTER ICB - 00V,50.0
recovery,2024-11-01,00X,NHS LANCASHIRE AND SOUTH CUMBRIA ICB - 00X,43.0
recovery,2024-11-01,00Y,NHS GREATER MANCHESTER ICB - 00Y,43.0
recovery,2024-11-01,01A,NHS LANCASHIRE AND SOUTH CUMBRIA ICB - 01A,48.0
recovery,2024-11-01,01D,NHS GREATER MANCHESTER ICB - 01D,53.0
recovery,2024-11-01,01E,NHS LANCASHIRE AND SOUTH CUMBRIA ICB - 01E,50.0
recovery,2024-11-01,01F,NHS CHESHIRE AND MERSEYSIDE ICB - 01F,51.0
recovery,2024-11-01,01G,NHS GREATER MANCHESTER ICB - 01G,40.0
recovery,2024-11-01,01H,NHS NORTH EAST AND NORTH CUMBRIA ICB - 01H,47.0
recovery,2024-11-01,01J,NHS CHESHIRE AND MERSEYSIDE ICB - 01J,51.0
recovery,2024-11-01,01K,NHS LANCASHIRE AND SOUTH CUMBRIA ICB - 01K,46.0
recovery,2024-11-01,01T,NHS CHESHIRE AND MERSEYSIDE ICB - 01T,48.0
recovery,2024-11-01,01V,NHS CHESHIRE AND MERSEYSIDE ICB - 01V,59.0
recovery,2024-11-01,01W,NHS GREATER MANCHESTER ICB - 01W,58.0
recovery,2024-11-01,01X,NHS CHESHIRE AND MERSEYSIDE ICB - 01X,51.0
recovery,2024-11-01,01Y,NHS GREATER MANCHESTER ICB - 01Y,52.0
recovery,2024-11-01,02A,NHS GREATER MANCHESTER ICB - 02A,51.0
recovery,2024-11-01,02E,NHS CHESHIRE AND MERSEYSIDE ICB - 02E,63.0
recovery,2024-11-01,02G,NHS LANCASHIRE AND SOUTH CUMBRIA ICB - 02G,53.0
recovery,2024-11-01,02H,NHS GREATER MANCHESTER ICB - 02H,52.0
recovery,2024-11-01,02M,NHS LANCASHIRE AND SOUTH CUMBRIA ICB - 02M,59.0
recovery,2024-11-01,02P,NHS SOUTH YORKSHIRE ICB - 02P,50.0
recovery,2024-11-01,02Q,NHS NOTTINGHAM AND NOTTINGHAMSHIRE ICB - 02Q,53.0
recovery,2024-11-01,02T,NHS WEST YORKSHIRE ICB - 02T,57.0
recovery,2024-11-01,02X,NHS SOUTH YORKSHIRE ICB - 02X,46.0
recovery,2024-11-01,02Y,NHS HUMBER AND NORTH YORKSHIRE ICB - 02Y,62.0
recovery,2024-11-01,03F,NHS HUMBER AND NORTH YORKSHIRE ICB - 03F,52.0
recovery,2024-11-01,03H,NHS HUMBER AND NORTH YORKSHIRE ICB - 03H,45.0
recovery,2024-11-01,03K,NHS HUMBER AND NORTH YORKSHIRE ICB - 03K,44.0
recovery,2024-11-01,03L,NHS SOUTH YORKSHIRE ICB - 03L,42.0
recovery,2024-11-01,03N,NHS SOUTH YORKSHIRE ICB - 03N,52.0
recovery,2024-11-01,03Q,NHS HUMBER AND NORTH YORKSHIRE ICB - 03Q,58.0
recovery,2024-11-01,03R,NHS WEST YORKSHIRE ICB - 03R,51.0
recovery,2024-11-01,03W,"NHS LEICESTER, LEICESTERSHIRE AND RUTLAND ICB - 03W",60.0
recovery,2024-11-01,04C,"NHS LEICESTER, LEICESTERSHIRE AND RUTLAND ICB - 04C",46.0
recovery,2024-11-01,04V,"NHS LEICESTER, LEICESTERSHIRE AND RUTLAND ICB - 04V",48.0
recovery,2024-11-01,04Y,NHS STAFFORDSHIRE AND STOKE-ON-TRENT ICB - 04Y,55.0
recovery,2024-11-01,05D,NHS STAFFORDSHIRE AND STOKE-ON-TRENT ICB - 05D,50.0
recovery,2024-11-01,05G,NHS STAFFORDSHIRE AND STOKE-ON-TRENT ICB - 05G,54.0
recovery,2024-11-01,05Q,NHS STAFFORDSHIRE AND STOKE-ON-TRENT ICB - 05Q,45.0
recovery,2024-11-01,05V,NHS STAFFORDSHIRE AND STOKE-ON-TRENT ICB - 05V,56.0
recovery,2024-11-01,05W,NHS STAFFORDSHIRE AND STOKE-ON-TRENT ICB - 05W,55.0
recovery,2024-11-01,06H,NHS CAMBRIDGESHIRE AND PETERBOROUGH ICB - 06H,47.0
recovery,2024-11-01,06K,NHS HERTFORDSHIRE AND WEST ESSEX ICB - 06K,47.0
recovery,2024-11-01,06L,NHS SUFFOLK AND NORTH EAST ESSEX ICB - 06L,52.0
recovery,2024-11-01,06N,NHS HERTFORDSHIRE AND WEST ESSEX ICB - 06N,49.0
recovery,2024-11-01,06Q,NHS MID AND SOUTH ESSEX ICB - 06Q,52.0
recovery,2024-11-01,06T,NHS SUFFOLK AND NORTH EAST ESSEX ICB - 06T,49.0
recovery,2024-11-01,07G,NHS MID AND SOUTH ESSEX ICB - 07G,54.0
recovery,2024-11-01,07H,NHS HERTFORDSHIRE AND WEST ESSEX ICB - 07H,50.0
recovery,2024-11-01,07K,NHS SUFFOLK AND NORTH EAST ESSEX ICB - 07K,55.0
recovery,2024-11-01,09D,NHS SUSSEX ICB - 09D,49.0
recovery,2024-11-01,10Q,"NHS BUCKINGHAMSHIRE, OXFORDSHIRE AND BERKSHIRE WEST ICB - 10Q",55.0
recovery,2024-11-01,10R,NHS HAMPSHIRE AND ISLE OF WIGHT ICB - 10R,49.0
recovery,2024-11-01,11J,NHS DORSET ICB - 11J,48.0
recovery,2024-11-01,11M,NHS GLOUCESTERSHIRE ICB - 11M,49.0
recovery,2024-11-01,11N,NHS CORNWALL AND THE ISLES OF SCILLY ICB - 11N,49.0
recovery,2024-11-01,11X,NHS SOMERSET ICB - 11X,55.0
recovery,2024-11-01,12F,NHS CHESHIRE AND MERSEYSIDE ICB - 12F,47.0
recovery,2024-11-01,13Q,NATIONAL COMMISSIONING HUB 1,100.0
recovery,2024-11-01,13T,NHS NORTH EAST AND NORTH CUMBRIA ICB - 13T,55.0
recovery,2024-11-01,14L,NHS GREATER MANCHESTER ICB - 14L,45.0
recovery,2024-11-01,14R,EAST OF ENGLAND - H&J COMMISSIONING HUB,42.0
recovery,2024-11-01,14Y,"NHS BUCKINGHAMSHIRE, OXFORDSHIRE AND BERKSHIRE WEST ICB - 14Y",51.0
recovery,2024-11-01,15A,"NHS BUCKINGHAMSHIRE, OXFORDSHIRE AND BERKSHIRE WEST ICB - 15A",51.0
recovery,2024-11-01,15C,"NHS BRISTOL, NORTH SOMERSET AND SOUTH GLOUCESTERSHIRE ICB - 15C",51.0
recovery,2024-11-01,15E,NHS BIRMINGHAM AND SOLIHULL ICB - 15E,47.0
recovery,2024-11-01,15F,NHS WEST YORKSHIRE ICB - 15F,48.0
recovery,2024-11-01,15M,NHS DERBY AND DERBYSHIRE ICB - 15M,52.0
recovery,2024-11-01,15N,NHS DEVON ICB - 15N,54.0
recovery,2024-11-01,16C,NHS NORTH EAST AND NORTH CUMBRIA ICB - 16C,51.0
recovery,2024-11-01,18C,NHS HEREFORDSHIRE AND WORCESTERSHIRE ICB - 18C,46.0
recovery,2024-11-01,26A,NHS NORFOLK AND WAVENEY ICB - 26A,54.0
recovery,2024-11-01,27D,NHS CHESHIRE AND MERSEYSIDE ICB - 27D,51.0
recovery,2024-11-01,36J,NHS WEST YORKSHIRE ICB - 36J,51.0
recovery,2024-11-01,36L,NHS SOUTH WEST LONDON ICB - 36L,57.0
recovery,2024-11-01,42D,NHS HUMBER AND NORTH YORKSHIRE ICB - 42D,55.0
recovery,2024-11-01,52R,NHS NOTTINGHAM AND NOTTINGHAMSHIRE ICB - 52R,52.0
recovery,2024-11-01,70F,NHS SUSSEX ICB - 70F,52.0
recovery,2024-11-01,71E,NHS LINCOLNSHIRE ICB - 71E,52.0
recovery,2024-11-01,72Q,NHS SOUTH EAST LONDON ICB - 72Q,52.0
recovery,2024-11-01,78H,NHS NORTHAMPTONSHIRE ICB - 78H,52.0
recovery,2024-11-01,84H,NHS NORTH EAST AND NORTH CUMBRIA ICB - 84H,45.0
recovery,2024-11-01,91Q,NHS KENT AND MEDWAY ICB - 91Q,52.0
recovery,2024-11-01,92A,NHS SURREY HEARTLANDS ICB - 92A,49.0
recovery,2024-11-01,92G,"NHS BATH AND NORTH EAST SOMERSET, SWINDON AND WILTSHIRE ICB - 92G",46.0
recovery,2024-11-01,93C,NHS NORTH CENTRAL LONDON ICB - 93C,46.0
recovery,2024-11-01,97R,NHS SUSSEX ICB - 97R,50.0
recovery,2024-11-01,99A,NHS CHESHIRE AND MERSEYSIDE ICB - 99A,50.0
recovery,2024-11-01,99C,NHS NORTH EAST AND NORTH CUMBRIA ICB - 99C,54.0
recovery,2024-11-01,99E,NHS MID AND SOUTH ESSEX ICB - 99E,54.0
recovery,2024-11-01,99F,NHS MID AND SOUTH ESSEX ICB - 99F,54.0
recovery,2024-11-01,99G,NHS MID AND SOUTH ESSEX ICB - 99G,48.0
recovery,2024-11-01,A3A8R,NHS NORTH EAST LONDON ICB - A3A8R,50.0
recovery,2024-11-01,B2M3M,NHS COVENTRY AND WARWICKSHIRE ICB - B2M3M,53.0
recovery,2024-11-01,D2P2L,NHS BLACK COUNTRY ICB - D2P2L,51.0
recovery,2024-11-01,D4U1Y,NHS FRIMLEY ICB - D4U1Y,50.0
recovery,2024-11-01,D9Y0V,NHS HAMPSHIRE AND ISLE OF WIGHT ICB - D9Y0V,50.0
recovery,2024-11-01,InvalidCode,Unknown,31.0
recovery,2024-11-01,M1J4Y,"NHS BEDFORDSHIRE, LUTON AND MILTON KEYNES ICB - M1J4Y",48.0
recovery,2024-11-01,M2L0M,"NHS SHROPSHIRE, TELFORD AND WREKIN ICB - M2L0M",50.0
recovery,2024-11-01,W2U3Z,NHS NORTH WEST LONDON ICB - W2U3Z,51.0
recovery,2024-11-01,X2C4Y,NHS WEST YORKSHIRE ICB - X2C4Y,58.0
recovery,2024-12-01,00L,NHS NORTH EAST AND NORTH CUMBRIA ICB - 00L,50.0
recovery,2024-12-01,00N,NHS NORTH EAST AND NORTH CUMBRIA ICB - 00N,48.0
recovery,2024-12-01,00P,NHS NORTH EAST AND NORTH CUMBRIA ICB - 00P,42.0
recovery,2024-12-01,00Q,NHS LANCASHIRE AND SOUTH CUMBRIA ICB - 00Q,41.0
recovery,2024-12-01,00R,NHS LANCASHIRE AND SOUTH CUMBRIA ICB - 00R,51.0
recovery,2024-12-01,00T,NHS GREATER MANCHESTER ICB - 00T,48.0
recovery,2024-12-01,00V,NHS GREATER MANCHESTER ICB - 00V,54.0
recovery,2024-12-01,00X,NHS LANCASHIRE AND SOUTH CUMBRIA ICB - 00X,45.0
recovery,2024-12-01,00Y,NHS GREATER MANCHESTER ICB - 00Y,37.0
recovery,2024-12-01,01A,NHS LANCASHIRE AND SOUTH CUMBRIA ICB - 01A,51.0
recovery,2024-12-01,01D,NHS GREATER MANCHESTER ICB - 01D,51.0
recovery,2024-12-01,01E,NHS LANCASHIRE AND SOUTH CUMBRIA ICB - 01E,55.0
recovery,2024-12-01,01F,NHS CHESHIRE AND MERSEYSIDE ICB - 01F,50.0
recovery,2024-12-01,01G,NHS GREATER MANCHESTER ICB - 01G,39.0
recovery,2024-12-01,01H,NHS NORTH EAST AND NORTH CUMBRIA ICB - 01H,54.0
recovery,2024-12-01,01J,NHS CHESHIRE AND MERSEYSIDE ICB - 01J,50.0
recovery,2024-12-01,01K,NHS LANCASHIRE AND SOUTH CUMBRIA ICB - 01K,49.0
recovery,2024-12-01,01T,NHS CHESHIRE AND MERSEYSIDE ICB - 01T,41.0
recovery,2024-12-01,01V,NHS CHESHIRE AND MERSEYSIDE ICB - 01V,48.0
recovery,2024-12-01,01W,NHS GREATER MANCHESTER ICB - 01W,63.0
recovery,2024-12-01,01X,NHS CHESHIRE AND MERSEYSIDE ICB - 01X,49.0
recovery,2024-12-01,01Y,NHS GREATER MANCHESTER ICB - 01Y,48.0
recovery,2024-12-01,02A,NHS GREATER MANCHESTER ICB - 02A,57.0
recovery,2024-12-01,02E,NHS CHESHIRE AND MERSEYSIDE ICB - 02E,50.0
recovery,2024-12-01,02G,NHS LANCASHIRE AND SOUTH CUMBRIA ICB - 02G,54.0
recovery,2024-12-01,02H,NHS GREATER MANCHESTER ICB - 02H,39.0
recovery,2024-12-01,02M,NHS LANCASHIRE AND SOUTH CUMBRIA ICB - 02M,53.0
recovery,2024-12-01,02P,NHS SOUTH YORKSHIRE ICB - 02P,51.0
recovery,2024-12-01,02Q,NHS NOTTINGHAM AND NOTTINGHAMSHIRE ICB - 02Q,49.0
recovery,2024-12-01,02T,NHS WEST YORKSHIRE ICB - 02T,44.0
recovery,2024-12-01,02X,NHS SOUTH YORKSHIRE ICB - 02X,50.0
recovery,2024-12-01,02Y,NHS HUMBER AND NORTH YORKSHIRE ICB - 02Y,60.0
recovery,2024-12-01,03F,NHS HUMBER AND NORTH YORKSHIRE ICB - 03F,49.0
recovery,2024-12-01,03H,NHS HUMBER AND NORTH YORKSHIRE ICB - 03H,44.0
recovery,2024-12-01,03K,NHS HUMBER AND NORTH YORKSHIRE ICB - 03K,45.0
recovery,2024-12-01,03L,NHS SOUTH YORKSHIRE ICB - 03L,49.0
recovery,2024-12-01,03N,NHS SOUTH YORKSHIRE ICB - 03N,51.0
recovery,2024-12-01,03Q,NHS HUMBER AND NORTH YORKSHIRE ICB - 03Q,49.0
recovery,2024-12-01,03R,NHS WEST YORKSHIRE ICB - 03R,50.0
recovery,2024-12-01,03W,"NHS LEICESTER, LEICESTERSHIRE AND RUTLAND ICB - 03W",51.0
recovery,2024-12-01,04C,"NHS LEICESTER, LEICESTERSHIRE AND RUTLAND ICB - 04C",42.0
recovery,2024-12-01,04V,"NHS LEICESTER, LEICESTERSHIRE AND RUTLAND ICB - 04V",48.0
recovery,2024-12-01,04Y,NHS STAFFORDSHIRE AND STOKE-ON-TRENT ICB - 04Y,49.0
recovery,2024-12-01,05D,NHS STAFFORDSHIRE AND STOKE-ON-TRENT ICB - 05D,46.0
recovery,2024-12-01,05G,NHS STAFFORDSHIRE AND STOKE-ON-TRENT ICB - 05G,51.0
recovery,2024-12-01,05Q,NHS STAFFORDSHIRE AND STOKE-ON-TRENT ICB - 05Q,54.0
recovery,2024-12-01,05V,NHS STAFFORDSHIRE AND STOKE-ON-TRENT ICB - 05V,51.0
recovery,2024-12-01,05W,NHS STAFFORDSHIRE AND STOKE-ON-TRENT ICB - 05W,54.0
recovery,2024-12-01,06H,NHS CAMBRIDGESHIRE AND PETERBOROUGH ICB - 06H,51.0
recovery,2024-12-01,06K,NHS HERTFORDSHIRE AND WEST ESSEX ICB - 06K,48.0
recovery,2024-12-01,06L,NHS SUFFOLK AND NORTH EAST ESSEX ICB - 06L,50.0
recovery,2024-12-01,06N,NHS HERTFORDSHIRE AND WEST ESSEX ICB - 06N,50.0
recovery,2024-12-01,06Q,NHS MID AND SOUTH ESSEX ICB - 06Q,51.0
recovery,2024-12-01,06T,NHS SUFFOLK AND NORTH EAST ESSEX ICB - 06T,50.0
recovery,2024-12-01,07G,NHS MID AND SOUTH ESSEX ICB - 07G,56.0
recovery,2024-12-01,07H,NHS HERTFORDSHIRE AND WEST ESSEX ICB - 07H,47.0
recovery,2024-12-01,07K,NHS SUFFOLK AND NORTH EAST ESSEX ICB - 07K,55.0
recovery,2024-12-01,09D,NHS SUSSEX ICB - 09D,43.0
recovery,2024-12-01,10Q,"NHS BUCKINGHAMSHIRE, OXFORDSHIRE AND BERKSHIRE WEST ICB - 10Q",56.0
recovery,2024-12-01,10R,NHS HAMPSHIRE AND ISLE OF WIGHT ICB - 10R,55.0
recovery,2024-12-01,11J,NHS DORSET ICB - 11J,46.0
recovery,2024-12-01,11M,NHS GLOUCESTERSHIRE ICB - 11M,55.0
recovery,2024-12-01,11N,NHS CORNWALL AND THE ISLES OF SCILLY ICB - 11N,48.0
recovery,2024-12-01,11X,NHS SOMERSET ICB - 11X,56.0
recovery,2024-12-01,12F,NHS CHESHIRE AND MERSEYSIDE ICB - 12F,41.0
recovery,2024-12-01,13T,NHS NORTH EAST AND NORTH CUMBRIA ICB - 13T,52.0
recovery,2024-12-01,14L,NHS GREATER MANCHESTER ICB - 14L,45.0
recovery,2024-12-01,14R,EAST OF ENGLAND - H&J COMMISSIONING HUB,44.0
recovery,2024-12-01,14Y,"NHS BUCKINGHAMSHIRE, OXFORDSHIRE AND BERKSHIRE WEST ICB - 14Y",49.0
recovery,2024-12-01,15A,"NHS BUCKINGHAMSHIRE, OXFORDSHIRE AND BERKSHIRE WEST ICB - 15A",47.0
recovery,2024-12-01,15C,"NHS BRISTOL, NORTH SOMERSET AND SOUTH GLOUCESTERSHIRE ICB - 15C",51.0
recovery,2024-12-01,15E,NHS BIRMINGHAM AND SOLIHULL ICB - 15E,49.0
recovery,2024-12-01,15F,NHS WEST YORKSHIRE ICB - 15F,54.0
recovery,2024-12-01,15M,NHS DERBY AND DERBYSHIRE ICB - 15M,52.0
recovery,2024-12-01,15N,NHS DEVON ICB - 15N,54.0
recovery,2024-12-01,16C,NHS NORTH EAST AND NORTH CUMBRIA ICB - 16C,48.0
recovery,2024-12-01,18C,NHS HEREFORDSHIRE AND WORCESTERSHIRE ICB - 18C,49.0
recovery,2024-12-01,26A,NHS NORFOLK AND WAVENEY ICB - 26A,54.0
recovery,2024-12-01,27D,NHS CHESHIRE AND MERSEYSIDE ICB - 27D,50.0
recovery,2024-12-01,36J,NHS WEST YORKSHIRE ICB - 36J,51.0
recovery,2024-12-01,36L,NHS SOUTH WEST LONDON ICB - 36L,53.0
recovery,2024-12-01,42D,NHS HUMBER AND NORTH YORKSHIRE ICB - 42D,54.0
recovery,2024-12-01,52R,NHS NOTTINGHAM AND NOTTINGHAMSHIRE ICB - 52R,49.0
recovery,2024-12-01,70F,NHS SUSSEX ICB - 70F,59.0
recovery,2024-12-01,71E,NHS LINCOLNSHIRE ICB - 71E,46.0
recovery,2024-12-01,72Q,NHS SOUTH EAST LONDON ICB - 72Q,51.0
recovery,2024-12-01,78H,NHS NORTHAMPTONSHIRE ICB - 78H,52.0
recovery,2024-12-01,84H,NHS NORTH EAST AND NORTH CUMBRIA ICB - 84H,51.0
recovery,2024-12-01,91Q,NHS KENT AND MEDWAY ICB - 91Q,50.0
recovery,2024-12-01,92A,NHS SURREY HEARTLANDS ICB - 92A,47.0
recovery,2024-12-01,92G,"NHS BATH AND NORTH EAST SOMERSET, SWINDON AND WILTSHIRE ICB - 92G",47.0
recovery,2024-12-01,93C,NHS NORTH CENTRAL LONDON ICB - 93C,43.0
recovery,2024-12-01,97R,NHS SUSSEX ICB - 97R,51.0
recovery,2024-12-01,99A,NHS CHESHIRE AND MERSEYSIDE ICB - 99A,51.0
recovery,2024-12-01,99C,NHS NORTH EAST AND NORTH CUMBRIA ICB - 99C,55.0
recovery,2024-12-01,99E,NHS MID AND SOUTH ESSEX ICB - 99E,55.0
recovery,2024-12-01,99F,NHS MID AND SOUTH ESSEX ICB - 99F,52.0
recovery,2024-12-01,99G,NHS MID AND SOUTH ESSEX ICB - 99G,49.0
recovery,2024-12-01,A3A8R,NHS NORTH EAST LONDON ICB - A3A8R,48.0
recovery,2024-12-01,B2M3M,NHS COVENTRY AND WARWICKSHIRE ICB - B2M3M,52.0
recovery,2024-12-01,D2P2L,NHS BLACK COUNTRY ICB - D2P2L,48.0
recovery,2024-12-01,D4U1Y,NHS FRIMLEY ICB - D4U1Y,53.0
recovery,2024-12-01,D9Y0V,NHS HAMPSHIRE AND ISLE OF WIGHT ICB - D9Y0V,47.0
recovery,2024-12-01,InvalidCode,Unknown,45.0
recovery,2024-12-01,M1J4Y,"NHS BEDFORDSHIRE, LUTON AND MILTON KEYNES ICB - M1J4Y",51.0
recovery,2024-12-01,M2L0M,"NHS SHROPSHIRE, TELFORD AND WREKIN ICB - M2L0M",53.0
recovery,2024-12-01,W2U3Z,NHS NORTH WEST LONDON ICB - W2U3Z,50.0
recovery,2024-12-01,X2C4Y,NHS WEST YORKSHIRE ICB - X2C4Y,53.0
recovery,2025-01-01,00L,NHS NORTH EAST AND NORTH CUMBRIA ICB - 00L,50.0
recovery,2025-01-01,00N,NHS NORTH EAST AND NORTH CUMBRIA ICB - 00N,49.0
recovery,2025-01-01,00P,NHS NORTH EAST AND NORTH CUMBRIA ICB - 00P,50.0
recovery,2025-01-01,00Q,NHS LANCASHIRE AND SOUTH CUMBRIA ICB - 00Q,48.0
recovery,2025-01-01,00R,NHS LANCASHIRE AND SOUTH CUMBRIA ICB - 00R,43.0
recovery,2025-01-01,00T,NHS GREATER MANCHESTER ICB - 00T,50.0
recovery,2025-01-01,00V,NHS GREATER MANCHESTER ICB - 00V,53.0
recovery,2025-01-01,00X,NHS LANCASHIRE AND SOUTH CUMBRIA ICB - 00X,47.0
recovery,2025-01-01,00Y,NHS GREATER MANCHESTER ICB - 00Y,40.0
recovery,2025-01-01,01A,NHS LANCASHIRE AND SOUTH CUMBRIA ICB - 01A,50.0
recovery,2025-01-01,01D,NHS GREATER MANCHESTER ICB - 01D,41.0
recovery,2025-01-01,01E,NHS LANCASHIRE AND SOUTH CUMBRIA ICB - 01E,52.0
recovery,2025-01-01,01F,NHS CHESHIRE AND MERSEYSIDE ICB - 01F,49.0
recovery,2025-01-01,01G,NHS GREATER MANCHESTER ICB - 01G,41.0
recovery,2025-01-01,01H,NHS NORTH EAST AND NORTH CUMBRIA ICB - 01H,49.0
recovery,2025-01-01,01J,NHS CHESHIRE AND MERSEYSIDE ICB - 01J,51.0
recovery,2025-01-01,01K,NHS LANCASHIRE AND SOUTH CUMBRIA ICB - 01K,51.0
recovery,2025-01-01,01T,NHS CHESHIRE AND MERSEYSIDE ICB - 01T,48.0
recovery,2025-01-01,01V,NHS CHESHIRE AND MERSEYSIDE ICB - 01V,53.0
recovery,2025-01-01,01W,NHS GREATER MANCHESTER ICB - 01W,55.0
recovery,2025-01-01,01X,NHS CHESHIRE AND MERSEYSIDE ICB - 01X,46.0
recovery,2025-01-01,01Y,NHS GREATER MANCHESTER ICB - 01Y,48.0
recovery,2025-01-01,02A,NHS GREATER MANCHESTER ICB - 02A,54.0
recovery,2025-01-01,02E,NHS CHESHIRE AND MERSEYSIDE ICB - 02E,51.0
recovery,2025-01-01,02G,NHS LANCASHIRE AND SOUTH CUMBRIA ICB - 02G,58.0
recovery,2025-01-01,02H,NHS GREATER MANCHESTER ICB - 02H,53.0
recovery,2025-01-01,02M,NHS LANCASHIRE AND SOUTH CUMBRIA ICB - 02M,58.0
recovery,2025-01-01,02P,NHS SOUTH YORKSHIRE ICB - 02P,50.0
recovery,2025-01-01,02Q,NHS NOTTINGHAM AND NOTTINGHAMSHIRE ICB - 02Q,58.0
recovery,2025-01-01,02T,NHS WEST YORKSHIRE ICB - 02T,46.0
recovery,2025-01-01,02X,NHS SOUTH YORKSHIRE ICB - 02X,49.0
recovery,2025-01-01,02Y,NHS HUMBER AND NORTH YORKSHIRE ICB - 02Y,55.0
recovery,2025-01-01,03F,NHS HUMBER AND NORTH YORKSHIRE ICB - 03F,55.0
recovery,2025-01-01,03H,NHS HUMBER AND NORTH YORKSHIRE ICB - 03H,51.0
recovery,2025-01-01,03K,NHS HUMBER AND NORTH YORKSHIRE ICB - 03K,47.0
recovery,2025-01-01,03L,NHS SOUTH YORKSHIRE ICB - 03L,50.0
recovery,2025-01-01,03N,NHS SOUTH YORKSHIRE ICB - 03N,51.0
recovery,2025-01-01,03Q,NHS HUMBER AND NORTH YORKSHIRE ICB - 03Q,52.0
recovery,2025-01-01,03R,NHS WEST YORKSHIRE ICB - 03R,48.0
recovery,2025-01-01,03W,"NHS LEICESTER, LEICESTERSHIRE AND RUTLAND ICB - 03W",55.0
recovery,2025-01-01,04C,"NHS LEICESTER, LEICESTERSHIRE AND RUTLAND ICB - 04C",46.0
recovery,2025-01-01,04V,"NHS LEICESTER, LEICESTERSHIRE AND RUTLAND ICB - 04V",59.0
recovery,2025-01-01,04Y,NHS STAFFORDSHIRE AND STOKE-ON-TRENT ICB - 04Y,48.0
recovery,2025-01-01,05D,NHS STAFFORDSHIRE AND STOKE-ON-TRENT ICB - 05D,49.0
recovery,2025-01-01,05G,NHS STAFFORDSHIRE AND STOKE-ON-TRENT ICB - 05G,52.0
recovery,2025-01-01,05Q,NHS STAFFORDSHIRE AND STOKE-ON-TRENT ICB - 05Q,46.0
recovery,2025-01-01,05V,NHS STAFFORDSHIRE AND STOKE-ON-TRENT ICB - 05V,52.0
recovery,2025-01-01,05W,NHS STAFFORDSHIRE AND STOKE-ON-TRENT ICB - 05W,50.0
recovery,2025-01-01,06H,NHS CAMBRIDGESHIRE AND PETERBOROUGH ICB - 06H,49.0
recovery,2025-01-01,06K,NHS HERTFORDSHIRE AND WEST ESSEX ICB - 06K,54.0
recovery,2025-01-01,06L,NHS SUFFOLK AND NORTH EAST ESSEX ICB - 06L,52.0
recovery,2025-01-01,06N,NHS HERTFORDSHIRE AND WEST ESSEX ICB - 06N,48.0
recovery,2025-01-01,06Q,NHS MID AND SOUTH ESSEX ICB - 06Q,50.0
recovery,2025-01-01,06T,NHS SUFFOLK AND NORTH EAST ESSEX ICB - 06T,51.0
recovery,2025-01-01,07G,NHS MID AND SOUTH ESSEX ICB - 07G,54.0
recovery,2025-01-01,07H,NHS HERTFORDSHIRE AND WEST ESSEX ICB - 07H,53.0
recovery,2025-01-01,07K,NHS SUFFOLK AND NORTH EAST ESSEX ICB - 07K,52.0
recovery,2025-01-01,09D,NHS SUSSEX ICB - 09D,47.0
recovery,2025-01-01,10Q,"NHS BUCKINGHAMSHIRE, OXFORDSHIRE AND BERKSHIRE WEST ICB - 10Q",51.0
recovery,2025-01-01,10R,NHS HAMPSHIRE AND ISLE OF WIGHT ICB - 10R,52.0
recovery,2025-01-01,11J,NHS DORSET ICB - 11J,48.0
recovery,2025-01-01,11M,NHS GLOUCESTERSHIRE ICB - 11M,51.0
recovery,2025-01-01,11N,NHS CORNWALL AND THE ISLES OF SCILLY ICB - 11N,49.0
recovery,2025-01-01,11X,NHS SOMERSET ICB - 11X,51.0
recovery,2025-01-01,12F,NHS CHESHIRE AND MERSEYSIDE ICB - 12F,53.0
recovery,2025-01-01,13Q,NATIONAL COMMISSIONING HUB 1,55.0
recovery,2025-01-01,13T,NHS NORTH EAST AND NORTH CUMBRIA ICB - 13T,54.0
recovery,2025-01-01,14L,NHS GREATER MANCHESTER ICB - 14L,47.0
recovery,2025-01-01,14R,EAST OF ENGLAND - H&J COMMISSIONING HUB,53.0
recovery,2025-01-01,14Y,"NHS BUCKINGHAMSHIRE, OXFORDSHIRE AND BERKSHIRE WEST ICB - 14Y",51.0
recovery,2025-01-01,15A,"NHS BUCKINGHAMSHIRE, OXFORDSHIRE AND BERKSHIRE WEST ICB - 15A",53.0
recovery,2025-01-01,15C,"NHS BRISTOL, NORTH SOMERSET AND SOUTH GLOUCESTERSHIRE ICB - 15C",55.0
recovery,2025-01-01,15E,NHS BIRMINGHAM AND SOLIHULL ICB - 15E,49.0
recovery,2025-01-01,15F,NHS WEST YORKSHIRE ICB - 15F,41.0
recovery,2025-01-01,15M,NHS DERBY AND DERBYSHIRE ICB - 15M,54.0
recovery,2025-01-01,15N,NHS DEVON ICB - 15N,55.0
recovery,2025-01-01,16C,NHS NORTH EAST AND NORTH CUMBRIA ICB - 16C,49.0
recovery,2025-01-01,18C,NHS HEREFORDSHIRE AND WORCESTERSHIRE ICB - 18C,48.0
recovery,2025-01-01,26A,NHS NORFOLK AND WAVENEY ICB - 26A,53.0
recovery,2025-01-01,27D,NHS CHESHIRE AND MERSEYSIDE ICB - 27D,50.0
recovery,2025-01-01,36J,NHS WEST YORKSHIRE ICB - 36J,49.0
recovery,2025-01-01,36L,NHS SOUTH WEST LONDON ICB - 36L,53.0
recovery,2025-01-01,42D,NHS HUMBER AND NORTH YORKSHIRE ICB - 42D,55.0
recovery,2025-01-01,52R,NHS NOTTINGHAM AND NOTTINGHAMSHIRE ICB - 52R,52.0
recovery,2025-01-01,70F,NHS SUSSEX ICB - 70F,53.0
recovery,2025-01-01,71E,NHS LINCOLNSHIRE ICB - 71E,49.0
recovery,2025-01-01,72Q,NHS SOUTH EAST LONDON ICB - 72Q,51.0
recovery,2025-01-01,78H,NHS NORTHAMPTONSHIRE ICB - 78H,52.0
recovery,2025-01-01,84H,NHS NORTH EAST AND NORTH CUMBRIA ICB - 84H,45.0
recovery,2025-01-01,91Q,NHS KENT AND MEDWAY ICB - 91Q,49.0
recovery,2025-01-01,92A,NHS SURREY HEARTLANDS ICB - 92A,51.0
recovery,2025-01-01,92G,"NHS BATH AND NORTH EAST SOMERSET, SWINDON AND WILTSHIRE ICB - 92G",34.0
recovery,2025-01-01,93C,NHS NORTH CENTRAL LONDON ICB - 93C,47.0
recovery,2025-01-01,97R,NHS SUSSEX ICB - 97R,49.0
recovery,2025-01-01,99A,NHS CHESHIRE AND MERSEYSIDE ICB - 99A,49.0
recovery,2025-01-01,99C,NHS NORTH EAST AND NORTH CUMBRIA ICB - 99C,61.0
recovery,2025-01-01,99E,NHS MID AND SOUTH ESSEX ICB - 99E,58.0
recovery,2025-01-01,99F,NHS MID AND SOUTH ESSEX ICB - 99F,58.0
recovery,2025-01-01,99G,NHS MID AND SOUTH ESSEX ICB - 99G,51.0
recovery,2025-01-01,A3A8R,NHS NORTH EAST LONDON ICB - A3A8R,49.0
recovery,2025-01-01,B2M3M,NHS COVENTRY AND WARWICKSHIRE ICB - B2M3M,51.0
recovery,2025-01-01,D2P2L,NHS BLACK COUNTRY ICB - D2P2L,53.0
recovery,2025-01-01,D4U1Y,NHS FRIMLEY ICB - D4U1Y,52.0
recovery,2025-01-01,D9Y0V,NHS HAMPSHIRE AND ISLE OF WIGHT ICB - D9Y0V,51.0
recovery,2025-01-01,InvalidCode,Unknown,48.0
recovery,2025-01-01,M1J4Y,"NHS BEDFORDSHIRE, LUTON AND MILTON KEYNES ICB - M1J4Y",51.0
recovery,2025-01-01,M2L0M,"NHS SHROPSHIRE, TELFORD AND WREKIN ICB - M2L0M",52.0
recovery,2025-01-01,W2U3Z,NHS NORTH WEST LONDON ICB - W2U3Z,48.0
recovery,2025-01-01,X2C4Y,NHS WEST YORKSHIRE ICB - X2C4Y,59.0
recovery,2025-02-01,00L,NHS NORTH EAST AND NORTH CUMBRIA ICB - 00L,51.0
recovery,2025-02-01,00N,NHS NORTH EAST AND NORTH CUMBRIA ICB - 00N,51.0
recovery,2025-02-01,00P,NHS NORTH EAST AND NORTH CUMBRIA ICB - 00P,46.0
recovery,2025-02-01,00Q,NHS LANCASHIRE AND SOUTH CUMBRIA ICB - 00Q,48.0
recovery,2025-02-01,00R,NHS LANCASHIRE AND SOUTH CUMBRIA ICB - 00R,46.0
recovery,2025-02-01,00T,NHS GREATER MANCHESTER ICB - 00T,52.0
recovery,2025-02-01,00V,NHS GREATER MANCHESTER ICB - 00V,51.0
recovery,2025-02-01,00X,NHS LANCASHIRE AND SOUTH CUMBRIA ICB - 00X,38.0
recovery,2025-02-01,00Y,NHS GREATER MANCHESTER ICB - 00Y,41.0
recovery,2025-02-01,01A,NHS LANCASHIRE AND SOUTH CUMBRIA ICB - 01A,46.0
recovery,2025-02-01,01D,NHS GREATER MANCHESTER ICB - 01D,43.0
recovery,2025-02-01,01E,NHS LANCASHIRE AND SOUTH CUMBRIA ICB - 01E,43.0
recovery,2025-02-01,01F,NHS CHESHIRE AND MERSEYSIDE ICB - 01F,50.0
recovery,2025-02-01,01G,NHS GREATER MANCHESTER ICB - 01G,39.0
recovery,2025-02-01,01H,NHS NORTH EAST AND NORTH CUMBRIA ICB - 01H,49.0
recovery,2025-02-01,01J,NHS CHESHIRE AND MERSEYSIDE ICB - 01J,51.0
recovery,2025-02-01,01K,NHS LANCASHIRE AND SOUTH CUMBRIA ICB - 01K,46.0
recovery,2025-02-01,01T,NHS CHESHIRE AND MERSEYSIDE ICB - 01T,43.0
recovery,2025-02-01,01V,NHS CHESHIRE AND MERSEYSIDE ICB - 01V,43.0
recovery,2025-02-01,01W,NHS GREATER MANCHESTER ICB - 01W,53.0
recovery,2025-02-01,01X,NHS CHESHIRE AND MERSEYSIDE ICB - 01X,49.0
recovery,2025-02-01,01Y,NHS GREATER MANCHESTER ICB - 01Y,47.0
recovery,2025-02-01,02A,NHS GREATER MANCHESTER ICB - 02A,48.0
recovery,2025-02-01,02E,NHS CHESHIRE AND MERSEYSIDE ICB - 02E,51.0
recovery,2025-02-01,02G,NHS LANCASHIRE AND SOUTH CUMBRIA ICB - 02G,56.0
recovery,2025-02-01,02H,NHS GREATER MANCHESTER ICB - 02H,53.0
recovery,2025-02-01,02M,NHS LANCASHIRE AND SOUTH CUMBRIA ICB - 02M,53.0
recovery,2025-02-01,02P,NHS SOUTH YORKSHIRE ICB - 02P,47.0
recovery,2025-02-01,02Q,NHS NOTTINGHAM AND NOTTINGHAMSHIRE ICB - 02Q,51.0
recovery,2025-02-01,02T,NHS WEST YORKSHIRE ICB - 02T,55.0
recovery,2025-02-01,02X,NHS SOUTH YORKSHIRE ICB - 02X,53.0
recovery,2025-02-01,02Y,NHS HUMBER AND NORTH YORKSHIRE ICB - 02Y,59.0
recovery,2025-02-01,03F,NHS HUMBER AND NORTH YORKSHIRE ICB - 03F,56.0
recovery,2025-02-01,03H,NHS HUMBER AND NORTH YORKSHIRE ICB - 03H,43.0
recovery,2025-02-01,03K,NHS HUMBER AND NORTH YORKSHIRE ICB - 03K,50.0
recovery,2025-02-01,03L,NHS SOUTH YORKSHIRE ICB - 03L,44.0
recovery,2025-02-01,03N,NHS SOUTH YORKSHIRE ICB - 03N,54.0
recovery,2025-02-01,03Q,NHS HUMBER AND NORTH YORKSHIRE ICB - 03Q,61.0
recovery,2025-02-01,03R,NHS WEST YORKSHIRE ICB - 03R,53.0
recovery,2025-02-01,03W,"NHS LEICESTER, LEICESTERSHIRE AND RUTLAND ICB - 03W",58.0
recovery,2025-02-01,04C,"NHS LEICESTER, LEICESTERSHIRE AND RUTLAND ICB - 04C",42.0
recovery,2025-02-01,04V,"NHS LEICESTER, LEICESTERSHIRE AND RUTLAND ICB - 04V",61.0
recovery,2025-02-01,04Y,NHS STAFFORDSHIRE AND STOKE-ON-TRENT ICB - 04Y,44.0
recovery,2025-02-01,05D,NHS STAFFORDSHIRE AND STOKE-ON-TRENT ICB - 05D,52.0
recovery,2025-02-01,05G,NHS STAFFORDSHIRE AND STOKE-ON-TRENT ICB - 05G,43.0
recovery,2025-02-01,05Q,NHS STAFFORDSHIRE AND STOKE-ON-TRENT ICB - 05Q,49.0
recovery,2025-02-01,05V,NHS STAFFORDSHIRE AND STOKE-ON-TRENT ICB - 05V,47.0
recovery,2025-02-01,05W,NHS STAFFORDSHIRE AND STOKE-ON-TRENT ICB - 05W,51.0
recovery,2025-02-01,06H,NHS CAMBRIDGESHIRE AND PETERBOROUGH ICB - 06H,47.0
recovery,2025-02-01,06K,NHS HERTFORDSHIRE AND WEST ESSEX ICB - 06K,31.0
recovery,2025-02-01,06L,NHS SUFFOLK AND NORTH EAST ESSEX ICB - 06L,49.0
recovery,2025-02-01,06N,NHS HERTFORDSHIRE AND WEST ESSEX ICB - 06N,27.0
recovery,2025-02-01,06Q,NHS MID AND SOUTH ESSEX ICB - 06Q,53.0
recovery,2025-02-01,06T,NHS SUFFOLK AND NORTH EAST ESSEX ICB - 06T,53.0
recovery,2025-02-01,07G,NHS MID AND SOUTH ESSEX ICB - 07G,59.0
recovery,2025-02-01,07H,NHS HERTFORDSHIRE AND WEST ESSEX ICB - 07H,52.0
recovery,2025-02-01,07K,NHS SUFFOLK AND NORTH EAST ESSEX ICB - 07K,55.0
recovery,2025-02-01,09D,NHS SUSSEX ICB - 09D,42.0
recovery,2025-02-01,10Q,"NHS BUCKINGHAMSHIRE, OXFORDSHIRE AND BERKSHIRE WEST ICB - 10Q",56.0
recovery,2025-02-01,10R,NHS HAMPSHIRE AND ISLE OF WIGHT ICB - 10R,53.0
recovery,2025-02-01,11J,NHS DORSET ICB - 11J,48.0
recovery,2025-02-01,11M,NHS GLOUCESTERSHIRE ICB - 11M,53.0
recovery,2025-02-01,11N,NHS CORNWALL AND THE ISLES OF SCILLY ICB - 11N,53.0
recovery,2025-02-01,11X,NHS SOMERSET ICB - 11X,54.0
recovery,2025-02-01,12F,NHS CHESHIRE AND MERSEYSIDE ICB - 12F,49.0
recovery,2025-02-01,13Q,NATIONAL COMMISSIONING HUB 1,40.0
recovery,2025-02-01,13T,NHS NORTH EAST AND NORTH CUMBRIA ICB - 13T,48.0
recovery,2025-02-01,14L,NHS GREATER MANCHESTER ICB - 14L,48.0
recovery,2025-02-01,14R,EAST OF ENGLAND - H&J COMMISSIONING HUB,42.0
recovery,2025-02-01,14Y,"NHS BUCKINGHAMSHIRE, OXFORDSHIRE AND BERKSHIRE WEST ICB - 14Y",49.0
recovery,2025-02-01,15A,"NHS BUCKINGHAMSHIRE, OXFORDSHIRE AND BERKSHIRE WEST ICB - 15A",54.0
recovery,2025-02-01,15C,"NHS BRISTOL, NORTH SOMERSET AND SOUTH GLOUCESTERSHIRE ICB - 15C",51.0
recovery,2025-02-01,15E,NHS BIRMINGHAM AND SOLIHULL ICB - 15E,48.0
recovery,2025-02-01,15F,NHS WEST YORKSHIRE ICB - 15F,53.0
recovery,2025-02-01,15M,NHS DERBY AND DERBYSHIRE ICB - 15M,55.0
recovery,2025-02-01,15N,NHS DEVON ICB - 15N,56.0
recovery,2025-02-01,16C,NHS NORTH EAST AND NORTH CUMBRIA ICB - 16C,51.0
recovery,2025-02-01,18C,NHS HEREFORDSHIRE AND WORCESTERSHIRE ICB - 18C,47.0
recovery,2025-02-01,26A,NHS NORFOLK AND WAVENEY ICB - 26A,55.0
recovery,2025-02-01,27D,NHS CHESHIRE AND MERSEYSIDE ICB - 27D,51.0
recovery,2025-02-01,36J,NHS WEST YORKSHIRE ICB - 36J,54.0
recovery,2025-02-01,36L,NHS SOUTH WEST LONDON ICB - 36L,55.0
recovery,2025-02-01,42D,NHS HUMBER AND NORTH YORKSHIRE ICB - 42D,58.0
recovery,2025-02-01,52R,NHS NOTTINGHAM AND NOTTINGHAMSHIRE ICB - 52R,54.0
recovery,2025-02-01,70F,NHS SUSSEX ICB - 70F,58.0
recovery,2025-02-01,71E,NHS LINCOLNSHIRE ICB - 71E,53.0
recovery,2025-02-01,72Q,NHS SOUTH EAST LONDON ICB - 72Q,51.0
recovery,2025-02-01,78H,NHS NORTHAMPTONSHIRE ICB - 78H,52.0
recovery,2025-02-01,84H,NHS NORTH EAST AND NORTH CUMBRIA ICB - 84H,50.0
recovery,2025-02-01,91Q,NHS KENT AND MEDWAY ICB - 91Q,50.0
recovery,2025-02-01,92A,NHS SURREY HEARTLANDS ICB - 92A,51.0
recovery,2025-02-01,92G,"NHS BATH AND NORTH EAST SOMERSET, SWINDON AND WILTSHIRE ICB - 92G",50.0
recovery,2025-02-01,93C,NHS NORTH CENTRAL LONDON ICB - 93C,48.0
recovery,2025-02-01,97R,NHS SUSSEX ICB - 97R,48.0
recovery,2025-02-01,99A,NHS CHESHIRE AND MERSEYSIDE ICB - 99A,49.0
recovery,2025-02-01,99C,NHS NORTH EAST AND NORTH CUMBRIA ICB - 99C,57.0
recovery,2025-02-01,99E,NHS MID AND SOUTH ESSEX ICB - 99E,57.0
recovery,2025-02-01,99F,NHS MID AND SOUTH ESSEX ICB - 99F,52.0
recovery,2025-02-01,99G,NHS MID AND SOUTH ESSEX ICB - 99G,49.0
recovery,2025-02-01,A3A8R,NHS NORTH EAST LONDON ICB - A3A8R,48.0
recovery,2025-02-01,B2M3M,NHS COVENTRY AND WARWICKSHIRE ICB - B2M3M,53.0
recovery,2025-02-01,D2P2L,NHS BLACK COUNTRY ICB - D2P2L,48.0
recovery,2025-02-01,D4U1Y,NHS FRIMLEY ICB - D4U1Y,51.0
recovery,2025-02-01,D9Y0V,NHS HAMPSHIRE AND ISLE OF WIGHT ICB - D9Y0V,50.0
recovery,2025-02-01,InvalidCode,Unknown,38.0
recovery,2025-02-01,M1J4Y,"NHS BEDFORDSHIRE, LUTON AND MILTON KEYNES ICB - M1J4Y",51.0
recovery,2025-02-01,M2L0M,"NHS SHROPSHIRE, TELFORD AND WREKIN ICB - M2L0M",50.0
recovery,2025-02-01,W2U3Z,NHS NORTH WEST LONDON ICB - W2U3Z,52.0
recovery,2025-02-01,X2C4Y,NHS WEST YORKSHIRE ICB - X2C4Y,55.0
recovery,2025-03-01,00L,NHS NORTH EAST AND NORTH CUMBRIA ICB - 00L,50.0
recovery,2025-03-01,00N,NHS NORTH EAST AND NORTH CUMBRIA ICB - 00N,50.0
recovery,2025-03-01,00P,NHS NORTH EAST AND NORTH CUMBRIA ICB - 00P,48.0
recovery,2025-03-01,00Q,NHS LANCASHIRE AND SOUTH CUMBRIA ICB - 00Q,44.0
recovery,2025-03-01,00R,NHS LANCASHIRE AND SOUTH CUMBRIA ICB - 00R,48.0
recovery,2025-03-01,00T,NHS GREATER MANCHESTER ICB - 00T,48.0
recovery,2025-03-01,00V,NHS GREATER MANCHESTER ICB - 00V,50.0
recovery,2025-03-01,00X,NHS LANCASHIRE AND SOUTH CUMBRIA ICB - 00X,41.0
recovery,2025-03-01,00Y,NHS GREATER MANCHESTER ICB - 00Y,42.0
recovery,2025-03-01,01A,NHS LANCASHIRE AND SOUTH CUMBRIA ICB - 01A,47.0
recovery,2025-03-01,01D,NHS GREATER MANCHESTER ICB - 01D,51.0
recovery,2025-03-01,01E,NHS LANCASHIRE AND SOUTH CUMBRIA ICB - 01E,49.0
recovery,2025-03-01,01F,NHS CHESHIRE AND MERSEYSIDE ICB - 01F,52.0
recovery,2025-03-01,01G,NHS GREATER MANCHESTER ICB - 01G,40.0
recovery,2025-03-01,01H,NHS NORTH EAST AND NORTH CUMBRIA ICB - 01H,50.0
recovery,2025-03-01,01J,NHS CHESHIRE AND MERSEYSIDE ICB - 01J,48.0
recovery,2025-03-01,01K,NHS LANCASHIRE AND SOUTH CUMBRIA ICB - 01K,48.0
recovery,2025-03-01,01T,NHS CHESHIRE AND MERSEYSIDE ICB - 01T,50.0
recovery,2025-03-01,01V,NHS CHESHIRE AND MERSEYSIDE ICB - 01V,53.0
recovery,2025-03-01,01W,NHS GREATER MANCHESTER ICB - 01W,55.0
recovery,2025-03-01,01X,NHS CHESHIRE AND MERSEYSIDE ICB - 01X,51.0
recovery,2025-03-01,01Y,NHS GREATER MANCHESTER ICB - 01Y,50.0
recovery,2025-03-01,02A,NHS GREATER MANCHESTER ICB - 02A,53.0
recovery,2025-03-01,02E,NHS CHESHIRE AND MERSEYSIDE ICB - 02E,55.0
recovery,2025-03-01,02G,NHS LANCASHIRE AND SOUTH CUMBRIA ICB - 02G,48.0
recovery,2025-03-01,02H,NHS GREATER MANCHESTER ICB - 02H,49.0
recovery,2025-03-01,02M,NHS LANCASHIRE AND SOUTH CUMBRIA ICB - 02M,53.0
recovery,2025-03-01,02P,NHS SOUTH YORKSHIRE ICB - 02P,52.0
recovery,2025-03-01,02Q,NHS NOTTINGHAM AND NOTTINGHAMSHIRE ICB - 02Q,50.0
recovery,2025-03-01,02T,NHS WEST YORKSHIRE ICB - 02T,50.0
recovery,2025-03-01,02X,NHS SOUTH YORKSHIRE ICB - 02X,46.0
recovery,2025-03-01,02Y,NHS HUMBER AND NORTH YORKSHIRE ICB - 02Y,59.0
recovery,2025-03-01,03F,NHS HUMBER AND NORTH YORKSHIRE ICB - 03F,56.0
recovery,2025-03-01,03H,NHS HUMBER AND NORTH YORKSHIRE ICB - 03H,44.0
recovery,2025-03-01,03K,NHS HUMBER AND NORTH YORKSHIRE ICB - 03K,45.0
recovery,2025-03-01,03L,NHS SOUTH YORKSHIRE ICB - 03L,45.0
recovery,2025-03-01,03N,NHS SOUTH YORKSHIRE ICB - 03N,52.0
recovery,2025-03-01,03Q,NHS HUMBER AND NORTH YORKSHIRE ICB - 03Q,59.0
recovery,2025-03-01,03R,NHS WEST YORKSHIRE ICB - 03R,51.0
recovery,2025-03-01,03W,"NHS LEICESTER, LEICESTERSHIRE AND RUTLAND ICB - 03W",56.0
recovery,2025-03-01,04C,"NHS LEICESTER, LEICESTERSHIRE AND RUTLAND ICB - 04C",48.0
recovery,2025-03-01,04V,"NHS LEICESTER, LEICESTERSHIRE AND RUTLAND ICB - 04V",58.0
recovery,2025-03-01,04Y,NHS STAFFORDSHIRE AND STOKE-ON-TRENT ICB - 04Y,50.0
recovery,2025-03-01,05D,NHS STAFFORDSHIRE AND STOKE-ON-TRENT ICB - 05D,49.0
recovery,2025-03-01,05G,NHS STAFFORDSHIRE AND STOKE-ON-TRENT ICB - 05G,51.0
recovery,2025-03-01,05Q,NHS STAFFORDSHIRE AND STOKE-ON-TRENT ICB - 05Q,56.0
recovery,2025-03-01,05V,NHS STAFFORDSHIRE AND STOKE-ON-TRENT ICB - 05V,59.0
recovery,2025-03-01,05W,NHS STAFFORDSHIRE AND STOKE-ON-TRENT ICB - 05W,56.0
recovery,2025-03-01,06H,NHS CAMBRIDGESHIRE AND PETERBOROUGH ICB - 06H,49.0
recovery,2025-03-01,06K,NHS HERTFORDSHIRE AND WEST ESSEX ICB - 06K,45.0
recovery,2025-03-01,06L,NHS SUFFOLK AND NORTH EAST ESSEX ICB - 06L,52.0
recovery,2025-03-01,06N,NHS HERTFORDSHIRE AND WEST ESSEX ICB - 06N,50.0
recovery,2025-03-01,06Q,NHS MID AND SOUTH ESSEX ICB - 06Q,50.0
recovery,2025-03-01,06T,NHS SUFFOLK AND NORTH EAST ESSEX ICB - 06T,52.0
recovery,2025-03-01,07G,NHS MID AND SOUTH ESSEX ICB - 07G,57.0
recovery,2025-03-01,07H,NHS HERTFORDSHIRE AND WEST ESSEX ICB - 07H,57.0
recovery,2025-03-01,07K,NHS SUFFOLK AND NORTH EAST ESSEX ICB - 07K,51.0
recovery,2025-03-01,09D,NHS SUSSEX ICB - 09D,51.0
recovery,2025-03-01,10Q,"NHS BUCKINGHAMSHIRE, OXFORDSHIRE AND BERKSHIRE WEST ICB - 10Q",60.0
recovery,2025-03-01,10R,NHS HAMPSHIRE AND ISLE OF WIGHT ICB - 10R,50.0
recovery,2025-03-01,11J,NHS DORSET ICB - 11J,50.0
recovery,2025-03-01,11M,NHS GLOUCESTERSHIRE ICB - 11M,52.0
recovery,2025-03-01,11N,NHS CORNWALL AND THE ISLES OF SCILLY ICB - 11N,53.0
recovery,2025-03-01,11X,NHS SOMERSET ICB - 11X,58.0
recovery,2025-03-01,12F,NHS CHESHIRE AND MERSEYSIDE ICB - 12F,57.0
recovery,2025-03-01,13Q,NATIONAL COMMISSIONING HUB 1,57.0
recovery,2025-03-01,13T,NHS NORTH EAST AND NORTH CUMBRIA ICB - 13T,51.0
recovery,2025-03-01,14L,NHS GREATER MANCHESTER ICB - 14L,46.0
recovery,2025-03-01,14R,EAST OF ENGLAND - H&J COMMISSIONING HUB,42.0
recovery,2025-03-01,14Y,"NHS BUCKINGHAMSHIRE, OXFORDSHIRE AND BERKSHIRE WEST ICB - 14Y",51.0
recovery,2025-03-01,15A,"NHS BUCKINGHAMSHIRE, OXFORDSHIRE AND BERKSHIRE WEST ICB - 15A",52.0
recovery,2025-03-01,15C,"NHS BRISTOL, NORTH SOMERSET AND SOUTH GLOUCESTERSHIRE ICB - 15C",52.0
recovery,2025-03-01,15E,NHS BIRMINGHAM AND SOLIHULL ICB - 15E,49.0
recovery,2025-03-01,15F,NHS WEST YORKSHIRE ICB - 15F,53.0
recovery,2025-03-01,15M,NHS DERBY AND DERBYSHIRE ICB - 15M,55.0
recovery,2025-03-01,15N,NHS DEVON ICB - 15N,56.0
recovery,2025-03-01,16C,NHS NORTH EAST AND NORTH CUMBRIA ICB - 16C,51.0
recovery,2025-03-01,18C,NHS HEREFORDSHIRE AND WORCESTERSHIRE ICB - 18C,53.0
recovery,2025-03-01,26A,NHS NORFOLK AND WAVENEY ICB - 26A,57.0
recovery,2025-03-01,27D,NHS CHESHIRE AND MERSEYSIDE ICB - 27D,51.0
recovery,2025-03-01,36J,NHS WEST YORKSHIRE ICB - 36J,52.0
recovery,2025-03-01,36L,NHS SOUTH WEST LONDON ICB - 36L,53.0
recovery,2025-03-01,42D,NHS HUMBER AND NORTH YORKSHIRE ICB - 42D,49.0
recovery,2025-03-01,52R,NHS NOTTINGHAM AND NOTTINGHAMSHIRE ICB - 52R,52.0
recovery,2025-03-01,70F,NHS SUSSEX ICB - 70F,59.0
recovery,2025-03-01,71E,NHS LINCOLNSHIRE ICB - 71E,51.0
recovery,2025-03-01,72Q,NHS SOUTH EAST LONDON ICB - 72Q,53.0
recovery,2025-03-01,78H,NHS NORTHAMPTONSHIRE ICB - 78H,53.0
recovery,2025-03-01,91Q,NHS KENT AND MEDWAY ICB - 91Q,53.0
recovery,2025-03-01,92A,NHS SURREY HEARTLANDS ICB - 92A,54.0
recovery,2025-03-01,92G,"NHS BATH AND NORTH EAST SOMERSET, SWINDON AND WILTSHIRE ICB - 92G",52.0
recovery,2025-03-01,93C,NHS NORTH CENTRAL LONDON ICB - 93C,50.0
recovery,2025-03-01,97R,NHS SUSSEX ICB - 97R,53.0
recovery,2025-03-01,99A,NHS CHESHIRE AND MERSEYSIDE ICB - 99A,51.0
recovery,2025-03-01,99C,NHS NORTH EAST AND NORTH CUMBRIA ICB - 99C,58.0
recovery,2025-03-01,99E,NHS MID AND SOUTH ESSEX ICB - 99E,68.0
recovery,2025-03-01,99F,NHS MID AND SOUTH ESSEX ICB - 99F,51.0
recovery,2025-03-01,99G,NHS MID AND SOUTH ESSEX ICB - 99G,54.0
recovery,2025-03-01,A3A8R,NHS NORTH EAST LONDON ICB - A3A8R,42.0
recovery,2025-03-01,B2M3M,NHS COVENTRY AND WARWICKSHIRE ICB - B2M3M,53.0
recovery,2025-03-01,D2P2L,NHS BLACK COUNTRY ICB - D2P2L,50.0
recovery,2025-03-01,D4U1Y,NHS FRIMLEY ICB - D4U1Y,53.0
recovery,2025-03-01,D9Y0V,NHS HAMPSHIRE AND ISLE OF WIGHT ICB - D9Y0V,49.0
recovery,2025-03-01,InvalidCode,Unknown,41.0
recovery,2025-03-01,M1J4Y,"NHS BEDFORDSHIRE, LUTON AND MILTON KEYNES ICB - M1J4Y",50.0
recovery,2025-03-01,M2L0M,"NHS SHROPSHIRE, TELFORD AND WREKIN ICB - M2L0M",54.0
recovery,2025-03-01,W2U3Z,NHS NORTH WEST LONDON ICB - W2U3Z,51.0
recovery,2025-03-01,X2C4Y,NHS WEST YORKSHIRE ICB - X2C4Y,53.0
recovery,2025-04-01,00L,NHS NORTH EAST AND NORTH CUMBRIA ICB - 00L,52.0
recovery,2025-04-01,00N,NHS NORTH EAST AND NORTH CUMBRIA ICB - 00N,52.0
recovery,2025-04-01,00P,NHS NORTH EAST AND NORTH CUMBRIA ICB - 00P,46.0
recovery,2025-04-01,00Q,NHS LANCASHIRE AND SOUTH CUMBRIA ICB - 00Q,48.0
recovery,2025-04-01,00R,NHS LANCASHIRE AND SOUTH CUMBRIA ICB - 00R,50.0
recovery,2025-04-01,00T,NHS GREATER MANCHESTER ICB - 00T,52.0
recovery,2025-04-01,00V,NHS GREATER MANCHESTER ICB - 00V,46.0
recovery,2025-04-01,00X,NHS LANCASHIRE AND SOUTH CUMBRIA ICB - 00X,50.0
recovery,2025-04-01,00Y,NHS GREATER MANCHESTER ICB - 00Y,45.0
recovery,2025-04-01,01A,NHS LANCASHIRE AND SOUTH CUMBRIA ICB - 01A,50.0
recovery,2025-04-01,01D,NHS GREATER MANCHESTER ICB - 01D,51.0
recovery,2025-04-01,01E,NHS LANCASHIRE AND SOUTH CUMBRIA ICB - 01E,47.0
recovery,2025-04-01,01F,NHS CHESHIRE AND MERSEYSIDE ICB - 01F,50.0
recovery,2025-04-01,01G,NHS GREATER MANCHESTER ICB - 01G,45.0
recovery,2025-04-01,01H,NHS NORTH EAST AND NORTH CUMBRIA ICB - 01H,44.0
recovery,2025-04-01,01J,NHS CHESHIRE AND MERSEYSIDE ICB - 01J,51.0
recovery,2025-04-01,01K,NHS LANCASHIRE AND SOUTH CUMBRIA ICB - 01K,43.0
recovery,2025-04-01,01T,NHS CHESHIRE AND MERSEYSIDE ICB - 01T,50.0
recovery,2025-04-01,01V,NHS CHESHIRE AND MERSEYSIDE ICB - 01V,53.0
recovery,2025-04-01,01W,NHS GREATER MANCHESTER ICB - 01W,59.0
recovery,2025-04-01,01X,NHS CHESHIRE AND MERSEYSIDE ICB - 01X,51.0
recovery,2025-04-01,01Y,NHS GREATER MANCHESTER ICB - 01Y,52.0
recovery,2025-04-01,02A,NHS GREATER MANCHESTER ICB - 02A,57.0
recovery,2025-04-01,02E,NHS CHESHIRE AND MERSEYSIDE ICB - 02E,56.0
recovery,2025-04-01,02G,NHS LANCASHIRE AND SOUTH CUMBRIA ICB - 02G,40.0
recovery,2025-04-01,02H,NHS GREATER MANCHESTER ICB - 02H,56.0
recovery,2025-04-01,02M,NHS LANCASHIRE AND SOUTH CUMBRIA ICB - 02M,57.0
recovery,2025-04-01,02P,NHS SOUTH YORKSHIRE ICB - 02P,51.0
recovery,2025-04-01,02Q,NHS NOTTINGHAM AND NOTTINGHAMSHIRE ICB - 02Q,51.0
recovery,2025-04-01,02T,NHS WEST YORKSHIRE ICB - 02T,58.0
recovery,2025-04-01,02X,NHS SOUTH YORKSHIRE ICB - 02X,47.0
recovery,2025-04-01,02Y,NHS HUMBER AND NORTH YORKSHIRE ICB - 02Y,62.0
recovery,2025-04-01,03F,NHS HUMBER AND NORTH YORKSHIRE ICB - 03F,57.0
recovery,2025-04-01,03H,NHS HUMBER AND NORTH YORKSHIRE ICB - 03H,45.0
recovery,2025-04-01,03K,NHS HUMBER AND NORTH YORKSHIRE ICB - 03K,48.0
recovery,2025-04-01,03L,NHS SOUTH YORKSHIRE ICB - 03L,47.0
recovery,2025-04-01,03N,NHS SOUTH YORKSHIRE ICB - 03N,51.0
recovery,2025-04-01,03Q,NHS HUMBER AND NORTH YORKSHIRE ICB - 03Q,51.0
recovery,2025-04-01,03R,NHS WEST YORKSHIRE ICB - 03R,46.0
recovery,2025-04-01,03W,"NHS LEICESTER, LEICESTERSHIRE AND RUTLAND ICB - 03W",56.0
recovery,2025-04-01,04C,"NHS LEICESTER, LEICESTERSHIRE AND RUTLAND ICB - 04C",45.0
recovery,2025-04-01,04V,"NHS LEICESTER, LEICESTERSHIRE AND RUTLAND ICB - 04V",54.0
recovery,2025-04-01,04Y,NHS STAFFORDSHIRE AND STOKE-ON-TRENT ICB - 04Y,49.0
recovery,2025-04-01,05D,NHS STAFFORDSHIRE AND STOKE-ON-TRENT ICB - 05D,50.0
recovery,2025-04-01,05G,NHS STAFFORDSHIRE AND STOKE-ON-TRENT ICB - 05G,48.0
recovery,2025-04-01,05Q,NHS STAFFORDSHIRE AND STOKE-ON-TRENT ICB - 05Q,57.0
recovery,2025-04-01,05V,NHS STAFFORDSHIRE AND STOKE-ON-TRENT ICB - 05V,56.0
recovery,2025-04-01,05W,NHS STAFFORDSHIRE AND STOKE-ON-TRENT ICB - 05W,55.0
recovery,2025-04-01,06H,NHS CAMBRIDGESHIRE AND PETERBOROUGH ICB - 06H,51.0
recovery,2025-04-01,06K,NHS HERTFORDSHIRE AND WEST ESSEX ICB - 06K,48.0
recovery,2025-04-01,06L,NHS SUFFOLK AND NORTH EAST ESSEX ICB - 06L,51.0
recovery,2025-04-01,06N,NHS HERTFORDSHIRE AND WEST ESSEX ICB - 06N,49.0
recovery,2025-04-01,06Q,NHS MID AND SOUTH ESSEX ICB - 06Q,51.0
recovery,2025-04-01,06T,NHS SUFFOLK AND NORTH EAST ESSEX ICB - 06T,56.0
recovery,2025-04-01,07G,NHS MID AND SOUTH ESSEX ICB - 07G,56.0
recovery,2025-04-01,07H,NHS HERTFORDSHIRE AND WEST ESSEX ICB - 07H,51.0
recovery,2025-04-01,07K,NHS SUFFOLK AND NORTH EAST ESSEX ICB - 07K,53.0
recovery,2025-04-01,09D,NHS SUSSEX ICB - 09D,49.0
recovery,2025-04-01,10Q,"NHS BUCKINGHAMSHIRE, OXFORDSHIRE AND BERKSHIRE WEST ICB - 10Q",52.0
recovery,2025-04-01,10R,NHS HAMPSHIRE AND ISLE OF WIGHT ICB - 10R,49.0
recovery,2025-04-01,11J,NHS DORSET ICB - 11J,49.0
recovery,2025-04-01,11M,NHS GLOUCESTERSHIRE ICB - 11M,53.0
recovery,2025-04-01,11N,NHS CORNWALL AND THE ISLES OF SCILLY ICB - 11N,48.0
recovery,2025-04-01,11X,NHS SOMERSET ICB - 11X,53.0
recovery,2025-04-01,12F,NHS CHESHIRE AND MERSEYSIDE ICB - 12F,46.0
recovery,2025-04-01,13Q,NATIONAL COMMISSIONING HUB 1,31.0
recovery,2025-04-01,13T,NHS NORTH EAST AND NORTH CUMBRIA ICB - 13T,49.0
recovery,2025-04-01,14L,NHS GREATER MANCHESTER ICB - 14L,47.0
recovery,2025-04-01,14R,EAST OF ENGLAND - H&J COMMISSIONING HUB,58.0
recovery,2025-04-01,14Y,"NHS BUCKINGHAMSHIRE, OXFORDSHIRE AND BERKSHIRE WEST ICB - 14Y",55.0
recovery,2025-04-01,15A,"NHS BUCKINGHAMSHIRE, OXFORDSHIRE AND BERKSHIRE WEST ICB - 15A",53.0
recovery,2025-04-01,15C,"NHS BRISTOL, NORTH SOMERSET AND SOUTH GLOUCESTERSHIRE ICB - 15C",54.0
recovery,2025-04-01,15E,NHS BIRMINGHAM AND SOLIHULL ICB - 15E,48.0
recovery,2025-04-01,15F,NHS WEST YORKSHIRE ICB - 15F,47.0
recovery,2025-04-01,15M,NHS DERBY AND DERBYSHIRE ICB - 15M,56.0
recovery,2025-04-01,15N,NHS DEVON ICB - 15N,54.0
recovery,2025-04-01,16C,NHS NORTH EAST AND NORTH CUMBRIA ICB - 16C,49.0
recovery,2025-04-01,18C,NHS HEREFORDSHIRE AND WORCESTERSHIRE ICB - 18C,49.0
recovery,2025-04-01,26A,NHS NORFOLK AND WAVENEY ICB - 26A,56.0
recovery,2025-04-01,27D,NHS CHESHIRE AND MERSEYSIDE ICB - 27D,53.0
recovery,2025-04-01,36J,NHS WEST YORKSHIRE ICB - 36J,54.0
recovery,2025-04-01,36L,NHS SOUTH WEST LONDON ICB - 36L,53.0
recovery,2025-04-01,42D,NHS HUMBER AND NORTH YORKSHIRE ICB - 42D,56.0
recovery,2025-04-01,52R,NHS NOTTINGHAM AND NOTTINGHAMSHIRE ICB - 52R,52.0
recovery,2025-04-01,70F,NHS SUSSEX ICB - 70F,52.0
recovery,2025-04-01,71E,NHS LINCOLNSHIRE ICB - 71E,49.0
recovery,2025-04-01,72Q,NHS SOUTH EAST LONDON ICB - 72Q,52.0
recovery,2025-04-01,78H,NHS NORTHAMPTONSHIRE ICB - 78H,53.0
recovery,2025-04-01,84H,NHS NORTH EAST AND NORTH CUMBRIA ICB - 84H,50.0
recovery,2025-04-01,91Q,NHS KENT AND MEDWAY ICB - 91Q,48.0
recovery,2025-04-01,92A,NHS SURREY HEARTLANDS ICB - 92A,52.0
recovery,2025-04-01,92G,"NHS BATH AND NORTH EAST SOMERSET, SWINDON AND WILTSHIRE ICB - 92G",53.0
recovery,2025-04-01,93C,NHS NORTH CENTRAL LONDON ICB - 93C,46.0
recovery,2025-04-01,97R,NHS SUSSEX ICB - 97R,50.0
recovery,2025-04-01,99A,NHS CHESHIRE AND MERSEYSIDE ICB - 99A,50.0
recovery,2025-04-01,99C,NHS NORTH EAST AND NORTH CUMBRIA ICB - 99C,52.0
recovery,2025-04-01,99E,NHS MID AND SOUTH ESSEX ICB - 99E,62.0
recovery,2025-04-01,99F,NHS MID AND SOUTH ESSEX ICB - 99F,56.0
recovery,2025-04-01,99G,NHS MID AND SOUTH ESSEX ICB - 99G,56.0
recovery,2025-04-01,A3A8R,NHS NORTH EAST LONDON ICB - A3A8R,46.0
recovery,2025-04-01,B2M3M,NHS COVENTRY AND WARWICKSHIRE ICB - B2M3M,54.0
recovery,2025-04-01,D2P2L,NHS BLACK COUNTRY ICB - D2P2L,50.0
recovery,2025-04-01,D4U1Y,NHS FRIMLEY ICB - D4U1Y,53.0
recovery,2025-04-01,D9Y0V,NHS HAMPSHIRE AND ISLE OF WIGHT ICB - D9Y0V,52.0
recovery,2025-04-01,InvalidCode,Unknown,55.0
recovery,2025-04-01,M1J4Y,"NHS BEDFORDSHIRE, LUTON AND MILTON KEYNES ICB - M1J4Y",53.0
recovery,2025-04-01,M2L0M,"NHS SHROPSHIRE, TELFORD AND WREKIN ICB - M2L0M",56.0
recovery,2025-04-01,W2U3Z,NHS NORTH WEST LONDON ICB - W2U3Z,51.0
recovery,2025-04-01,X2C4Y,NHS WEST YORKSHIRE ICB - X2C4Y,51.0
recovery,2025-05-01,00L,NHS NORTH EAST AND NORTH CUMBRIA ICB - 00L,52.0
recovery,2025-05-01,00N,NHS NORTH EAST AND NORTH CUMBRIA ICB - 00N,56.0
recovery,2025-05-01,00P,NHS NORTH EAST AND NORTH CUMBRIA ICB - 00P,49.0
recovery,2025-05-01,00Q,NHS LANCASHIRE AND SOUTH CUMBRIA ICB - 00Q,36.0
recovery,2025-05-01,00R,NHS LANCASHIRE AND SOUTH CUMBRIA ICB - 00R,51.0
recovery,2025-05-01,00T,NHS GREATER MANCHESTER ICB - 00T,53.0
recovery,2025-05-01,00V,NHS GREATER MANCHESTER ICB - 00V,48.0
recovery,2025-05-01,00X,NHS LANCASHIRE AND SOUTH CUMBRIA ICB - 00X,42.0
recovery,2025-05-01,00Y,NHS GREATER MANCHESTER ICB - 00Y,47.0
recovery,2025-05-01,01A,NHS LANCASHIRE AND SOUTH CUMBRIA ICB - 01A,51.0
recovery,2025-05-01,01D,NHS GREATER MANCHESTER ICB - 01D,42.0
recovery,2025-05-01,01E,NHS LANCASHIRE AND SOUTH CUMBRIA ICB - 01E,56.0
recovery,2025-05-01,01F,NHS CHESHIRE AND MERSEYSIDE ICB - 01F,51.0
recovery,2025-05-01,01G,NHS GREATER MANCHESTER ICB - 01G,42.0
recovery,2025-05-01,01H,NHS NORTH EAST AND NORTH CUMBRIA ICB - 01H,55.0
recovery,2025-05-01,01J,NHS CHESHIRE AND MERSEYSIDE ICB - 01J,51.0
recovery,2025-05-01,01K,NHS LANCASHIRE AND SOUTH CUMBRIA ICB - 01K,42.0
recovery,2025-05-01,01T,NHS CHESHIRE AND MERSEYSIDE ICB - 01T,40.0
recovery,2025-05-01,01V,NHS CHESHIRE AND MERSEYSIDE ICB - 01V,56.0
recovery,2025-05-01,01W,NHS GREATER MANCHESTER ICB - 01W,53.0
recovery,2025-05-01,01X,NHS CHESHIRE AND MERSEYSIDE ICB - 01X,50.0
recovery,2025-05-01,01Y,NHS GREATER MANCHESTER ICB - 01Y,51.0
recovery,2025-05-01,02A,NHS GREATER MANCHESTER ICB - 02A,62.0
recovery,2025-05-01,02E,NHS CHESHIRE AND MERSEYSIDE ICB - 02E,55.0
recovery,2025-05-01,02G,NHS LANCASHIRE AND SOUTH CUMBRIA ICB - 02G,48.0
recovery,2025-05-01,02H,NHS GREATER MANCHESTER ICB - 02H,51.0
recovery,2025-05-01,02M,NHS LANCASHIRE AND SOUTH CUMBRIA ICB - 02M,48.0
recovery,2025-05-01,02P,NHS SOUTH YORKSHIRE ICB - 02P,52.0
recovery,2025-05-01,02Q,NHS NOTTINGHAM AND NOTTINGHAMSHIRE ICB - 02Q,51.0
recovery,2025-05-01,02T,NHS WEST YORKSHIRE ICB - 02T,54.0
recovery,2025-05-01,02X,NHS SOUTH YORKSHIRE ICB - 02X,46.0
recovery,2025-05-01,03F,NHS HUMBER AND NORTH YORKSHIRE ICB - 03F,60.0
recovery,2025-05-01,03H,NHS HUMBER AND NORTH YORKSHIRE ICB - 03H,46.0
recovery,2025-05-01,03K,NHS HUMBER AND NORTH YORKSHIRE ICB - 03K,38.0
recovery,2025-05-01,03L,NHS SOUTH YORKSHIRE ICB - 03L,46.0
recovery,2025-05-01,03N,NHS SOUTH YORKSHIRE ICB - 03N,52.0
recovery,2025-05-01,03Q,NHS HUMBER AND NORTH YORKSHIRE ICB - 03Q,52.0
recovery,2025-05-01,03R,NHS WEST YORKSHIRE ICB - 03R,46.0
recovery,2025-05-01,03W,"NHS LEICESTER, LEICESTERSHIRE AND RUTLAND ICB - 03W",55.0
recovery,2025-05-01,04C,"NHS LEICESTER, LEICESTERSHIRE AND RUTLAND ICB - 04C",46.0
recovery,2025-05-01,04V,"NHS LEICESTER, LEICESTERSHIRE AND RUTLAND ICB - 04V",55.0
recovery,2025-05-01,04Y,NHS STAFFORDSHIRE AND STOKE-ON-TRENT ICB - 04Y,44.0
recovery,2025-05-01,05D,NHS STAFFORDSHIRE AND STOKE-ON-TRENT ICB - 05D,55.0
recovery,2025-05-01,05G,NHS STAFFORDSHIRE AND STOKE-ON-TRENT ICB - 05G,56.0
recovery,2025-05-01,05Q,NHS STAFFORDSHIRE AND STOKE-ON-TRENT ICB - 05Q,52.0
recovery,2025-05-01,05V,NHS STAFFORDSHIRE AND STOKE-ON-TRENT ICB - 05V,46.0
recovery,2025-05-01,05W,NHS STAFFORDSHIRE AND STOKE-ON-TRENT ICB - 05W,49.0
recovery,2025-05-01,06H,NHS CAMBRIDGESHIRE AND PETERBOROUGH ICB - 06H,51.0
recovery,2025-05-01,06K,NHS HERTFORDSHIRE AND WEST ESSEX ICB - 06K,48.0
recovery,2025-05-01,06L,NHS SUFFOLK AND NORTH EAST ESSEX ICB - 06L,53.0
recovery,2025-05-01,06N,NHS HERTFORDSHIRE AND WEST ESSEX ICB - 06N,49.0
recovery,2025-05-01,06Q,NHS MID AND SOUTH ESSEX ICB - 06Q,49.0
recovery,2025-05-01,06T,NHS SUFFOLK AND NORTH EAST ESSEX ICB - 06T,56.0
recovery,2025-05-01,07G,NHS MID AND SOUTH ESSEX ICB - 07G,50.0
recovery,2025-05-01,07H,NHS HERTFORDSHIRE AND WEST ESSEX ICB - 07H,48.0
recovery,2025-05-01,07K,NHS SUFFOLK AND NORTH EAST ESSEX ICB - 07K,51.0
recovery,2025-05-01,09D,NHS SUSSEX ICB - 09D,49.0
recovery,2025-05-01,10Q,"NHS BUCKINGHAMSHIRE, OXFORDSHIRE AND BERKSHIRE WEST ICB - 10Q",53.0
recovery,2025-05-01,10R,NHS HAMPSHIRE AND ISLE OF WIGHT ICB - 10R,50.0
recovery,2025-05-01,11J,NHS DORSET ICB - 11J,50.0
recovery,2025-05-01,11M,NHS GLOUCESTERSHIRE ICB - 11M,53.0
recovery,2025-05-01,11X,NHS SOMERSET ICB - 11X,55.0
recovery,2025-05-01,12F,NHS CHESHIRE AND MERSEYSIDE ICB - 12F,53.0
recovery,2025-05-01,13Q,NATIONAL COMMISSIONING HUB 1,59.0
recovery,2025-05-01,13T,NHS NORTH EAST AND NORTH CUMBRIA ICB - 13T,51.0
recovery,2025-05-01,14L,NHS GREATER MANCHESTER ICB - 14L,47.0
recovery,2025-05-01,14R,EAST OF ENGLAND - H&J COMMISSIONING HUB,43.0
recovery,2025-05-01,14Y,"NHS BUCKINGHAMSHIRE, OXFORDSHIRE AND BERKSHIRE WEST ICB - 14Y",51.0
recovery,2025-05-01,15A,"NHS BUCKINGHAMSHIRE, OXFORDSHIRE AND BERKSHIRE WEST ICB - 15A",55.0
recovery,2025-05-01,15C,"NHS BRISTOL, NORTH SOMERSET AND SOUTH GLOUCESTERSHIRE ICB - 15C",51.0
recovery,2025-05-01,15E,NHS BIRMINGHAM AND SOLIHULL ICB - 15E,46.0
recovery,2025-05-01,15F,NHS WEST YORKSHIRE ICB - 15F,47.0
recovery,2025-05-01,15M,NHS DERBY AND DERBYSHIRE ICB - 15M,53.0
recovery,2025-05-01,15N,NHS DEVON ICB - 15N,57.0
recovery,2025-05-01,16C,NHS NORTH EAST AND NORTH CUMBRIA ICB - 16C,54.0
recovery,2025-05-01,18C,NHS HEREFORDSHIRE AND WORCESTERSHIRE ICB - 18C,53.0
recovery,2025-05-01,26A,NHS NORFOLK AND WAVENEY ICB - 26A,56.0
recovery,2025-05-01,27D,NHS CHESHIRE AND MERSEYSIDE ICB - 27D,51.0
recovery,2025-05-01,36J,NHS WEST YORKSHIRE ICB - 36J,49.0
recovery,2025-05-01,36L,NHS SOUTH WEST LONDON ICB - 36L,53.0
recovery,2025-05-01,42D,NHS HUMBER AND NORTH YORKSHIRE ICB - 42D,51.0
recovery,2025-05-01,52R,NHS NOTTINGHAM AND NOTTINGHAMSHIRE ICB - 52R,52.0
recovery,2025-05-01,70F,NHS SUSSEX ICB - 70F,58.0
recovery,2025-05-01,71E,NHS LINCOLNSHIRE ICB - 71E,54.0
recovery,2025-05-01,72Q,NHS SOUTH EAST LONDON ICB - 72Q,51.0
recovery,2025-05-01,78H,NHS NORTHAMPTONSHIRE ICB - 78H,53.0
recovery,2025-05-01,84H,NHS NORTH EAST AND NORTH CUMBRIA ICB - 84H,49.0
recovery,2025-05-01,91Q,NHS KENT AND MEDWAY ICB - 91Q,47.0
recovery,2025-05-01,92A,NHS SURREY HEARTLANDS ICB - 92A,52.0
recovery,2025-05-01,92G,"NHS BATH AND NORTH EAST SOMERSET, SWINDON AND WILTSHIRE ICB - 92G",52.0
recovery,2025-05-01,93C,NHS NORTH CENTRAL LONDON ICB - 93C,45.0
recovery,2025-05-01,97R,NHS SUSSEX ICB - 97R,52.0
recovery,2025-05-01,99A,NHS CHESHIRE AND MERSEYSIDE ICB - 99A,47.0
recovery,2025-05-01,99C,NHS NORTH EAST AND NORTH CUMBRIA ICB - 99C,63.0
recovery,2025-05-01,99E,NHS MID AND SOUTH ESSEX ICB - 99E,58.0
recovery,2025-05-01,99F,NHS MID AND SOUTH ESSEX ICB - 99F,55.0
recovery,2025-05-01,99G,NHS MID AND SOUTH ESSEX ICB - 99G,57.0
recovery,2025-05-01,A3A8R,NHS NORTH EAST LONDON ICB - A3A8R,43.0
recovery,2025-05-01,B2M3M,NHS COVENTRY AND WARWICKSHIRE ICB - B2M3M,54.0
recovery,2025-05-01,D2P2L,NHS BLACK COUNTRY ICB - D2P2L,49.0
recovery,2025-05-01,D4U1Y,NHS FRIMLEY ICB - D4U1Y,54.0
recovery,2025-05-01,D9Y0V,NHS HAMPSHIRE AND ISLE OF WIGHT ICB - D9Y0V,50.0
recovery,2025-05-01,InvalidCode,Unknown,38.0
recovery,2025-05-01,M1J4Y,"NHS BEDFORDSHIRE, LUTON AND MILTON KEYNES ICB - M1J4Y",50.0
recovery,2025-05-01,M2L0M,"NHS SHROPSHIRE, TELFORD AND WREKIN ICB - M2L0M",55.0
recovery,2025-05-01,W2U3Z,NHS NORTH WEST LONDON ICB - W2U3Z,51.0
recovery,2025-05-01,X2C4Y,NHS WEST YORKSHIRE ICB - X2C4Y,54.0
recovery,2025-06-01,00L,NHS NORTH EAST AND NORTH CUMBRIA ICB - 00L,51.0
recovery,2025-06-01,00N,NHS NORTH EAST AND NORTH CUMBRIA ICB - 00N,54.0
recovery,2025-06-01,00P,NHS NORTH EAST AND NORTH CUMBRIA ICB - 00P,43.0
recovery,2025-06-01,00Q,NHS LANCASHIRE AND SOUTH CUMBRIA ICB - 00Q,38.0
recovery,2025-06-01,00R,NHS LANCASHIRE AND SOUTH CUMBRIA ICB - 00R,46.0
recovery,2025-06-01,00T,NHS GREATER MANCHESTER ICB - 00T,51.0
recovery,2025-06-01,00V,NHS GREATER MANCHESTER ICB - 00V,48.0
recovery,2025-06-01,00X,NHS LANCASHIRE AND SOUTH CUMBRIA ICB - 00X,45.0
recovery,2025-06-01,00Y,NHS GREATER MANCHESTER ICB - 00Y,50.0
recovery,2025-06-01,01A,NHS LANCASHIRE AND SOUTH CUMBRIA ICB - 01A,49.0
recovery,2025-06-01,01D,NHS GREATER MANCHESTER ICB - 01D,47.0
recovery,2025-06-01,01E,NHS LANCASHIRE AND SOUTH CUMBRIA ICB - 01E,46.0
recovery,2025-06-01,01F,NHS CHESHIRE AND MERSEYSIDE ICB - 01F,49.0
recovery,2025-06-01,01G,NHS GREATER MANCHESTER ICB - 01G,44.0
recovery,2025-06-01,01H,NHS NORTH EAST AND NORTH CUMBRIA ICB - 01H,53.0
recovery,2025-06-01,01J,NHS CHESHIRE AND MERSEYSIDE ICB - 01J,52.0
recovery,2025-06-01,01K,NHS LANCASHIRE AND SOUTH CUMBRIA ICB - 01K,44.0
recovery,2025-06-01,01T,NHS CHESHIRE AND MERSEYSIDE ICB - 01T,49.0
recovery,2025-06-01,01V,NHS CHESHIRE AND MERSEYSIDE ICB - 01V,60.0
recovery,2025-06-01,01W,NHS GREATER MANCHESTER ICB - 01W,56.0
recovery,2025-06-01,01X,NHS CHESHIRE AND MERSEYSIDE ICB - 01X,51.0
recovery,2025-06-01,01Y,NHS GREATER MANCHESTER ICB - 01Y,51.0
recovery,2025-06-01,02A,NHS GREATER MANCHESTER ICB - 02A,60.0
recovery,2025-06-01,02E,NHS CHESHIRE AND MERSEYSIDE ICB - 02E,54.0
recovery,2025-06-01,02G,NHS LANCASHIRE AND SOUTH CUMBRIA ICB - 02G,44.0
recovery,2025-06-01,02H,NHS GREATER MANCHESTER ICB - 02H,49.0
recovery,2025-06-01,02M,NHS LANCASHIRE AND SOUTH CUMBRIA ICB - 02M,51.0
recovery,2025-06-01,02P,NHS SOUTH YORKSHIRE ICB - 02P,47.0
recovery,2025-06-01,02Q,NHS NOTTINGHAM AND NOTTINGHAMSHIRE ICB - 02Q,57.0
recovery,2025-06-01,02T,NHS WEST YORKSHIRE ICB - 02T,49.0
recovery,2025-06-01,02X,NHS SOUTH YORKSHIRE ICB - 02X,41.0
recovery,2025-06-01,02Y,NHS HUMBER AND NORTH YORKSHIRE ICB - 02Y,54.0
recovery,2025-06-01,03F,NHS HUMBER AND NORTH YORKSHIRE ICB - 03F,58.0
recovery,2025-06-01,03H,NHS HUMBER AND NORTH YORKSHIRE ICB - 03H,46.0
recovery,2025-06-01,03K,NHS HUMBER AND NORTH YORKSHIRE ICB - 03K,49.0
recovery,2025-06-01,03L,NHS SOUTH YORKSHIRE ICB - 03L,45.0
recovery,2025-06-01,03N,NHS SOUTH YORKSHIRE ICB - 03N,51.0
recovery,2025-06-01,03Q,NHS HUMBER AND NORTH YORKSHIRE ICB - 03Q,55.0
recovery,2025-06-01,03R,NHS WEST YORKSHIRE ICB - 03R,53.0
recovery,2025-06-01,03W,"NHS LEICESTER, LEICESTERSHIRE AND RUTLAND ICB - 03W",53.0
recovery,2025-06-01,04C,"NHS LEICESTER, LEICESTERSHIRE AND RUTLAND ICB - 04C",45.0
recovery,2025-06-01,04V,"NHS LEICESTER, LEICESTERSHIRE AND RUTLAND ICB - 04V",53.0
recovery,2025-06-01,04Y,NHS STAFFORDSHIRE AND STOKE-ON-TRENT ICB - 04Y,41.0
recovery,2025-06-01,05D,NHS STAFFORDSHIRE AND STOKE-ON-TRENT ICB - 05D,52.0
recovery,2025-06-01,05G,NHS STAFFORDSHIRE AND STOKE-ON-TRENT ICB - 05G,54.0
recovery,2025-06-01,05Q,NHS STAFFORDSHIRE AND STOKE-ON-TRENT ICB - 05Q,43.0
recovery,2025-06-01,05V,NHS STAFFORDSHIRE AND STOKE-ON-TRENT ICB - 05V,52.0
recovery,2025-06-01,05W,NHS STAFFORDSHIRE AND STOKE-ON-TRENT ICB - 05W,53.0
recovery,2025-06-01,06H,NHS CAMBRIDGESHIRE AND PETERBOROUGH ICB - 06H,48.0
recovery,2025-06-01,06K,NHS HERTFORDSHIRE AND WEST ESSEX ICB - 06K,50.0
recovery,2025-06-01,06L,NHS SUFFOLK AND NORTH EAST ESSEX ICB - 06L,54.0
recovery,2025-06-01,06N,NHS HERTFORDSHIRE AND WEST ESSEX ICB - 06N,44.0
recovery,2025-06-01,06Q,NHS MID AND SOUTH ESSEX ICB - 06Q,47.0
recovery,2025-06-01,06T,NHS SUFFOLK AND NORTH EAST ESSEX ICB - 06T,62.0
recovery,2025-06-01,07G,NHS MID AND SOUTH ESSEX ICB - 07G,60.0
recovery,2025-06-01,07H,NHS HERTFORDSHIRE AND WEST ESSEX ICB - 07H,47.0
recovery,2025-06-01,07K,NHS SUFFOLK AND NORTH EAST ESSEX ICB - 07K,55.0
recovery,2025-06-01,09D,NHS SUSSEX ICB - 09D,45.0
recovery,2025-06-01,10Q,"NHS BUCKINGHAMSHIRE, OXFORDSHIRE AND BERKSHIRE WEST ICB - 10Q",52.0
recovery,2025-06-01,10R,NHS HAMPSHIRE AND ISLE OF WIGHT ICB - 10R,51.0
recovery,2025-06-01,11J,NHS DORSET ICB - 11J,49.0
recovery,2025-06-01,11M,NHS GLOUCESTERSHIRE ICB - 11M,49.0
recovery,2025-06-01,11N,NHS CORNWALL AND THE ISLES OF SCILLY ICB - 11N,49.0
recovery,2025-06-01,11X,NHS SOMERSET ICB - 11X,53.0
recovery,2025-06-01,12F,NHS CHESHIRE AND MERSEYSIDE ICB - 12F,49.0
recovery,2025-06-01,13Q,NATIONAL COMMISSIONING HUB 1,43.0
recovery,2025-06-01,13T,NHS NORTH EAST AND NORTH CUMBRIA ICB - 13T,52.0
recovery,2025-06-01,14L,NHS GREATER MANCHESTER ICB - 14L,48.0
recovery,2025-06-01,14R,EAST OF ENGLAND - H&J COMMISSIONING HUB,59.0
recovery,2025-06-01,14Y,"NHS BUCKINGHAMSHIRE, OXFORDSHIRE AND BERKSHIRE WEST ICB - 14Y",55.0
recovery,2025-06-01,15A,"NHS BUCKINGHAMSHIRE, OXFORDSHIRE AND BERKSHIRE WEST ICB - 15A",54.0
recovery,2025-06-01,15C,"NHS BRISTOL, NORTH SOMERSET AND SOUTH GLOUCESTERSHIRE ICB - 15C",50.0
recovery,2025-06-01,15E,NHS BIRMINGHAM AND SOLIHULL ICB - 15E,48.0
recovery,2025-06-01,15F,NHS WEST YORKSHIRE ICB - 15F,51.0
recovery,2025-06-01,15M,NHS DERBY AND DERBYSHIRE ICB - 15M,47.0
recovery,2025-06-01,15N,NHS DEVON ICB - 15N,53.0
recovery,2025-06-01,16C,NHS NORTH EAST AND NORTH CUMBRIA ICB - 16C,48.0
recovery,2025-06-01,18C,NHS HEREFORDSHIRE AND WORCESTERSHIRE ICB - 18C,51.0
recovery,2025-06-01,26A,NHS NORFOLK AND WAVENEY ICB - 26A,54.0
recovery,2025-06-01,27D,NHS CHESHIRE AND MERSEYSIDE ICB - 27D,51.0
recovery,2025-06-01,36J,NHS WEST YORKSHIRE ICB - 36J,51.0
recovery,2025-06-01,36L,NHS SOUTH WEST LONDON ICB - 36L,55.0
recovery,2025-06-01,42D,NHS HUMBER AND NORTH YORKSHIRE ICB - 42D,55.0
recovery,2025-06-01,52R,NHS NOTTINGHAM AND NOTTINGHAMSHIRE ICB - 52R,49.0
recovery,2025-06-01,70F,NHS SUSSEX ICB - 70F,57.0
recovery,2025-06-01,71E,NHS LINCOLNSHIRE ICB - 71E,49.0
recovery,2025-06-01,72Q,NHS SOUTH EAST LONDON ICB - 72Q,52.0
recovery,2025-06-01,78H,NHS NORTHAMPTONSHIRE ICB - 78H,53.0
recovery,2025-06-01,84H,NHS NORTH EAST AND NORTH CUMBRIA ICB - 84H,34.0
recovery,2025-06-01,91Q,NHS KENT AND MEDWAY ICB - 91Q,50.0
recovery,2025-06-01,92A,NHS SURREY HEARTLANDS ICB - 92A,51.0
recovery,2025-06-01,92G,"NHS BATH AND NORTH EAST SOMERSET, SWINDON AND WILTSHIRE ICB - 92G",52.0
recovery,2025-06-01,93C,NHS NORTH CENTRAL LONDON ICB - 93C,46.0
recovery,2025-06-01,97R,NHS SUSSEX ICB - 97R,52.0
recovery,2025-06-01,99A,NHS CHESHIRE AND MERSEYSIDE ICB - 99A,48.0
recovery,2025-06-01,99C,NHS NORTH EAST AND NORTH CUMBRIA ICB - 99C,54.0
recovery,2025-06-01,99E,NHS MID AND SOUTH ESSEX ICB - 99E,59.0
recovery,2025-06-01,99F,NHS MID AND SOUTH ESSEX ICB - 99F,59.0
recovery,2025-06-01,99G,NHS MID AND SOUTH ESSEX ICB - 99G,56.0
recovery,2025-06-01,A3A8R,NHS NORTH EAST LONDON ICB - A3A8R,48.0
recovery,2025-06-01,B2M3M,NHS COVENTRY AND WARWICKSHIRE ICB - B2M3M,52.0
recovery,2025-06-01,D2P2L,NHS BLACK COUNTRY ICB - D2P2L,46.0
recovery,2025-06-01,D4U1Y,NHS FRIMLEY ICB - D4U1Y,53.0
recovery,2025-06-01,D9Y0V,NHS HAMPSHIRE AND ISLE OF WIGHT ICB - D9Y0V,50.0
recovery,2025-06-01,InvalidCode,Unknown,55.0
recovery,2025-06-01,M1J4Y,"NHS BEDFORDSHIRE, LUTON AND MILTON KEYNES ICB - M1J4Y",50.0
recovery,2025-06-01,M2L0M,"NHS SHROPSHIRE, TELFORD AND WREKIN ICB - M2L0M",49.0
recovery,2025-06-01,W2U3Z,NHS NORTH WEST LONDON ICB - W2U3Z,51.0
recovery,2025-06-01,X2C4Y,NHS WEST YORKSHIRE ICB - X2C4Y,52.0
recovery,2025-07-01,00L,NHS NORTH EAST AND NORTH CUMBRIA ICB - 00L,50.0
recovery,2025-07-01,00N,NHS NORTH EAST AND NORTH CUMBRIA ICB - 00N,56.0
recovery,2025-07-01,00P,NHS NORTH EAST AND NORTH CUMBRIA ICB - 00P,47.0
recovery,2025-07-01,00Q,NHS LANCASHIRE AND SOUTH CUMBRIA ICB - 00Q,38.0
recovery,2025-07-01,00R,NHS LANCASHIRE AND SOUTH CUMBRIA ICB - 00R,49.0
recovery,2025-07-01,00T,NHS GREATER MANCHESTER ICB - 00T,39.0
recovery,2025-07-01,00V,NHS GREATER MANCHESTER ICB - 00V,54.0
recovery,2025-07-01,00X,NHS LANCASHIRE AND SOUTH CUMBRIA ICB - 00X,44.0
recovery,2025-07-01,00Y,NHS GREATER MANCHESTER ICB - 00Y,43.0
recovery,2025-07-01,01A,NHS LANCASHIRE AND SOUTH CUMBRIA ICB - 01A,50.0
recovery,2025-07-01,01D,NHS GREATER MANCHESTER ICB - 01D,45.0
recovery,2025-07-01,01E,NHS LANCASHIRE AND SOUTH CUMBRIA ICB - 01E,45.0
recovery,2025-07-01,01F,NHS CHESHIRE AND MERSEYSIDE ICB - 01F,54.0
recovery,2025-07-01,01G,NHS GREATER MANCHESTER ICB - 01G,37.0
recovery,2025-07-01,01H,NHS NORTH EAST AND NORTH CUMBRIA ICB - 01H,48.0
recovery,2025-07-01,01J,NHS CHESHIRE AND MERSEYSIDE ICB - 01J,52.0
recovery,2025-07-01,01K,NHS LANCASHIRE AND SOUTH CUMBRIA ICB - 01K,49.0
recovery,2025-07-01,01T,NHS CHESHIRE AND MERSEYSIDE ICB - 01T,49.0
recovery,2025-07-01,01V,NHS CHESHIRE AND MERSEYSIDE ICB - 01V,53.0
recovery,2025-07-01,01W,NHS GREATER MANCHESTER ICB - 01W,53.0
recovery,2025-07-01,01X,NHS CHESHIRE AND MERSEYSIDE ICB - 01X,48.0
recovery,2025-07-01,01Y,NHS GREATER MANCHESTER ICB - 01Y,54.0
recovery,2025-07-01,02A,NHS GREATER MANCHESTER ICB - 02A,60.0
recovery,2025-07-01,02E,NHS CHESHIRE AND MERSEYSIDE ICB - 02E,52.0
recovery,2025-07-01,02G,NHS LANCASHIRE AND SOUTH CUMBRIA ICB - 02G,51.0
recovery,2025-07-01,02H,NHS GREATER MANCHESTER ICB - 02H,47.0
recovery,2025-07-01,02M,NHS LANCASHIRE AND SOUTH CUMBRIA ICB - 02M,49.0
recovery,2025-07-01,02P,NHS SOUTH YORKSHIRE ICB - 02P,52.0
recovery,2025-07-01,02Q,NHS NOTTINGHAM AND NOTTINGHAMSHIRE ICB - 02Q,53.0
recovery,2025-07-01,02T,NHS WEST YORKSHIRE ICB - 02T,56.0
recovery,2025-07-01,02X,NHS SOUTH YORKSHIRE ICB - 02X,48.0
recovery,2025-07-01,02Y,NHS HUMBER AND NORTH YORKSHIRE ICB - 02Y,55.0
recovery,2025-07-01,03F,NHS HUMBER AND NORTH YORKSHIRE ICB - 03F,54.0
recovery,2025-07-01,03H,NHS HUMBER AND NORTH YORKSHIRE ICB - 03H,41.0
recovery,2025-07-01,03K,NHS HUMBER AND NORTH YORKSHIRE ICB - 03K,47.0
recovery,2025-07-01,03L,NHS SOUTH YORKSHIRE ICB - 03L,46.0
recovery,2025-07-01,03N,NHS SOUTH YORKSHIRE ICB - 03N,50.0
recovery,2025-07-01,03Q,NHS HUMBER AND NORTH YORKSHIRE ICB - 03Q,47.0
recovery,2025-07-01,03R,NHS WEST YORKSHIRE ICB - 03R,51.0
recovery,2025-07-01,03W,"NHS LEICESTER, LEICESTERSHIRE AND RUTLAND ICB - 03W",56.0
recovery,2025-07-01,04C,"NHS LEICESTER, LEICESTERSHIRE AND RUTLAND ICB - 04C",46.0
recovery,2025-07-01,04V,"NHS LEICESTER, LEICESTERSHIRE AND RUTLAND ICB - 04V",52.0
recovery,2025-07-01,04Y,NHS STAFFORDSHIRE AND STOKE-ON-TRENT ICB - 04Y,51.0
recovery,2025-07-01,05D,NHS STAFFORDSHIRE AND STOKE-ON-TRENT ICB - 05D,52.0
recovery,2025-07-01,05G,NHS STAFFORDSHIRE AND STOKE-ON-TRENT ICB - 05G,63.0
recovery,2025-07-01,05Q,NHS STAFFORDSHIRE AND STOKE-ON-TRENT ICB - 05Q,51.0
recovery,2025-07-01,05V,NHS STAFFORDSHIRE AND STOKE-ON-TRENT ICB - 05V,52.0
recovery,2025-07-01,05W,NHS STAFFORDSHIRE AND STOKE-ON-TRENT ICB - 05W,50.0
recovery,2025-07-01,06H,NHS CAMBRIDGESHIRE AND PETERBOROUGH ICB - 06H,48.0
recovery,2025-07-01,06K,NHS HERTFORDSHIRE AND WEST ESSEX ICB - 06K,49.0
recovery,2025-07-01,06L,NHS SUFFOLK AND NORTH EAST ESSEX ICB - 06L,55.0
recovery,2025-07-01,06N,NHS HERTFORDSHIRE AND WEST ESSEX ICB - 06N,47.0
recovery,2025-07-01,06Q,NHS MID AND SOUTH ESSEX ICB - 06Q,46.0
recovery,2025-07-01,06T,NHS SUFFOLK AND NORTH EAST ESSEX ICB - 06T,57.0
recovery,2025-07-01,07G,NHS MID AND SOUTH ESSEX ICB - 07G,52.0
recovery,2025-07-01,07H,NHS HERTFORDSHIRE AND WEST ESSEX ICB - 07H,51.0
recovery,2025-07-01,07K,NHS SUFFOLK AND NORTH EAST ESSEX ICB - 07K,54.0
recovery,2025-07-01,09D,NHS SUSSEX ICB - 09D,49.0
recovery,2025-07-01,10Q,"NHS BUCKINGHAMSHIRE, OXFORDSHIRE AND BERKSHIRE WEST ICB - 10Q",49.0
recovery,2025-07-01,10R,NHS HAMPSHIRE AND ISLE OF WIGHT ICB - 10R,49.0
recovery,2025-07-01,11J,NHS DORSET ICB - 11J,47.0
recovery,2025-07-01,11M,NHS GLOUCESTERSHIRE ICB - 11M,54.0
recovery,2025-07-01,11N,NHS CORNWALL AND THE ISLES OF SCILLY ICB - 11N,49.0
recovery,2025-07-01,11X,NHS SOMERSET ICB - 11X,49.0
recovery,2025-07-01,13Q,NATIONAL COMMISSIONING HUB 1,40.0
recovery,2025-07-01,13T,NHS NORTH EAST AND NORTH CUMBRIA ICB - 13T,50.0
recovery,2025-07-01,14L,NHS GREATER MANCHESTER ICB - 14L,47.0
recovery,2025-07-01,14R,EAST OF ENGLAND - H&J COMMISSIONING HUB,47.0
recovery,2025-07-01,14Y,"NHS BUCKINGHAMSHIRE, OXFORDSHIRE AND BERKSHIRE WEST ICB - 14Y",50.0
recovery,2025-07-01,15A,"NHS BUCKINGHAMSHIRE, OXFORDSHIRE AND BERKSHIRE WEST ICB - 15A",51.0
recovery,2025-07-01,15C,"NHS BRISTOL, NORTH SOMERSET AND SOUTH GLOUCESTERSHIRE ICB - 15C",55.0
recovery,2025-07-01,15E,NHS BIRMINGHAM AND SOLIHULL ICB - 15E,51.0
recovery,2025-07-01,15F,NHS WEST YORKSHIRE ICB - 15F,51.0
recovery,2025-07-01,15M,NHS DERBY AND DERBYSHIRE ICB - 15M,30.0
recovery,2025-07-01,15N,NHS DEVON ICB - 15N,56.0
recovery,2025-07-01,16C,NHS NORTH EAST AND NORTH CUMBRIA ICB - 16C,50.0
recovery,2025-07-01,18C,NHS HEREFORDSHIRE AND WORCESTERSHIRE ICB - 18C,51.0
recovery,2025-07-01,26A,NHS NORFOLK AND WAVENEY ICB - 26A,53.0
recovery,2025-07-01,27D,NHS CHESHIRE AND MERSEYSIDE ICB - 27D,49.0
recovery,2025-07-01,36J,NHS WEST YORKSHIRE ICB - 36J,52.0
recovery,2025-07-01,36L,NHS SOUTH WEST LONDON ICB - 36L,52.0
recovery,2025-07-01,42D,NHS HUMBER AND NORTH YORKSHIRE ICB - 42D,55.0
recovery,2025-07-01,52R,NHS NOTTINGHAM AND NOTTINGHAMSHIRE ICB - 52R,51.0
recovery,2025-07-01,70F,NHS SUSSEX ICB - 70F,53.0
recovery,2025-07-01,71E,NHS LINCOLNSHIRE ICB - 71E,50.0
recovery,2025-07-01,72Q,NHS SOUTH EAST LONDON ICB - 72Q,50.0
recovery,2025-07-01,78H,NHS NORTHAMPTONSHIRE ICB - 78H,53.0
recovery,2025-07-01,84H,NHS NORTH EAST AND NORTH CUMBRIA ICB - 84H,50.0
recovery,2025-07-01,91Q,NHS KENT AND MEDWAY ICB - 91Q,50.0
recovery,2025-07-01,92A,NHS SURREY HEARTLANDS ICB - 92A,48.0
recovery,2025-07-01,92G,"NHS BATH AND NORTH EAST SOMERSET, SWINDON AND WILTSHIRE ICB - 92G",48.0
recovery,2025-07-01,93C,NHS NORTH CENTRAL LONDON ICB - 93C,45.0
recovery,2025-07-01,97R,NHS SUSSEX ICB - 97R,52.0
recovery,2025-07-01,99A,NHS CHESHIRE AND MERSEYSIDE ICB - 99A,49.0
recovery,2025-07-01,99C,NHS NORTH EAST AND NORTH CUMBRIA ICB - 99C,50.0
recovery,2025-07-01,99E,NHS MID AND SOUTH ESSEX ICB - 99E,62.0
recovery,2025-07-01,99F,NHS MID AND SOUTH ESSEX ICB - 99F,55.0
recovery,2025-07-01,99G,NHS MID AND SOUTH ESSEX ICB - 99G,56.0
recovery,2025-07-01,A3A8R,NHS NORTH EAST LONDON ICB - A3A8R,48.0
recovery,2025-07-01,B2M3M,NHS COVENTRY AND WARWICKSHIRE ICB - B2M3M,51.0
recovery,2025-07-01,D2P2L,NHS BLACK COUNTRY ICB - D2P2L,43.0
recovery,2025-07-01,D4U1Y,NHS FRIMLEY ICB - D4U1Y,51.0
recovery,2025-07-01,D9Y0V,NHS HAMPSHIRE AND ISLE OF WIGHT ICB - D9Y0V,48.0
recovery,2025-07-01,InvalidCode,Unknown,55.0
recovery,2025-07-01,M1J4Y,"NHS BEDFORDSHIRE, LUTON AND MILTON KEYNES ICB - M1J4Y",51.0
recovery,2025-07-01,M2L0M,"NHS SHROPSHIRE, TELFORD AND WREKIN ICB - M2L0M",50.0
recovery,2025-07-01,W2U3Z,NHS NORTH WEST LONDON ICB - W2U3Z,50.0
recovery,2025-07-01,X2C4Y,NHS WEST YORKSHIRE ICB - X2C4Y,59.0
recovery,2025-08-01,00L,NHS NORTH EAST AND NORTH CUMBRIA ICB - 00L,51.0
recovery,2025-08-01,00N,NHS NORTH EAST AND NORTH CUMBRIA ICB - 00N,51.0
recovery,2025-08-01,00P,NHS NORTH EAST AND NORTH CUMBRIA ICB - 00P,48.0
recovery,2025-08-01,00Q,NHS LANCASHIRE AND SOUTH CUMBRIA ICB - 00Q,44.0
recovery,2025-08-01,00R,NHS LANCASHIRE AND SOUTH CUMBRIA ICB - 00R,42.0
recovery,2025-08-01,00T,NHS GREATER MANCHESTER ICB - 00T,50.0
recovery,2025-08-01,00V,NHS GREATER MANCHESTER ICB - 00V,53.0
recovery,2025-08-01,00X,NHS LANCASHIRE AND SOUTH CUMBRIA ICB - 00X,37.0
recovery,2025-08-01,00Y,NHS GREATER MANCHESTER ICB - 00Y,35.0
recovery,2025-08-01,01A,NHS LANCASHIRE AND SOUTH CUMBRIA ICB - 01A,47.0
recovery,2025-08-01,01D,NHS GREATER MANCHESTER ICB - 01D,38.0
recovery,2025-08-01,01E,NHS LANCASHIRE AND SOUTH CUMBRIA ICB - 01E,43.0
recovery,2025-08-01,01F,NHS CHESHIRE AND MERSEYSIDE ICB - 01F,44.0
recovery,2025-08-01,01G,NHS GREATER MANCHESTER ICB - 01G,38.0
recovery,2025-08-01,01H,NHS NORTH EAST AND NORTH CUMBRIA ICB - 01H,48.0
recovery,2025-08-01,01J,NHS CHESHIRE AND MERSEYSIDE ICB - 01J,51.0
recovery,2025-08-01,01K,NHS LANCASHIRE AND SOUTH CUMBRIA ICB - 01K,48.0
recovery,2025-08-01,01T,NHS CHESHIRE AND MERSEYSIDE ICB - 01T,44.0
recovery,2025-08-01,01V,NHS CHESHIRE AND MERSEYSIDE ICB - 01V,48.0
recovery,2025-08-01,01W,NHS GREATER MANCHESTER ICB - 01W,48.0
recovery,2025-08-01,01X,NHS CHESHIRE AND MERSEYSIDE ICB - 01X,51.0
recovery,2025-08-01,01Y,NHS GREATER MANCHESTER ICB - 01Y,52.0
recovery,2025-08-01,02A,NHS GREATER MANCHESTER ICB - 02A,65.0
recovery,2025-08-01,02E,NHS CHESHIRE AND MERSEYSIDE ICB - 02E,57.0
recovery,2025-08-01,02G,NHS LANCASHIRE AND SOUTH CUMBRIA ICB - 02G,48.0
recovery,2025-08-01,02H,NHS GREATER MANCHESTER ICB - 02H,53.0
recovery,2025-08-01,02M,NHS LANCASHIRE AND SOUTH CUMBRIA ICB - 02M,57.0
recovery,2025-08-01,02P,NHS SOUTH YORKSHIRE ICB - 02P,52.0
recovery,2025-08-01,02Q,NHS NOTTINGHAM AND NOTTINGHAMSHIRE ICB - 02Q,49.0
recovery,2025-08-01,02T,NHS WEST YORKSHIRE ICB - 02T,46.0
recovery,2025-08-01,02X,NHS SOUTH YORKSHIRE ICB - 02X,43.0
recovery,2025-08-01,03F,NHS HUMBER AND NORTH YORKSHIRE ICB - 03F,53.0
recovery,2025-08-01,03H,NHS HUMBER AND NORTH YORKSHIRE ICB - 03H,37.0
recovery,2025-08-01,03K,NHS HUMBER AND NORTH YORKSHIRE ICB - 03K,38.0
recovery,2025-08-01,03L,NHS SOUTH YORKSHIRE ICB - 03L,49.0
recovery,2025-08-01,03N,NHS SOUTH YORKSHIRE ICB - 03N,57.0
recovery,2025-08-01,03Q,NHS HUMBER AND NORTH YORKSHIRE ICB - 03Q,56.0
recovery,2025-08-01,03R,NHS WEST YORKSHIRE ICB - 03R,49.0
recovery,2025-08-01,03W,"NHS LEICESTER, LEICESTERSHIRE AND RUTLAND ICB - 03W",46.0
recovery,2025-08-01,04C,"NHS LEICESTER, LEICESTERSHIRE AND RUTLAND ICB - 04C",41.0
recovery,2025-08-01,04V,"NHS LEICESTER, LEICESTERSHIRE AND RUTLAND ICB - 04V",46.0
recovery,2025-08-01,04Y,NHS STAFFORDSHIRE AND STOKE-ON-TRENT ICB - 04Y,53.0
recovery,2025-08-01,05D,NHS STAFFORDSHIRE AND STOKE-ON-TRENT ICB - 05D,61.0
recovery,2025-08-01,05G,NHS STAFFORDSHIRE AND STOKE-ON-TRENT ICB - 05G,51.0
recovery,2025-08-01,05Q,NHS STAFFORDSHIRE AND STOKE-ON-TRENT ICB - 05Q,51.0
recovery,2025-08-01,05V,NHS STAFFORDSHIRE AND STOKE-ON-TRENT ICB - 05V,56.0
recovery,2025-08-01,05W,NHS STAFFORDSHIRE AND STOKE-ON-TRENT ICB - 05W,51.0
recovery,2025-08-01,06H,NHS CAMBRIDGESHIRE AND PETERBOROUGH ICB - 06H,48.0
recovery,2025-08-01,06K,NHS HERTFORDSHIRE AND WEST ESSEX ICB - 06K,48.0
recovery,2025-08-01,06L,NHS SUFFOLK AND NORTH EAST ESSEX ICB - 06L,55.0
recovery,2025-08-01,06N,NHS HERTFORDSHIRE AND WEST ESSEX ICB - 06N,47.0
recovery,2025-08-01,06Q,NHS MID AND SOUTH ESSEX ICB - 06Q,47.0
recovery,2025-08-01,06T,NHS SUFFOLK AND NORTH EAST ESSEX ICB - 06T,58.0
recovery,2025-08-01,07G,NHS MID AND SOUTH ESSEX ICB - 07G,57.0
recovery,2025-08-01,07H,NHS HERTFORDSHIRE AND WEST ESSEX ICB - 07H,57.0
recovery,2025-08-01,07K,NHS SUFFOLK AND NORTH EAST ESSEX ICB - 07K,54.0
recovery,2025-08-01,09D,NHS SUSSEX ICB - 09D,47.0
recovery,2025-08-01,10Q,"NHS BUCKINGHAMSHIRE, OXFORDSHIRE AND BERKSHIRE WEST ICB - 10Q",54.0
recovery,2025-08-01,10R,NHS HAMPSHIRE AND ISLE OF WIGHT ICB - 10R,48.0
recovery,2025-08-01,11J,NHS DORSET ICB - 11J,47.0
recovery,2025-08-01,11M,NHS GLOUCESTERSHIRE ICB - 11M,54.0
recovery,2025-08-01,11N,NHS CORNWALL AND THE ISLES OF SCILLY ICB - 11N,45.0
recovery,2025-08-01,11X,NHS SOMERSET ICB - 11X,51.0
recovery,2025-08-01,13Q,NATIONAL COMMISSIONING HUB 1,55.0
recovery,2025-08-01,13T,NHS NORTH EAST AND NORTH CUMBRIA ICB - 13T,50.0
recovery,2025-08-01,14L,NHS GREATER MANCHESTER ICB - 14L,47.0
recovery,2025-08-01,14R,EAST OF ENGLAND - H&J COMMISSIONING HUB,45.0
recovery,2025-08-01,14Y,"NHS BUCKINGHAMSHIRE, OXFORDSHIRE AND BERKSHIRE WEST ICB - 14Y",51.0
recovery,2025-08-01,15A,"NHS BUCKINGHAMSHIRE, OXFORDSHIRE AND BERKSHIRE WEST ICB - 15A",48.0
recovery,2025-08-01,15C,"NHS BRISTOL, NORTH SOMERSET AND SOUTH GLOUCESTERSHIRE ICB - 15C",54.0
recovery,2025-08-01,15E,NHS BIRMINGHAM AND SOLIHULL ICB - 15E,49.0
recovery,2025-08-01,15F,NHS WEST YORKSHIRE ICB - 15F,43.0
recovery,2025-08-01,15M,NHS DERBY AND DERBYSHIRE ICB - 15M,43.0
recovery,2025-08-01,15N,NHS DEVON ICB - 15N,56.0
recovery,2025-08-01,16C,NHS NORTH EAST AND NORTH CUMBRIA ICB - 16C,51.0
recovery,2025-08-01,18C,NHS HEREFORDSHIRE AND WORCESTERSHIRE ICB - 18C,51.0
recovery,2025-08-01,26A,NHS NORFOLK AND WAVENEY ICB - 26A,52.0
recovery,2025-08-01,27D,NHS CHESHIRE AND MERSEYSIDE ICB - 27D,51.0
recovery,2025-08-01,36J,NHS WEST YORKSHIRE ICB - 36J,48.0
recovery,2025-08-01,36L,NHS SOUTH WEST LONDON ICB - 36L,52.0
recovery,2025-08-01,42D,NHS HUMBER AND NORTH YORKSHIRE ICB - 42D,47.0
recovery,2025-08-01,52R,NHS NOTTINGHAM AND NOTTINGHAMSHIRE ICB - 52R,49.0
recovery,2025-08-01,70F,NHS SUSSEX ICB - 70F,51.0
recovery,2025-08-01,71E,NHS LINCOLNSHIRE ICB - 71E,50.0
recovery,2025-08-01,72Q,NHS SOUTH EAST LONDON ICB - 72Q,53.0
recovery,2025-08-01,78H,NHS NORTHAMPTONSHIRE ICB - 78H,53.0
recovery,2025-08-01,84H,NHS NORTH EAST AND NORTH CUMBRIA ICB - 84H,50.0
recovery,2025-08-01,91Q,NHS KENT AND MEDWAY ICB - 91Q,51.0
recovery,2025-08-01,92A,NHS SURREY HEARTLANDS ICB - 92A,49.0
recovery,2025-08-01,92G,"NHS BATH AND NORTH EAST SOMERSET, SWINDON AND WILTSHIRE ICB - 92G",51.0
recovery,2025-08-01,93C,NHS NORTH CENTRAL LONDON ICB - 93C,46.0
recovery,2025-08-01,97R,NHS SUSSEX ICB - 97R,46.0
recovery,2025-08-01,99A,NHS CHESHIRE AND MERSEYSIDE ICB - 99A,48.0
recovery,2025-08-01,99C,NHS NORTH EAST AND NORTH CUMBRIA ICB - 99C,57.0
recovery,2025-08-01,99E,NHS MID AND SOUTH ESSEX ICB - 99E,58.0
recovery,2025-08-01,99F,NHS MID AND SOUTH ESSEX ICB - 99F,59.0
recovery,2025-08-01,99G,NHS MID AND SOUTH ESSEX ICB - 99G,57.0
recovery,2025-08-01,A3A8R,NHS NORTH EAST LONDON ICB - A3A8R,47.0
recovery,2025-08-01,B2M3M,NHS COVENTRY AND WARWICKSHIRE ICB - B2M3M,54.0
recovery,2025-08-01,D2P2L,NHS BLACK COUNTRY ICB - D2P2L,42.0
recovery,2025-08-01,D4U1Y,NHS FRIMLEY ICB - D4U1Y,50.0
recovery,2025-08-01,D9Y0V,NHS HAMPSHIRE AND ISLE OF WIGHT ICB - D9Y0V,50.0
recovery,2025-08-01,InvalidCode,Unknown,33.0
recovery,2025-08-01,M1J4Y,"NHS BEDFORDSHIRE, LUTON AND MILTON KEYNES ICB - M1J4Y",51.0
recovery,2025-08-01,M2L0M,"NHS SHROPSHIRE, TELFORD AND WREKIN ICB - M2L0M",49.0
recovery,2025-08-01,W2U3Z,NHS NORTH WEST LONDON ICB - W2U3Z,51.0
recovery,2025-08-01,X2C4Y,NHS WEST YORKSHIRE ICB - X2C4Y,48.0
recovery,2025-09-01,00L,NHS NORTH EAST AND NORTH CUMBRIA ICB - 00L,55.0
recovery,2025-09-01,00N,NHS NORTH EAST AND NORTH CUMBRIA ICB - 00N,56.0
recovery,2025-09-01,00P,NHS NORTH EAST AND NORTH CUMBRIA ICB - 00P,49.0
recovery,2025-09-01,00Q,NHS LANCASHIRE AND SOUTH CUMBRIA ICB - 00Q,43.0
recovery,2025-09-01,00R,NHS LANCASHIRE AND SOUTH CUMBRIA ICB - 00R,47.0
recovery,2025-09-01,00T,NHS GREATER MANCHESTER ICB - 00T,46.0
recovery,2025-09-01,00V,NHS GREATER MANCHESTER ICB - 00V,49.0
recovery,2025-09-01,00X,NHS LANCASHIRE AND SOUTH CUMBRIA ICB - 00X,41.0
recovery,2025-09-01,00Y,NHS GREATER MANCHESTER ICB - 00Y,42.0
recovery,2025-09-01,01A,NHS LANCASHIRE AND SOUTH CUMBRIA ICB - 01A,42.0
recovery,2025-09-01,01D,NHS GREATER MANCHESTER ICB - 01D,48.0
recovery,2025-09-01,01E,NHS LANCASHIRE AND SOUTH CUMBRIA ICB - 01E,47.0
recovery,2025-09-01,01F,NHS CHESHIRE AND MERSEYSIDE ICB - 01F,52.0
recovery,2025-09-01,01G,NHS GREATER MANCHESTER ICB - 01G,39.0
recovery,2025-09-01,01H,NHS NORTH EAST AND NORTH CUMBRIA ICB - 01H,48.0
recovery,2025-09-01,01J,NHS CHESHIRE AND MERSEYSIDE ICB - 01J,53.0
recovery,2025-09-01,01K,NHS LANCASHIRE AND SOUTH CUMBRIA ICB - 01K,49.0
recovery,2025-09-01,01T,NHS CHESHIRE AND MERSEYSIDE ICB - 01T,44.0
recovery,2025-09-01,01V,NHS CHESHIRE AND MERSEYSIDE ICB - 01V,50.0
recovery,2025-09-01,01W,NHS GREATER MANCHESTER ICB - 01W,50.0
recovery,2025-09-01,01X,NHS CHESHIRE AND MERSEYSIDE ICB - 01X,48.0
recovery,2025-09-01,01Y,NHS GREATER MANCHESTER ICB - 01Y,50.0
recovery,2025-09-01,02A,NHS GREATER MANCHESTER ICB - 02A,60.0
recovery,2025-09-01,02E,NHS CHESHIRE AND MERSEYSIDE ICB - 02E,57.0
recovery,2025-09-01,02G,NHS LANCASHIRE AND SOUTH CUMBRIA ICB - 02G,45.0
recovery,2025-09-01,02H,NHS GREATER MANCHESTER ICB - 02H,48.0
recovery,2025-09-01,02M,NHS LANCASHIRE AND SOUTH CUMBRIA ICB - 02M,52.0
recovery,2025-09-01,02P,NHS SOUTH YORKSHIRE ICB - 02P,50.0
recovery,2025-09-01,02Q,NHS NOTTINGHAM AND NOTTINGHAMSHIRE ICB - 02Q,57.0
recovery,2025-09-01,02T,NHS WEST YORKSHIRE ICB - 02T,44.0
recovery,2025-09-01,02X,NHS SOUTH YORKSHIRE ICB - 02X,50.0
recovery,2025-09-01,02Y,NHS HUMBER AND NORTH YORKSHIRE ICB - 02Y,58.0
recovery,2025-09-01,03F,NHS HUMBER AND NORTH YORKSHIRE ICB - 03F,53.0
recovery,2025-09-01,03H,NHS HUMBER AND NORTH YORKSHIRE ICB - 03H,50.0
recovery,2025-09-01,03K,NHS HUMBER AND NORTH YORKSHIRE ICB - 03K,47.0
recovery,2025-09-01,03L,NHS SOUTH YORKSHIRE ICB - 03L,49.0
recovery,2025-09-01,03N,NHS SOUTH YORKSHIRE ICB - 03N,52.0
recovery,2025-09-01,03Q,NHS HUMBER AND NORTH YORKSHIRE ICB - 03Q,52.0
recovery,2025-09-01,03R,NHS WEST YORKSHIRE ICB - 03R,53.0
recovery,2025-09-01,03W,"NHS LEICESTER, LEICESTERSHIRE AND RUTLAND ICB - 03W",58.0
recovery,2025-09-01,04C,"NHS LEICESTER, LEICESTERSHIRE AND RUTLAND ICB - 04C",49.0
recovery,2025-09-01,04V,"NHS LEICESTER, LEICESTERSHIRE AND RUTLAND ICB - 04V",54.0
recovery,2025-09-01,04Y,NHS STAFFORDSHIRE AND STOKE-ON-TRENT ICB - 04Y,51.0
recovery,2025-09-01,05D,NHS STAFFORDSHIRE AND STOKE-ON-TRENT ICB - 05D,44.0
recovery,2025-09-01,05G,NHS STAFFORDSHIRE AND STOKE-ON-TRENT ICB - 05G,52.0
recovery,2025-09-01,05Q,NHS STAFFORDSHIRE AND STOKE-ON-TRENT ICB - 05Q,50.0
recovery,2025-09-01,05V,NHS STAFFORDSHIRE AND STOKE-ON-TRENT ICB - 05V,50.0
recovery,2025-09-01,05W,NHS STAFFORDSHIRE AND STOKE-ON-TRENT ICB - 05W,52.0
recovery,2025-09-01,06H,NHS CAMBRIDGESHIRE AND PETERBOROUGH ICB - 06H,47.0
recovery,2025-09-01,06K,NHS HERTFORDSHIRE AND WEST ESSEX ICB - 06K,49.0
recovery,2025-09-01,06L,NHS SUFFOLK AND NORTH EAST ESSEX ICB - 06L,54.0
recovery,2025-09-01,06N,NHS HERTFORDSHIRE AND WEST ESSEX ICB - 06N,47.0
recovery,2025-09-01,06Q,NHS MID AND SOUTH ESSEX ICB - 06Q,49.0
recovery,2025-09-01,06T,NHS SUFFOLK AND NORTH EAST ESSEX ICB - 06T,57.0
recovery,2025-09-01,07G,NHS MID AND SOUTH ESSEX ICB - 07G,59.0
recovery,2025-09-01,07H,NHS HERTFORDSHIRE AND WEST ESSEX ICB - 07H,59.0
recovery,2025-09-01,07K,NHS SUFFOLK AND NORTH EAST ESSEX ICB - 07K,55.0
recovery,2025-09-01,09D,NHS SUSSEX ICB - 09D,48.0
recovery,2025-09-01,10Q,"NHS BUCKINGHAMSHIRE, OXFORDSHIRE AND BERKSHIRE WEST ICB - 10Q",56.0
recovery,2025-09-01,10R,NHS HAMPSHIRE AND ISLE OF WIGHT ICB - 10R,44.0
recovery,2025-09-01,11J,NHS DORSET ICB - 11J,48.0
recovery,2025-09-01,11M,NHS GLOUCESTERSHIRE ICB - 11M,52.0
recovery,2025-09-01,11N,NHS CORNWALL AND THE ISLES OF SCILLY ICB - 11N,47.0
recovery,2025-09-01,11X,NHS SOMERSET ICB - 11X,49.0
recovery,2025-09-01,12F,NHS CHESHIRE AND MERSEYSIDE ICB - 12F,16.0
recovery,2025-09-01,13Q,NATIONAL COMMISSIONING HUB 1,50.0
recovery,2025-09-01,13T,NHS NORTH EAST AND NORTH CUMBRIA ICB - 13T,52.0
recovery,2025-09-01,14L,NHS GREATER MANCHESTER ICB - 14L,46.0
recovery,2025-09-01,14R,EAST OF ENGLAND - H&J COMMISSIONING HUB,50.0
recovery,2025-09-01,14Y,"NHS BUCKINGHAMSHIRE, OXFORDSHIRE AND BERKSHIRE WEST ICB - 14Y",51.0
recovery,2025-09-01,15A,"NHS BUCKINGHAMSHIRE, OXFORDSHIRE AND BERKSHIRE WEST ICB - 15A",49.0
recovery,2025-09-01,15C,"NHS BRISTOL, NORTH SOMERSET AND SOUTH GLOUCESTERSHIRE ICB - 15C",53.0
recovery,2025-09-01,15E,NHS BIRMINGHAM AND SOLIHULL ICB - 15E,50.0
recovery,2025-09-01,15F,NHS WEST YORKSHIRE ICB - 15F,56.0
recovery,2025-09-01,15M,NHS DERBY AND DERBYSHIRE ICB - 15M,45.0
recovery,2025-09-01,15N,NHS DEVON ICB - 15N,55.0
recovery,2025-09-01,16C,NHS NORTH EAST AND NORTH CUMBRIA ICB - 16C,51.0
recovery,2025-09-01,18C,NHS HEREFORDSHIRE AND WORCESTERSHIRE ICB - 18C,52.0
recovery,2025-09-01,26A,NHS NORFOLK AND WAVENEY ICB - 26A,52.0
recovery,2025-09-01,27D,NHS CHESHIRE AND MERSEYSIDE ICB - 27D,52.0
recovery,2025-09-01,36J,NHS WEST YORKSHIRE ICB - 36J,51.0
recovery,2025-09-01,36L,NHS SOUTH WEST LONDON ICB - 36L,51.0
recovery,2025-09-01,42D,NHS HUMBER AND NORTH YORKSHIRE ICB - 42D,56.0
recovery,2025-09-01,52R,NHS NOTTINGHAM AND NOTTINGHAMSHIRE ICB - 52R,50.0
recovery,2025-09-01,70F,NHS SUSSEX ICB - 70F,56.0
recovery,2025-09-01,71E,NHS LINCOLNSHIRE ICB - 71E,52.0
recovery,2025-09-01,72Q,NHS SOUTH EAST LONDON ICB - 72Q,49.0
recovery,2025-09-01,78H,NHS NORTHAMPTONSHIRE ICB - 78H,54.0
recovery,2025-09-01,84H,NHS NORTH EAST AND NORTH CUMBRIA ICB - 84H,44.0
recovery,2025-09-01,91Q,NHS KENT AND MEDWAY ICB - 91Q,49.0
recovery,2025-09-01,92A,NHS SURREY HEARTLANDS ICB - 92A,49.0
recovery,2025-09-01,92G,"NHS BATH AND NORTH EAST SOMERSET, SWINDON AND WILTSHIRE ICB - 92G",52.0
recovery,2025-09-01,93C,NHS NORTH CENTRAL LONDON ICB - 93C,48.0
recovery,2025-09-01,97R,NHS SUSSEX ICB - 97R,52.0
recovery,2025-09-01,99A,NHS CHESHIRE AND MERSEYSIDE ICB - 99A,49.0
recovery,2025-09-01,99C,NHS NORTH EAST AND NORTH CUMBRIA ICB - 99C,54.0
recovery,2025-09-01,99E,NHS MID AND SOUTH ESSEX ICB - 99E,55.0
recovery,2025-09-01,99F,NHS MID AND SOUTH ESSEX ICB - 99F,57.0
recovery,2025-09-01,99G,NHS MID AND SOUTH ESSEX ICB - 99G,56.0
recovery,2025-09-01,A3A8R,NHS NORTH EAST LONDON ICB - A3A8R,49.0
recovery,2025-09-01,B2M3M,NHS COVENTRY AND WARWICKSHIRE ICB - B2M3M,57.0
recovery,2025-09-01,D2P2L,NHS BLACK COUNTRY ICB - D2P2L,39.0
recovery,2025-09-01,D4U1Y,NHS FRIMLEY ICB - D4U1Y,54.0
recovery,2025-09-01,D9Y0V,NHS HAMPSHIRE AND ISLE OF WIGHT ICB - D9Y0V,51.0
recovery,2025-09-01,InvalidCode,Unknown,29.0
recovery,2025-09-01,M1J4Y,"NHS BEDFORDSHIRE, LUTON AND MILTON KEYNES ICB - M1J4Y",46.0
recovery,2025-09-01,M2L0M,"NHS SHROPSHIRE, TELFORD AND WREKIN ICB - M2L0M",54.0
recovery,2025-09-01,W2U3Z,NHS NORTH WEST LONDON ICB - W2U3Z,51.0
recovery,2025-09-01,X2C4Y,NHS WEST YORKSHIRE ICB - X2C4Y,56.0
recovery,2025-10-01,00L,NHS NORTH EAST AND NORTH CUMBRIA ICB - 00L,55.0
recovery,2025-10-01,00N,NHS NORTH EAST AND NORTH CUMBRIA ICB - 00N,50.0
recovery,2025-10-01,00P,NHS NORTH EAST AND NORTH CUMBRIA ICB - 00P,45.0
recovery,2025-10-01,00Q,NHS LANCASHIRE AND SOUTH CUMBRIA ICB - 00Q,38.0
recovery,2025-10-01,00R,NHS LANCASHIRE AND SOUTH CUMBRIA ICB - 00R,45.0
recovery,2025-10-01,00T,NHS GREATER MANCHESTER ICB - 00T,48.0
recovery,2025-10-01,00V,NHS GREATER MANCHESTER ICB - 00V,48.0
recovery,2025-10-01,00X,NHS LANCASHIRE AND SOUTH CUMBRIA ICB - 00X,46.0
recovery,2025-10-01,00Y,NHS GREATER MANCHESTER ICB - 00Y,35.0
recovery,2025-10-01,01A,NHS LANCASHIRE AND SOUTH CUMBRIA ICB - 01A,44.0
recovery,2025-10-01,01D,NHS GREATER MANCHESTER ICB - 01D,40.0
recovery,2025-10-01,01E,NHS LANCASHIRE AND SOUTH CUMBRIA ICB - 01E,51.0
recovery,2025-10-01,01F,NHS CHESHIRE AND MERSEYSIDE ICB - 01F,53.0
recovery,2025-10-01,01G,NHS GREATER MANCHESTER ICB - 01G,40.0
recovery,2025-10-01,01H,NHS NORTH EAST AND NORTH CUMBRIA ICB - 01H,46.0
recovery,2025-10-01,01J,NHS CHESHIRE AND MERSEYSIDE ICB - 01J,52.0
recovery,2025-10-01,01K,NHS LANCASHIRE AND SOUTH CUMBRIA ICB - 01K,49.0
recovery,2025-10-01,01T,NHS CHESHIRE AND MERSEYSIDE ICB - 01T,44.0
recovery,2025-10-01,01V,NHS CHESHIRE AND MERSEYSIDE ICB - 01V,54.0
recovery,2025-10-01,01W,NHS GREATER MANCHESTER ICB - 01W,46.0
recovery,2025-10-01,01X,NHS CHESHIRE AND MERSEYSIDE ICB - 01X,50.0
recovery,2025-10-01,01Y,NHS GREATER MANCHESTER ICB - 01Y,42.0
recovery,2025-10-01,02A,NHS GREATER MANCHESTER ICB - 02A,59.0
recovery,2025-10-01,02E,NHS CHESHIRE AND MERSEYSIDE ICB - 02E,50.0
recovery,2025-10-01,02G,NHS LANCASHIRE AND SOUTH CUMBRIA ICB - 02G,48.0
recovery,2025-10-01,02H,NHS GREATER MANCHESTER ICB - 02H,54.0
recovery,2025-10-01,02M,NHS LANCASHIRE AND SOUTH CUMBRIA ICB - 02M,45.0
recovery,2025-10-01,02P,NHS SOUTH YORKSHIRE ICB - 02P,51.0
recovery,2025-10-01,02Q,NHS NOTTINGHAM AND NOTTINGHAMSHIRE ICB - 02Q,61.0
recovery,2025-10-01,02T,NHS WEST YORKSHIRE ICB - 02T,54.0
recovery,2025-10-01,02X,NHS SOUTH YORKSHIRE ICB - 02X,47.0
recovery,2025-10-01,02Y,NHS HUMBER AND NORTH YORKSHIRE ICB - 02Y,62.0
recovery,2025-10-01,03F,NHS HUMBER AND NORTH YORKSHIRE ICB - 03F,52.0
recovery,2025-10-01,03H,NHS HUMBER AND NORTH YORKSHIRE ICB - 03H,47.0
recovery,2025-10-01,03K,NHS HUMBER AND NORTH YORKSHIRE ICB - 03K,41.0
recovery,2025-10-01,03L,NHS SOUTH YORKSHIRE ICB - 03L,55.0
recovery,2025-10-01,03N,NHS SOUTH YORKSHIRE ICB - 03N,53.0
recovery,2025-10-01,03Q,NHS HUMBER AND NORTH YORKSHIRE ICB - 03Q,58.0
recovery,2025-10-01,03R,NHS WEST YORKSHIRE ICB - 03R,49.0
recovery,2025-10-01,03W,"NHS LEICESTER, LEICESTERSHIRE AND RUTLAND ICB - 03W",49.0
recovery,2025-10-01,04C,"NHS LEICESTER, LEICESTERSHIRE AND RUTLAND ICB - 04C",42.0
recovery,2025-10-01,04V,"NHS LEICESTER, LEICESTERSHIRE AND RUTLAND ICB - 04V",49.0
recovery,2025-10-01,04Y,NHS STAFFORDSHIRE AND STOKE-ON-TRENT ICB - 04Y,44.0
recovery,2025-10-01,05D,NHS STAFFORDSHIRE AND STOKE-ON-TRENT ICB - 05D,49.0
recovery,2025-10-01,05G,NHS STAFFORDSHIRE AND STOKE-ON-TRENT ICB - 05G,48.0
recovery,2025-10-01,05Q,NHS STAFFORDSHIRE AND STOKE-ON-TRENT ICB - 05Q,50.0
recovery,2025-10-01,05V,NHS STAFFORDSHIRE AND STOKE-ON-TRENT ICB - 05V,54.0
recovery,2025-10-01,05W,NHS STAFFORDSHIRE AND STOKE-ON-TRENT ICB - 05W,55.0
recovery,2025-10-01,06H,NHS CAMBRIDGESHIRE AND PETERBOROUGH ICB - 06H,48.0
recovery,2025-10-01,06K,NHS HERTFORDSHIRE AND WEST ESSEX ICB - 06K,54.0
recovery,2025-10-01,06L,NHS SUFFOLK AND NORTH EAST ESSEX ICB - 06L,55.0
recovery,2025-10-01,06N,NHS HERTFORDSHIRE AND WEST ESSEX ICB - 06N,47.0
recovery,2025-10-01,06Q,NHS MID AND SOUTH ESSEX ICB - 06Q,53.0
recovery,2025-10-01,06T,NHS SUFFOLK AND NORTH EAST ESSEX ICB - 06T,55.0
recovery,2025-10-01,07G,NHS MID AND SOUTH ESSEX ICB - 07G,54.0
recovery,2025-10-01,07H,NHS HERTFORDSHIRE AND WEST ESSEX ICB - 07H,61.0
recovery,2025-10-01,07K,NHS SUFFOLK AND NORTH EAST ESSEX ICB - 07K,54.0
recovery,2025-10-01,09D,NHS SUSSEX ICB - 09D,48.0
recovery,2025-10-01,10Q,"NHS BUCKINGHAMSHIRE, OXFORDSHIRE AND BERKSHIRE WEST ICB - 10Q",51.0
recovery,2025-10-01,10R,NHS HAMPSHIRE AND ISLE OF WIGHT ICB - 10R,51.0
recovery,2025-10-01,11J,NHS DORSET ICB - 11J,47.0
recovery,2025-10-01,11M,NHS GLOUCESTERSHIRE ICB - 11M,53.0
recovery,2025-10-01,11N,NHS CORNWALL AND THE ISLES OF SCILLY ICB - 11N,51.0
recovery,2025-10-01,11X,NHS SOMERSET ICB - 11X,47.0
recovery,2025-10-01,12F,NHS CHESHIRE AND MERSEYSIDE ICB - 12F,43.0
recovery,2025-10-01,13Q,NATIONAL COMMISSIONING HUB 1,37.0
recovery,2025-10-01,13T,NHS NORTH EAST AND NORTH CUMBRIA ICB - 13T,52.0
recovery,2025-10-01,14L,NHS GREATER MANCHESTER ICB - 14L,47.0
recovery,2025-10-01,14R,EAST OF ENGLAND - H&J COMMISSIONING HUB,39.0
recovery,2025-10-01,14Y,"NHS BUCKINGHAMSHIRE, OXFORDSHIRE AND BERKSHIRE WEST ICB - 14Y",52.0
recovery,2025-10-01,15A,"NHS BUCKINGHAMSHIRE, OXFORDSHIRE AND BERKSHIRE WEST ICB - 15A",50.0
recovery,2025-10-01,15C,"NHS BRISTOL, NORTH SOMERSET AND SOUTH GLOUCESTERSHIRE ICB - 15C",53.0
recovery,2025-10-01,15E,NHS BIRMINGHAM AND SOLIHULL ICB - 15E,50.0
recovery,2025-10-01,15F,NHS WEST YORKSHIRE ICB - 15F,50.0
recovery,2025-10-01,15M,NHS DERBY AND DERBYSHIRE ICB - 15M,50.0
recovery,2025-10-01,15N,NHS DEVON ICB - 15N,53.0
recovery,2025-10-01,16C,NHS NORTH EAST AND NORTH CUMBRIA ICB - 16C,50.0
recovery,2025-10-01,18C,NHS HEREFORDSHIRE AND WORCESTERSHIRE ICB - 18C,46.0
recovery,2025-10-01,26A,NHS NORFOLK AND WAVENEY ICB - 26A,50.0
recovery,2025-10-01,27D,NHS CHESHIRE AND MERSEYSIDE ICB - 27D,54.0
recovery,2025-10-01,36J,NHS WEST YORKSHIRE ICB - 36J,50.0
recovery,2025-10-01,36L,NHS SOUTH WEST LONDON ICB - 36L,49.0
recovery,2025-10-01,42D,NHS HUMBER AND NORTH YORKSHIRE ICB - 42D,54.0
recovery,2025-10-01,52R,NHS NOTTINGHAM AND NOTTINGHAMSHIRE ICB - 52R,51.0
recovery,2025-10-01,70F,NHS SUSSEX ICB - 70F,49.0
recovery,2025-10-01,71E,NHS LINCOLNSHIRE ICB - 71E,48.0
recovery,2025-10-01,72Q,NHS SOUTH EAST LONDON ICB - 72Q,50.0
recovery,2025-10-01,78H,NHS NORTHAMPTONSHIRE ICB - 78H,53.0
recovery,2025-10-01,84H,NHS NORTH EAST AND NORTH CUMBRIA ICB - 84H,51.0
recovery,2025-10-01,91Q,NHS KENT AND MEDWAY ICB - 91Q,49.0
recovery,2025-10-01,92A,NHS SURREY HEARTLANDS ICB - 92A,48.0
recovery,2025-10-01,92G,"NHS BATH AND NORTH EAST SOMERSET, SWINDON AND WILTSHIRE ICB - 92G",50.0
recovery,2025-10-01,93C,NHS NORTH CENTRAL LONDON ICB - 93C,46.0
recovery,2025-10-01,97R,NHS SUSSEX ICB - 97R,49.0
recovery,2025-10-01,99A,NHS CHESHIRE AND MERSEYSIDE ICB - 99A,50.0
recovery,2025-10-01,99C,NHS NORTH EAST AND NORTH CUMBRIA ICB - 99C,56.0
recovery,2025-10-01,99F,NHS MID AND SOUTH ESSEX ICB - 99F,54.0
recovery,2025-10-01,99G,NHS MID AND SOUTH ESSEX ICB - 99G,53.0
recovery,2025-10-01,A3A8R,NHS NORTH EAST LONDON ICB - A3A8R,50.0
recovery,2025-10-01,B2M3M,NHS COVENTRY AND WARWICKSHIRE ICB - B2M3M,53.0
recovery,2025-10-01,D2P2L,NHS BLACK COUNTRY ICB - D2P2L,42.0
recovery,2025-10-01,D4U1Y,NHS FRIMLEY ICB - D4U1Y,50.0
recovery,2025-10-01,D9Y0V,NHS HAMPSHIRE AND ISLE OF WIGHT ICB - D9Y0V,51.0
recovery,2025-10-01,InvalidCode,Unknown,44.0
recovery,2025-10-01,M1J4Y,"NHS BEDFORDSHIRE, LUTON AND MILTON KEYNES ICB - M1J4Y",44.0
recovery,2025-10-01,M2L0M,"NHS SHROPSHIRE, TELFORD AND WREKIN ICB - M2L0M",49.0
recovery,2025-10-01,W2U3Z,NHS NORTH WEST LONDON ICB - W2U3Z,51.0
recovery,2025-10-01,X2C4Y,NHS WEST YORKSHIRE ICB - X2C4Y,58.0
recovery,2025-11-01,00L,NHS NORTH EAST AND NORTH CUMBRIA ICB - 00L,48.0
recovery,2025-11-01,00N,NHS NORTH EAST AND NORTH CUMBRIA ICB - 00N,51.0
recovery,2025-11-01,00P,NHS NORTH EAST AND NORTH CUMBRIA ICB - 00P,49.0
recovery,2025-11-01,00Q,NHS LANCASHIRE AND SOUTH CUMBRIA ICB - 00Q,43.0
recovery,2025-11-01,00R,NHS LANCASHIRE AND SOUTH CUMBRIA ICB - 00R,45.0
recovery,2025-11-01,00T,NHS GREATER MANCHESTER ICB - 00T,48.0
recovery,2025-11-01,00V,NHS GREATER MANCHESTER ICB - 00V,54.0
recovery,2025-11-01,00X,NHS LANCASHIRE AND SOUTH CUMBRIA ICB - 00X,38.0
recovery,2025-11-01,00Y,NHS GREATER MANCHESTER ICB - 00Y,42.0
recovery,2025-11-01,01A,NHS LANCASHIRE AND SOUTH CUMBRIA ICB - 01A,42.0
recovery,2025-11-01,01D,NHS GREATER MANCHESTER ICB - 01D,39.0
recovery,2025-11-01,01E,NHS LANCASHIRE AND SOUTH CUMBRIA ICB - 01E,41.0
recovery,2025-11-01,01F,NHS CHESHIRE AND MERSEYSIDE ICB - 01F,53.0
recovery,2025-11-01,01G,NHS GREATER MANCHESTER ICB - 01G,35.0
recovery,2025-11-01,01H,NHS NORTH EAST AND NORTH CUMBRIA ICB - 01H,40.0
recovery,2025-11-01,01J,NHS CHESHIRE AND MERSEYSIDE ICB - 01J,52.0
recovery,2025-11-01,01K,NHS LANCASHIRE AND SOUTH CUMBRIA ICB - 01K,42.0
recovery,2025-11-01,01T,NHS CHESHIRE AND MERSEYSIDE ICB - 01T,43.0
recovery,2025-11-01,01V,NHS CHESHIRE AND MERSEYSIDE ICB - 01V,50.0
recovery,2025-11-01,01W,NHS GREATER MANCHESTER ICB - 01W,51.0
recovery,2025-11-01,01X,NHS CHESHIRE AND MERSEYSIDE ICB - 01X,51.0
recovery,2025-11-01,01Y,NHS GREATER MANCHESTER ICB - 01Y,51.0
recovery,2025-11-01,02A,NHS GREATER MANCHESTER ICB - 02A,54.0
recovery,2025-11-01,02E,NHS CHESHIRE AND MERSEYSIDE ICB - 02E,54.0
recovery,2025-11-01,02G,NHS LANCASHIRE AND SOUTH CUMBRIA ICB - 02G,45.0
recovery,2025-11-01,02H,NHS GREATER MANCHESTER ICB - 02H,52.0
recovery,2025-11-01,02M,NHS LANCASHIRE AND SOUTH CUMBRIA ICB - 02M,58.0
recovery,2025-11-01,02P,NHS SOUTH YORKSHIRE ICB - 02P,50.0
recovery,2025-11-01,02Q,NHS NOTTINGHAM AND NOTTINGHAMSHIRE ICB - 02Q,61.0
recovery,2025-11-01,02T,NHS WEST YORKSHIRE ICB - 02T,47.0
recovery,2025-11-01,02X,NHS SOUTH YORKSHIRE ICB - 02X,51.0
recovery,2025-11-01,02Y,NHS HUMBER AND NORTH YORKSHIRE ICB - 02Y,61.0
recovery,2025-11-01,03F,NHS HUMBER AND NORTH YORKSHIRE ICB - 03F,50.0
recovery,2025-11-01,03H,NHS HUMBER AND NORTH YORKSHIRE ICB - 03H,46.0
recovery,2025-11-01,03K,NHS HUMBER AND NORTH YORKSHIRE ICB - 03K,56.0
recovery,2025-11-01,03L,NHS SOUTH YORKSHIRE ICB - 03L,50.0
recovery,2025-11-01,03N,NHS SOUTH YORKSHIRE ICB - 03N,54.0
recovery,2025-11-01,03Q,NHS HUMBER AND NORTH YORKSHIRE ICB - 03Q,55.0
recovery,2025-11-01,03R,NHS WEST YORKSHIRE ICB - 03R,53.0
recovery,2025-11-01,03W,"NHS LEICESTER, LEICESTERSHIRE AND RUTLAND ICB - 03W",49.0
recovery,2025-11-01,04C,"NHS LEICESTER, LEICESTERSHIRE AND RUTLAND ICB - 04C",41.0
recovery,2025-11-01,04V,"NHS LEICESTER, LEICESTERSHIRE AND RUTLAND ICB - 04V",51.0
recovery,2025-11-01,04Y,NHS STAFFORDSHIRE AND STOKE-ON-TRENT ICB - 04Y,46.0
recovery,2025-11-01,05D,NHS STAFFORDSHIRE AND STOKE-ON-TRENT ICB - 05D,57.0
recovery,2025-11-01,05G,NHS STAFFORDSHIRE AND STOKE-ON-TRENT ICB - 05G,53.0
recovery,2025-11-01,05Q,NHS STAFFORDSHIRE AND STOKE-ON-TRENT ICB - 05Q,47.0
recovery,2025-11-01,05V,NHS STAFFORDSHIRE AND STOKE-ON-TRENT ICB - 05V,48.0
recovery,2025-11-01,05W,NHS STAFFORDSHIRE AND STOKE-ON-TRENT ICB - 05W,49.0
recovery,2025-11-01,06H,NHS CAMBRIDGESHIRE AND PETERBOROUGH ICB - 06H,48.0
recovery,2025-11-01,06K,NHS HERTFORDSHIRE AND WEST ESSEX ICB - 06K,51.0
recovery,2025-11-01,06L,NHS SUFFOLK AND NORTH EAST ESSEX ICB - 06L,55.0
recovery,2025-11-01,06N,NHS HERTFORDSHIRE AND WEST ESSEX ICB - 06N,53.0
recovery,2025-11-01,06Q,NHS MID AND SOUTH ESSEX ICB - 06Q,48.0
recovery,2025-11-01,06T,NHS SUFFOLK AND NORTH EAST ESSEX ICB - 06T,54.0
recovery,2025-11-01,07G,NHS MID AND SOUTH ESSEX ICB - 07G,49.0
recovery,2025-11-01,07H,NHS HERTFORDSHIRE AND WEST ESSEX ICB - 07H,60.0
recovery,2025-11-01,07K,NHS SUFFOLK AND NORTH EAST ESSEX ICB - 07K,54.0
recovery,2025-11-01,09D,NHS SUSSEX ICB - 09D,41.0
recovery,2025-11-01,10Q,"NHS BUCKINGHAMSHIRE, OXFORDSHIRE AND BERKSHIRE WEST ICB - 10Q",54.0
recovery,2025-11-01,10R,NHS HAMPSHIRE AND ISLE OF WIGHT ICB - 10R,49.0
recovery,2025-11-01,11J,NHS DORSET ICB - 11J,42.0
recovery,2025-11-01,11M,NHS GLOUCESTERSHIRE ICB - 11M,55.0
recovery,2025-11-01,11N,NHS CORNWALL AND THE ISLES OF SCILLY ICB - 11N,50.0
recovery,2025-11-01,11X,NHS SOMERSET ICB - 11X,53.0
recovery,2025-11-01,12F,NHS CHESHIRE AND MERSEYSIDE ICB - 12F,42.0
recovery,2025-11-01,13Q,NATIONAL COMMISSIONING HUB 1,65.0
recovery,2025-11-01,13T,NHS NORTH EAST AND NORTH CUMBRIA ICB - 13T,49.0
recovery,2025-11-01,14L,NHS GREATER MANCHESTER ICB - 14L,52.0
recovery,2025-11-01,14R,EAST OF ENGLAND - H&J COMMISSIONING HUB,38.0
recovery,2025-11-01,14Y,"NHS BUCKINGHAMSHIRE, OXFORDSHIRE AND BERKSHIRE WEST ICB - 14Y",50.0
recovery,2025-11-01,15A,"NHS BUCKINGHAMSHIRE, OXFORDSHIRE AND BERKSHIRE WEST ICB - 15A",52.0
recovery,2025-11-01,15C,"NHS BRISTOL, NORTH SOMERSET AND SOUTH GLOUCESTERSHIRE ICB - 15C",55.0
recovery,2025-11-01,15E,NHS BIRMINGHAM AND SOLIHULL ICB - 15E,50.0
recovery,2025-11-01,15F,NHS WEST YORKSHIRE ICB - 15F,49.0
recovery,2025-11-01,15M,NHS DERBY AND DERBYSHIRE ICB - 15M,47.0
recovery,2025-11-01,15N,NHS DEVON ICB - 15N,51.0
recovery,2025-11-01,16C,NHS NORTH EAST AND NORTH CUMBRIA ICB - 16C,54.0
recovery,2025-11-01,18C,NHS HEREFORDSHIRE AND WORCESTERSHIRE ICB - 18C,46.0
recovery,2025-11-01,26A,NHS NORFOLK AND WAVENEY ICB - 26A,51.0
recovery,2025-11-01,27D,NHS CHESHIRE AND MERSEYSIDE ICB - 27D,50.0
recovery,2025-11-01,36J,NHS WEST YORKSHIRE ICB - 36J,53.0
recovery,2025-11-01,36L,NHS SOUTH WEST LONDON ICB - 36L,52.0
recovery,2025-11-01,42D,NHS HUMBER AND NORTH YORKSHIRE ICB - 42D,53.0
recovery,2025-11-01,52R,NHS NOTTINGHAM AND NOTTINGHAMSHIRE ICB - 52R,51.0
recovery,2025-11-01,70F,NHS SUSSEX ICB - 70F,36.0
recovery,2025-11-01,71E,NHS LINCOLNSHIRE ICB - 71E,48.0
recovery,2025-11-01,72Q,NHS SOUTH EAST LONDON ICB - 72Q,49.0
recovery,2025-11-01,78H,NHS NORTHAMPTONSHIRE ICB - 78H,55.0
recovery,2025-11-01,84H,NHS NORTH EAST AND NORTH CUMBRIA ICB - 84H,39.0
recovery,2025-11-01,91Q,NHS KENT AND MEDWAY ICB - 91Q,51.0
recovery,2025-11-01,92A,NHS SURREY HEARTLANDS ICB - 92A,53.0
recovery,2025-11-01,92G,"NHS BATH AND NORTH EAST SOMERSET, SWINDON AND WILTSHIRE ICB - 92G",50.0
recovery,2025-11-01,93C,NHS NORTH CENTRAL LONDON ICB - 93C,48.0
recovery,2025-11-01,97R,NHS SUSSEX ICB - 97R,50.0
recovery,2025-11-01,99A,NHS CHESHIRE AND MERSEYSIDE ICB - 99A,49.0
recovery,2025-11-01,99C,NHS NORTH EAST AND NORTH CUMBRIA ICB - 99C,58.0
recovery,2025-11-01,99E,NHS MID AND SOUTH ESSEX ICB - 99E,55.0
recovery,2025-11-01,99F,NHS MID AND SOUTH ESSEX ICB - 99F,57.0
recovery,2025-11-01,99G,NHS MID AND SOUTH ESSEX ICB - 99G,57.0
recovery,2025-11-01,A3A8R,NHS NORTH EAST LONDON ICB - A3A8R,51.0
recovery,2025-11-01,B2M3M,NHS COVENTRY AND WARWICKSHIRE ICB - B2M3M,51.0
recovery,2025-11-01,D2P2L,NHS BLACK COUNTRY ICB - D2P2L,42.0
recovery,2025-11-01,D4U1Y,NHS FRIMLEY ICB - D4U1Y,51.0
recovery,2025-11-01,D9Y0V,NHS HAMPSHIRE AND ISLE OF WIGHT ICB - D9Y0V,48.0
recovery,2025-11-01,InvalidCode,Unknown,38.0
recovery,2025-11-01,M1J4Y,"NHS BEDFORDSHIRE, LUTON AND MILTON KEYNES ICB - M1J4Y",47.0
recovery,2025-11-01,M2L0M,"NHS SHROPSHIRE, TELFORD AND WREKIN ICB - M2L0M",52.0
recovery,2025-11-01,W2U3Z,NHS NORTH WEST LONDON ICB - W2U3Z,49.0
recovery,2025-11-01,X2C4Y,NHS WEST YORKSHIRE ICB - X2C4Y,50.0
recovery,2025-12-01,00L,NHS NORTH EAST AND NORTH CUMBRIA ICB - 00L,47.0
recovery,2025-12-01,00N,NHS NORTH EAST AND NORTH CUMBRIA ICB - 00N,50.0
recovery,2025-12-01,00P,NHS NORTH EAST AND NORTH CUMBRIA ICB - 00P,49.0
recovery,2025-12-01,00Q,NHS LANCASHIRE AND SOUTH CUMBRIA ICB - 00Q,36.0
recovery,2025-12-01,00R,NHS LANCASHIRE AND SOUTH CUMBRIA ICB - 00R,48.0
recovery,2025-12-01,00T,NHS GREATER MANCHESTER ICB - 00T,46.0
recovery,2025-12-01,00V,NHS GREATER MANCHESTER ICB - 00V,58.0
recovery,2025-12-01,00X,NHS LANCASHIRE AND SOUTH CUMBRIA ICB - 00X,38.0
recovery,2025-12-01,00Y,NHS GREATER MANCHESTER ICB - 00Y,36.0
recovery,2025-12-01,01A,NHS LANCASHIRE AND SOUTH CUMBRIA ICB - 01A,43.0
recovery,2025-12-01,01D,NHS GREATER MANCHESTER ICB - 01D,44.0
recovery,2025-12-01,01E,NHS LANCASHIRE AND SOUTH CUMBRIA ICB - 01E,45.0
recovery,2025-12-01,01F,NHS CHESHIRE AND MERSEYSIDE ICB - 01F,53.0
recovery,2025-12-01,01G,NHS GREATER MANCHESTER ICB - 01G,38.0
recovery,2025-12-01,01H,NHS NORTH EAST AND NORTH CUMBRIA ICB - 01H,48.0
recovery,2025-12-01,01J,NHS CHESHIRE AND MERSEYSIDE ICB - 01J,51.0
recovery,2025-12-01,01K,NHS LANCASHIRE AND SOUTH CUMBRIA ICB - 01K,38.0
recovery,2025-12-01,01T,NHS CHESHIRE AND MERSEYSIDE ICB - 01T,35.0
recovery,2025-12-01,01V,NHS CHESHIRE AND MERSEYSIDE ICB - 01V,50.0
recovery,2025-12-01,01W,NHS GREATER MANCHESTER ICB - 01W,51.0
recovery,2025-12-01,01X,NHS CHESHIRE AND MERSEYSIDE ICB - 01X,53.0
recovery,2025-12-01,01Y,NHS GREATER MANCHESTER ICB - 01Y,48.0
recovery,2025-12-01,02A,NHS GREATER MANCHESTER ICB - 02A,51.0
recovery,2025-12-01,02E,NHS CHESHIRE AND MERSEYSIDE ICB - 02E,54.0
recovery,2025-12-01,02G,NHS LANCASHIRE AND SOUTH CUMBRIA ICB - 02G,45.0
recovery,2025-12-01,02H,NHS GREATER MANCHESTER ICB - 02H,52.0
recovery,2025-12-01,02M,NHS LANCASHIRE AND SOUTH CUMBRIA ICB - 02M,53.0
recovery,2025-12-01,02P,NHS SOUTH YORKSHIRE ICB - 02P,50.0
recovery,2025-12-01,02Q,NHS NOTTINGHAM AND NOTTINGHAMSHIRE ICB - 02Q,57.0
recovery,2025-12-01,02T,NHS WEST YORKSHIRE ICB - 02T,48.0
recovery,2025-12-01,02X,NHS SOUTH YORKSHIRE ICB - 02X,48.0
recovery,2025-12-01,02Y,NHS HUMBER AND NORTH YORKSHIRE ICB - 02Y,60.0
recovery,2025-12-01,03F,NHS HUMBER AND NORTH YORKSHIRE ICB - 03F,51.0
recovery,2025-12-01,03H,NHS HUMBER AND NORTH YORKSHIRE ICB - 03H,44.0
recovery,2025-12-01,03K,NHS HUMBER AND NORTH YORKSHIRE ICB - 03K,49.0
recovery,2025-12-01,03L,NHS SOUTH YORKSHIRE ICB - 03L,49.0
recovery,2025-12-01,03N,NHS SOUTH YORKSHIRE ICB - 03N,51.0
recovery,2025-12-01,03Q,NHS HUMBER AND NORTH YORKSHIRE ICB - 03Q,53.0
recovery,2025-12-01,03R,NHS WEST YORKSHIRE ICB - 03R,49.0
recovery,2025-12-01,03W,"NHS LEICESTER, LEICESTERSHIRE AND RUTLAND ICB - 03W",48.0
recovery,2025-12-01,04C,"NHS LEICESTER, LEICESTERSHIRE AND RUTLAND ICB - 04C",35.0
recovery,2025-12-01,04V,"NHS LEICESTER, LEICESTERSHIRE AND RUTLAND ICB - 04V",41.0
recovery,2025-12-01,04Y,NHS STAFFORDSHIRE AND STOKE-ON-TRENT ICB - 04Y,47.0
recovery,2025-12-01,05D,NHS STAFFORDSHIRE AND STOKE-ON-TRENT ICB - 05D,51.0
recovery,2025-12-01,05G,NHS STAFFORDSHIRE AND STOKE-ON-TRENT ICB - 05G,52.0
recovery,2025-12-01,05Q,NHS STAFFORDSHIRE AND STOKE-ON-TRENT ICB - 05Q,46.0
recovery,2025-12-01,05V,NHS STAFFORDSHIRE AND STOKE-ON-TRENT ICB - 05V,54.0
recovery,2025-12-01,05W,NHS STAFFORDSHIRE AND STOKE-ON-TRENT ICB - 05W,50.0
recovery,2025-12-01,06H,NHS CAMBRIDGESHIRE AND PETERBOROUGH ICB - 06H,46.0
recovery,2025-12-01,06K,NHS HERTFORDSHIRE AND WEST ESSEX ICB - 06K,50.0
recovery,2025-12-01,06L,NHS SUFFOLK AND NORTH EAST ESSEX ICB - 06L,53.0
recovery,2025-12-01,06N,NHS HERTFORDSHIRE AND WEST ESSEX ICB - 06N,43.0
recovery,2025-12-01,06Q,NHS MID AND SOUTH ESSEX ICB - 06Q,52.0
recovery,2025-12-01,06T,NHS SUFFOLK AND NORTH EAST ESSEX ICB - 06T,52.0
recovery,2025-12-01,07G,NHS MID AND SOUTH ESSEX ICB - 07G,65.0
recovery,2025-12-01,07H,NHS HERTFORDSHIRE AND WEST ESSEX ICB - 07H,63.0
recovery,2025-12-01,07K,NHS SUFFOLK AND NORTH EAST ESSEX ICB - 07K,54.0
recovery,2025-12-01,09D,NHS SUSSEX ICB - 09D,49.0
recovery,2025-12-01,10Q,"NHS BUCKINGHAMSHIRE, OXFORDSHIRE AND BERKSHIRE WEST ICB - 10Q",51.0
recovery,2025-12-01,10R,NHS HAMPSHIRE AND ISLE OF WIGHT ICB - 10R,45.0
recovery,2025-12-01,11J,NHS DORSET ICB - 11J,46.0
recovery,2025-12-01,11M,NHS GLOUCESTERSHIRE ICB - 11M,55.0
recovery,2025-12-01,11N,NHS CORNWALL AND THE ISLES OF SCILLY ICB - 11N,56.0
recovery,2025-12-01,11X,NHS SOMERSET ICB - 11X,50.0
recovery,2025-12-01,12F,NHS CHESHIRE AND MERSEYSIDE ICB - 12F,43.0
recovery,2025-12-01,13T,NHS NORTH EAST AND NORTH CUMBRIA ICB - 13T,50.0
recovery,2025-12-01,14L,NHS GREATER MANCHESTER ICB - 14L,44.0
recovery,2025-12-01,14Y,"NHS BUCKINGHAMSHIRE, OXFORDSHIRE AND BERKSHIRE WEST ICB - 14Y",51.0
recovery,2025-12-01,15A,"NHS BUCKINGHAMSHIRE, OXFORDSHIRE AND BERKSHIRE WEST ICB - 15A",50.0
recovery,2025-12-01,15C,"NHS BRISTOL, NORTH SOMERSET AND SOUTH GLOUCESTERSHIRE ICB - 15C",55.0
recovery,2025-12-01,15E,NHS BIRMINGHAM AND SOLIHULL ICB - 15E,50.0
recovery,2025-12-01,15F,NHS WEST YORKSHIRE ICB - 15F,57.0
recovery,2025-12-01,15M,NHS DERBY AND DERBYSHIRE ICB - 15M,51.0
recovery,2025-12-01,15N,NHS DEVON ICB - 15N,51.0
recovery,2025-12-01,16C,NHS NORTH EAST AND NORTH CUMBRIA ICB - 16C,49.0
recovery,2025-12-01,18C,NHS HEREFORDSHIRE AND WORCESTERSHIRE ICB - 18C,50.0
recovery,2025-12-01,26A,NHS NORFOLK AND WAVENEY ICB - 26A,50.0
recovery,2025-12-01,27D,NHS CHESHIRE AND MERSEYSIDE ICB - 27D,53.0
recovery,2025-12-01,36J,NHS WEST YORKSHIRE ICB - 36J,49.0
recovery,2025-12-01,36L,NHS SOUTH WEST LONDON ICB - 36L,49.0
recovery,2025-12-01,42D,NHS HUMBER AND NORTH YORKSHIRE ICB - 42D,55.0
recovery,2025-12-01,52R,NHS NOTTINGHAM AND NOTTINGHAMSHIRE ICB - 52R,46.0
recovery,2025-12-01,70F,NHS SUSSEX ICB - 70F,49.0
recovery,2025-12-01,72Q,NHS SOUTH EAST LONDON ICB - 72Q,50.0
recovery,2025-12-01,78H,NHS NORTHAMPTONSHIRE ICB - 78H,56.0
recovery,2025-12-01,84H,NHS NORTH EAST AND NORTH CUMBRIA ICB - 84H,51.0
recovery,2025-12-01,91Q,NHS KENT AND MEDWAY ICB - 91Q,47.0
recovery,2025-12-01,92A,NHS SURREY HEARTLANDS ICB - 92A,51.0
recovery,2025-12-01,92G,"NHS BATH AND NORTH EAST SOMERSET, SWINDON AND WILTSHIRE ICB - 92G",50.0
recovery,2025-12-01,93C,NHS NORTH CENTRAL LONDON ICB - 93C,44.0
recovery,2025-12-01,97R,NHS SUSSEX ICB - 97R,48.0
recovery,2025-12-01,99A,NHS CHESHIRE AND MERSEYSIDE ICB - 99A,50.0
recovery,2025-12-01,99C,NHS NORTH EAST AND NORTH CUMBRIA ICB - 99C,49.0
recovery,2025-12-01,99E,NHS MID AND SOUTH ESSEX ICB - 99E,61.0
recovery,2025-12-01,99F,NHS MID AND SOUTH ESSEX ICB - 99F,52.0
recovery,2025-12-01,99G,NHS MID AND SOUTH ESSEX ICB - 99G,53.0
recovery,2025-12-01,A3A8R,NHS NORTH EAST LONDON ICB - A3A8R,40.0
recovery,2025-12-01,B2M3M,NHS COVENTRY AND WARWICKSHIRE ICB - B2M3M,51.0
recovery,2025-12-01,D2P2L,NHS BLACK COUNTRY ICB - D2P2L,45.0
recovery,2025-12-01,D4U1Y,NHS FRIMLEY ICB - D4U1Y,47.0
recovery,2025-12-01,D9Y0V,NHS HAMPSHIRE AND ISLE OF WIGHT ICB - D9Y0V,45.0
recovery,2025-12-01,InvalidCode,Unknown,47.0
recovery,2025-12-01,M1J4Y,"NHS BEDFORDSHIRE, LUTON AND MILTON KEYNES ICB - M1J4Y",44.0
recovery,2025-12-01,M2L0M,"NHS SHROPSHIRE, TELFORD AND WREKIN ICB - M2L0M",48.0
recovery,2025-12-01,W2U3Z,NHS NORTH WEST LONDON ICB - W2U3Z,49.0
recovery,2025-12-01,X2C4Y,NHS WEST YORKSHIRE ICB - X2C4Y,55.0
recovery,2026-01-01,00L,NHS NORTH EAST AND NORTH CUMBRIA ICB - 00L,51.0
recovery,2026-01-01,00N,NHS NORTH EAST AND NORTH CUMBRIA ICB - 00N,51.0
recovery,2026-01-01,00P,NHS NORTH EAST AND NORTH CUMBRIA ICB - 00P,49.0
recovery,2026-01-01,00Q,NHS LANCASHIRE AND SOUTH CUMBRIA ICB - 00Q,34.0
recovery,2026-01-01,00R,NHS LANCASHIRE AND SOUTH CUMBRIA ICB - 00R,44.0
recovery,2026-01-01,00T,NHS GREATER MANCHESTER ICB - 00T,47.0
recovery,2026-01-01,00V,NHS GREATER MANCHESTER ICB - 00V,48.0
recovery,2026-01-01,00X,NHS LANCASHIRE AND SOUTH CUMBRIA ICB - 00X,45.0
recovery,2026-01-01,00Y,NHS GREATER MANCHESTER ICB - 00Y,43.0
recovery,2026-01-01,01A,NHS LANCASHIRE AND SOUTH CUMBRIA ICB - 01A,46.0
recovery,2026-01-01,01D,NHS GREATER MANCHESTER ICB - 01D,46.0
recovery,2026-01-01,01E,NHS LANCASHIRE AND SOUTH CUMBRIA ICB - 01E,50.0
recovery,2026-01-01,01F,NHS CHESHIRE AND MERSEYSIDE ICB - 01F,52.0
recovery,2026-01-01,01G,NHS GREATER MANCHESTER ICB - 01G,37.0
recovery,2026-01-01,01H,NHS NORTH EAST AND NORTH CUMBRIA ICB - 01H,45.0
recovery,2026-01-01,01J,NHS CHESHIRE AND MERSEYSIDE ICB - 01J,52.0
recovery,2026-01-01,01K,NHS LANCASHIRE AND SOUTH CUMBRIA ICB - 01K,47.0
recovery,2026-01-01,01T,NHS CHESHIRE AND MERSEYSIDE ICB - 01T,30.0
recovery,2026-01-01,01V,NHS CHESHIRE AND MERSEYSIDE ICB - 01V,41.0
recovery,2026-01-01,01W,NHS GREATER MANCHESTER ICB - 01W,54.0
recovery,2026-01-01,01X,NHS CHESHIRE AND MERSEYSIDE ICB - 01X,51.0
recovery,2026-01-01,01Y,NHS GREATER MANCHESTER ICB - 01Y,49.0
recovery,2026-01-01,02A,NHS GREATER MANCHESTER ICB - 02A,59.0
recovery,2026-01-01,02E,NHS CHESHIRE AND MERSEYSIDE ICB - 02E,54.0
recovery,2026-01-01,02G,NHS LANCASHIRE AND SOUTH CUMBRIA ICB - 02G,49.0
recovery,2026-01-01,02H,NHS GREATER MANCHESTER ICB - 02H,46.0
recovery,2026-01-01,02M,NHS LANCASHIRE AND SOUTH CUMBRIA ICB - 02M,51.0
recovery,2026-01-01,02P,NHS SOUTH YORKSHIRE ICB - 02P,52.0
recovery,2026-01-01,02Q,NHS NOTTINGHAM AND NOTTINGHAMSHIRE ICB - 02Q,53.0
recovery,2026-01-01,02T,NHS WEST YORKSHIRE ICB - 02T,54.0
recovery,2026-01-01,02X,NHS SOUTH YORKSHIRE ICB - 02X,54.0
recovery,2026-01-01,02Y,NHS HUMBER AND NORTH YORKSHIRE ICB - 02Y,58.0
recovery,2026-01-01,03F,NHS HUMBER AND NORTH YORKSHIRE ICB - 03F,55.0
recovery,2026-01-01,03H,NHS HUMBER AND NORTH YORKSHIRE ICB - 03H,44.0
recovery,2026-01-01,03K,NHS HUMBER AND NORTH YORKSHIRE ICB - 03K,47.0
recovery,2026-01-01,03L,NHS SOUTH YORKSHIRE ICB - 03L,51.0
recovery,2026-01-01,03N,NHS SOUTH YORKSHIRE ICB - 03N,51.0
recovery,2026-01-01,03Q,NHS HUMBER AND NORTH YORKSHIRE ICB - 03Q,50.0
recovery,2026-01-01,03R,NHS WEST YORKSHIRE ICB - 03R,49.0
recovery,2026-01-01,03W,"NHS LEICESTER, LEICESTERSHIRE AND RUTLAND ICB - 03W",51.0
recovery,2026-01-01,04C,"NHS LEICESTER, LEICESTERSHIRE AND RUTLAND ICB - 04C",46.0
recovery,2026-01-01,04V,"NHS LEICESTER, LEICESTERSHIRE AND RUTLAND ICB - 04V",46.0
recovery,2026-01-01,04Y,NHS STAFFORDSHIRE AND STOKE-ON-TRENT ICB - 04Y,44.0
recovery,2026-01-01,05D,NHS STAFFORDSHIRE AND STOKE-ON-TRENT ICB - 05D,42.0
recovery,2026-01-01,05G,NHS STAFFORDSHIRE AND STOKE-ON-TRENT ICB - 05G,50.0
recovery,2026-01-01,05Q,NHS STAFFORDSHIRE AND STOKE-ON-TRENT ICB - 05Q,49.0
recovery,2026-01-01,05V,NHS STAFFORDSHIRE AND STOKE-ON-TRENT ICB - 05V,49.0
recovery,2026-01-01,05W,NHS STAFFORDSHIRE AND STOKE-ON-TRENT ICB - 05W,53.0
recovery,2026-01-01,06H,NHS CAMBRIDGESHIRE AND PETERBOROUGH ICB - 06H,46.0
recovery,2026-01-01,06K,NHS HERTFORDSHIRE AND WEST ESSEX ICB - 06K,50.0
recovery,2026-01-01,06L,NHS SUFFOLK AND NORTH EAST ESSEX ICB - 06L,54.0
recovery,2026-01-01,06N,NHS HERTFORDSHIRE AND WEST ESSEX ICB - 06N,46.0
recovery,2026-01-01,06Q,NHS MID AND SOUTH ESSEX ICB - 06Q,52.0
recovery,2026-01-01,06T,NHS SUFFOLK AND NORTH EAST ESSEX ICB - 06T,54.0
recovery,2026-01-01,07G,NHS MID AND SOUTH ESSEX ICB - 07G,59.0
recovery,2026-01-01,07H,NHS HERTFORDSHIRE AND WEST ESSEX ICB - 07H,56.0
recovery,2026-01-01,07K,NHS SUFFOLK AND NORTH EAST ESSEX ICB - 07K,55.0
recovery,2026-01-01,09D,NHS SUSSEX ICB - 09D,44.0
recovery,2026-01-01,10Q,"NHS BUCKINGHAMSHIRE, OXFORDSHIRE AND BERKSHIRE WEST ICB - 10Q",51.0
recovery,2026-01-01,10R,NHS HAMPSHIRE AND ISLE OF WIGHT ICB - 10R,52.0
recovery,2026-01-01,11J,NHS DORSET ICB - 11J,43.0
recovery,2026-01-01,11M,NHS GLOUCESTERSHIRE ICB - 11M,54.0
recovery,2026-01-01,11N,NHS CORNWALL AND THE ISLES OF SCILLY ICB - 11N,43.0
recovery,2026-01-01,11X,NHS SOMERSET ICB - 11X,50.0
recovery,2026-01-01,12F,NHS CHESHIRE AND MERSEYSIDE ICB - 12F,47.0
recovery,2026-01-01,13Q,NATIONAL COMMISSIONING HUB 1,56.0
recovery,2026-01-01,13T,NHS NORTH EAST AND NORTH CUMBRIA ICB - 13T,51.0
recovery,2026-01-01,14L,NHS GREATER MANCHESTER ICB - 14L,46.0
recovery,2026-01-01,14R,EAST OF ENGLAND - H&J COMMISSIONING HUB,58.0
recovery,2026-01-01,14Y,"NHS BUCKINGHAMSHIRE, OXFORDSHIRE AND BERKSHIRE WEST ICB - 14Y",56.0
recovery,2026-01-01,15A,"NHS BUCKINGHAMSHIRE, OXFORDSHIRE AND BERKSHIRE WEST ICB - 15A",53.0
recovery,2026-01-01,15C,"NHS BRISTOL, NORTH SOMERSET AND SOUTH GLOUCESTERSHIRE ICB - 15C",58.0
recovery,2026-01-01,15E,NHS BIRMINGHAM AND SOLIHULL ICB - 15E,49.0
recovery,2026-01-01,15F,NHS WEST YORKSHIRE ICB - 15F,45.0
recovery,2026-01-01,15M,NHS DERBY AND DERBYSHIRE ICB - 15M,50.0
recovery,2026-01-01,15N,NHS DEVON ICB - 15N,54.0
recovery,2026-01-01,16C,NHS NORTH EAST AND NORTH CUMBRIA ICB - 16C,49.0
recovery,2026-01-01,18C,NHS HEREFORDSHIRE AND WORCESTERSHIRE ICB - 18C,47.0
recovery,2026-01-01,26A,NHS NORFOLK AND WAVENEY ICB - 26A,52.0
recovery,2026-01-01,27D,NHS CHESHIRE AND MERSEYSIDE ICB - 27D,53.0
recovery,2026-01-01,36J,NHS WEST YORKSHIRE ICB - 36J,52.0
recovery,2026-01-01,36L,NHS SOUTH WEST LONDON ICB - 36L,50.0
recovery,2026-01-01,42D,NHS HUMBER AND NORTH YORKSHIRE ICB - 42D,56.0
recovery,2026-01-01,52R,NHS NOTTINGHAM AND NOTTINGHAMSHIRE ICB - 52R,54.0
recovery,2026-01-01,70F,NHS SUSSEX ICB - 70F,52.0
recovery,2026-01-01,71E,NHS LINCOLNSHIRE ICB - 71E,51.0
recovery,2026-01-01,72Q,NHS SOUTH EAST LONDON ICB - 72Q,47.0
recovery,2026-01-01,78H,NHS NORTHAMPTONSHIRE ICB - 78H,53.0
recovery,2026-01-01,84H,NHS NORTH EAST AND NORTH CUMBRIA ICB - 84H,51.0
recovery,2026-01-01,91Q,NHS KENT AND MEDWAY ICB - 91Q,48.0
recovery,2026-01-01,92A,NHS SURREY HEARTLANDS ICB - 92A,50.0
recovery,2026-01-01,92G,"NHS BATH AND NORTH EAST SOMERSET, SWINDON AND WILTSHIRE ICB - 92G",49.0
recovery,2026-01-01,93C,NHS NORTH CENTRAL LONDON ICB - 93C,47.0
recovery,2026-01-01,97R,NHS SUSSEX ICB - 97R,49.0
recovery,2026-01-01,99A,NHS CHESHIRE AND MERSEYSIDE ICB - 99A,49.0
recovery,2026-01-01,99C,NHS NORTH EAST AND NORTH CUMBRIA ICB - 99C,52.0
recovery,2026-01-01,99E,NHS MID AND SOUTH ESSEX ICB - 99E,60.0
recovery,2026-01-01,99F,NHS MID AND SOUTH ESSEX ICB - 99F,53.0
recovery,2026-01-01,99G,NHS MID AND SOUTH ESSEX ICB - 99G,53.0
recovery,2026-01-01,A3A8R,NHS NORTH EAST LONDON ICB - A3A8R,52.0
recovery,2026-01-01,B2M3M,NHS COVENTRY AND WARWICKSHIRE ICB - B2M3M,51.0
recovery,2026-01-01,D2P2L,NHS BLACK COUNTRY ICB - D2P2L,45.0
recovery,2026-01-01,D4U1Y,NHS FRIMLEY ICB - D4U1Y,51.0
recovery,2026-01-01,D9Y0V,NHS HAMPSHIRE AND ISLE OF WIGHT ICB - D9Y0V,46.0
recovery,2026-01-01,InvalidCode,Unknown,57.0
recovery,2026-01-01,M1J4Y,"NHS BEDFORDSHIRE, LUTON AND MILTON KEYNES ICB - M1J4Y",47.0
recovery,2026-01-01,M2L0M,"NHS SHROPSHIRE, TELFORD AND WREKIN ICB - M2L0M",52.0
recovery,2026-01-01,W2U3Z,NHS NORTH WEST LONDON ICB - W2U3Z,48.0
recovery,2026-01-01,X2C4Y,NHS WEST YORKSHIRE ICB - X2C4Y,51.0
recovery,2026-02-01,00L,NHS NORTH EAST AND NORTH CUMBRIA ICB - 00L,53.0
recovery,2026-02-01,00N,NHS NORTH EAST AND NORTH CUMBRIA ICB - 00N,49.0
recovery,2026-02-01,00P,NHS NORTH EAST AND NORTH CUMBRIA ICB - 00P,43.0
recovery,2026-02-01,00Q,NHS LANCASHIRE AND SOUTH CUMBRIA ICB - 00Q,44.0
recovery,2026-02-01,00R,NHS LANCASHIRE AND SOUTH CUMBRIA ICB - 00R,46.0
recovery,2026-02-01,00T,NHS GREATER MANCHESTER ICB - 00T,50.0
recovery,2026-02-01,00V,NHS GREATER MANCHESTER ICB - 00V,51.0
recovery,2026-02-01,00X,NHS LANCASHIRE AND SOUTH CUMBRIA ICB - 00X,48.0
recovery,2026-02-01,00Y,NHS GREATER MANCHESTER ICB - 00Y,40.0
recovery,2026-02-01,01A,NHS LANCASHIRE AND SOUTH CUMBRIA ICB - 01A,41.0
recovery,2026-02-01,01D,NHS GREATER MANCHESTER ICB - 01D,36.0
recovery,2026-02-01,01E,NHS LANCASHIRE AND SOUTH CUMBRIA ICB - 01E,41.0
recovery,2026-02-01,01F,NHS CHESHIRE AND MERSEYSIDE ICB - 01F,53.0
recovery,2026-02-01,01G,NHS GREATER MANCHESTER ICB - 01G,29.0
recovery,2026-02-01,01H,NHS NORTH EAST AND NORTH CUMBRIA ICB - 01H,47.0
recovery,2026-02-01,01J,NHS CHESHIRE AND MERSEYSIDE ICB - 01J,53.0
recovery,2026-02-01,01K,NHS LANCASHIRE AND SOUTH CUMBRIA ICB - 01K,46.0
recovery,2026-02-01,01T,NHS CHESHIRE AND MERSEYSIDE ICB - 01T,29.0
recovery,2026-02-01,01V,NHS CHESHIRE AND MERSEYSIDE ICB - 01V,33.0
recovery,2026-02-01,01W,NHS GREATER MANCHESTER ICB - 01W,52.0
recovery,2026-02-01,01X,NHS CHESHIRE AND MERSEYSIDE ICB - 01X,52.0
recovery,2026-02-01,01Y,NHS GREATER MANCHESTER ICB - 01Y,42.0
recovery,2026-02-01,02A,NHS GREATER MANCHESTER ICB - 02A,61.0
recovery,2026-02-01,02E,NHS CHESHIRE AND MERSEYSIDE ICB - 02E,53.0
recovery,2026-02-01,02G,NHS LANCASHIRE AND SOUTH CUMBRIA ICB - 02G,46.0
recovery,2026-02-01,02H,NHS GREATER MANCHESTER ICB - 02H,55.0
recovery,2026-02-01,02M,NHS LANCASHIRE AND SOUTH CUMBRIA ICB - 02M,54.0
recovery,2026-02-01,02P,NHS SOUTH YORKSHIRE ICB - 02P,48.0
recovery,2026-02-01,02Q,NHS NOTTINGHAM AND NOTTINGHAMSHIRE ICB - 02Q,46.0
recovery,2026-02-01,02T,NHS WEST YORKSHIRE ICB - 02T,50.0
recovery,2026-02-01,02X,NHS SOUTH YORKSHIRE ICB - 02X,47.0
recovery,2026-02-01,02Y,NHS HUMBER AND NORTH YORKSHIRE ICB - 02Y,60.0
recovery,2026-02-01,03F,NHS HUMBER AND NORTH YORKSHIRE ICB - 03F,55.0
recovery,2026-02-01,03H,NHS HUMBER AND NORTH YORKSHIRE ICB - 03H,44.0
recovery,2026-02-01,03K,NHS HUMBER AND NORTH YORKSHIRE ICB - 03K,59.0
recovery,2026-02-01,03L,NHS SOUTH YORKSHIRE ICB - 03L,50.0
recovery,2026-02-01,03N,NHS SOUTH YORKSHIRE ICB - 03N,51.0
recovery,2026-02-01,03Q,NHS HUMBER AND NORTH YORKSHIRE ICB - 03Q,52.0
recovery,2026-02-01,03R,NHS WEST YORKSHIRE ICB - 03R,48.0
recovery,2026-02-01,03W,"NHS LEICESTER, LEICESTERSHIRE AND RUTLAND ICB - 03W",49.0
recovery,2026-02-01,04C,"NHS LEICESTER, LEICESTERSHIRE AND RUTLAND ICB - 04C",45.0
recovery,2026-02-01,04V,"NHS LEICESTER, LEICESTERSHIRE AND RUTLAND ICB - 04V",53.0
recovery,2026-02-01,04Y,NHS STAFFORDSHIRE AND STOKE-ON-TRENT ICB - 04Y,47.0
recovery,2026-02-01,05D,NHS STAFFORDSHIRE AND STOKE-ON-TRENT ICB - 05D,54.0
recovery,2026-02-01,05G,NHS STAFFORDSHIRE AND STOKE-ON-TRENT ICB - 05G,51.0
recovery,2026-02-01,05Q,NHS STAFFORDSHIRE AND STOKE-ON-TRENT ICB - 05Q,53.0
recovery,2026-02-01,05V,NHS STAFFORDSHIRE AND STOKE-ON-TRENT ICB - 05V,42.0
recovery,2026-02-01,05W,NHS STAFFORDSHIRE AND STOKE-ON-TRENT ICB - 05W,52.0
recovery,2026-02-01,06H,NHS CAMBRIDGESHIRE AND PETERBOROUGH ICB - 06H,50.0
recovery,2026-02-01,06K,NHS HERTFORDSHIRE AND WEST ESSEX ICB - 06K,51.0
recovery,2026-02-01,06L,NHS SUFFOLK AND NORTH EAST ESSEX ICB - 06L,53.0
recovery,2026-02-01,06N,NHS HERTFORDSHIRE AND WEST ESSEX ICB - 06N,49.0
recovery,2026-02-01,06Q,NHS MID AND SOUTH ESSEX ICB - 06Q,47.0
recovery,2026-02-01,06T,NHS SUFFOLK AND NORTH EAST ESSEX ICB - 06T,54.0
recovery,2026-02-01,07G,NHS MID AND SOUTH ESSEX ICB - 07G,62.0
recovery,2026-02-01,07H,NHS HERTFORDSHIRE AND WEST ESSEX ICB - 07H,60.0
recovery,2026-02-01,07K,NHS SUFFOLK AND NORTH EAST ESSEX ICB - 07K,54.0
recovery,2026-02-01,09D,NHS SUSSEX ICB - 09D,46.0
recovery,2026-02-01,10Q,"NHS BUCKINGHAMSHIRE, OXFORDSHIRE AND BERKSHIRE WEST ICB - 10Q",51.0
recovery,2026-02-01,10R,NHS HAMPSHIRE AND ISLE OF WIGHT ICB - 10R,51.0
recovery,2026-02-01,11J,NHS DORSET ICB - 11J,43.0
recovery,2026-02-01,11M,NHS GLOUCESTERSHIRE ICB - 11M,52.0
recovery,2026-02-01,11N,NHS CORNWALL AND THE ISLES OF SCILLY ICB - 11N,55.0
recovery,2026-02-01,11X,NHS SOMERSET ICB - 11X,48.0
recovery,2026-02-01,12F,NHS CHESHIRE AND MERSEYSIDE ICB - 12F,46.0
recovery,2026-02-01,13Q,NATIONAL COMMISSIONING HUB 1,57.0
recovery,2026-02-01,13T,NHS NORTH EAST AND NORTH CUMBRIA ICB - 13T,49.0
recovery,2026-02-01,14L,NHS GREATER MANCHESTER ICB - 14L,45.0
recovery,2026-02-01,14Y,"NHS BUCKINGHAMSHIRE, OXFORDSHIRE AND BERKSHIRE WEST ICB - 14Y",48.0
recovery,2026-02-01,15A,"NHS BUCKINGHAMSHIRE, OXFORDSHIRE AND BERKSHIRE WEST ICB - 15A",52.0
recovery,2026-02-01,15C,"NHS BRISTOL, NORTH SOMERSET AND SOUTH GLOUCESTERSHIRE ICB - 15C",52.0
recovery,2026-02-01,15E,NHS BIRMINGHAM AND SOLIHULL ICB - 15E,50.0
recovery,2026-02-01,15F,NHS WEST YORKSHIRE ICB - 15F,54.0
recovery,2026-02-01,15M,NHS DERBY AND DERBYSHIRE ICB - 15M,53.0
recovery,2026-02-01,15N,NHS DEVON ICB - 15N,50.0
recovery,2026-02-01,16C,NHS NORTH EAST AND NORTH CUMBRIA ICB - 16C,50.0
recovery,2026-02-01,18C,NHS HEREFORDSHIRE AND WORCESTERSHIRE ICB - 18C,50.0
recovery,2026-02-01,26A,NHS NORFOLK AND WAVENEY ICB - 26A,51.0
recovery,2026-02-01,27D,NHS CHESHIRE AND MERSEYSIDE ICB - 27D,55.0
recovery,2026-02-01,36J,NHS WEST YORKSHIRE ICB - 36J,51.0
recovery,2026-02-01,36L,NHS SOUTH WEST LONDON ICB - 36L,50.0
recovery,2026-02-01,42D,NHS HUMBER AND NORTH YORKSHIRE ICB - 42D,55.0
recovery,2026-02-01,52R,NHS NOTTINGHAM AND NOTTINGHAMSHIRE ICB - 52R,54.0
recovery,2026-02-01,70F,NHS SUSSEX ICB - 70F,52.0
recovery,2026-02-01,71E,NHS LINCOLNSHIRE ICB - 71E,54.0
recovery,2026-02-01,72Q,NHS SOUTH EAST LONDON ICB - 72Q,49.0
recovery,2026-02-01,78H,NHS NORTHAMPTONSHIRE ICB - 78H,54.0
recovery,2026-02-01,84H,NHS NORTH EAST AND NORTH CUMBRIA ICB - 84H,43.0
recovery,2026-02-01,91Q,NHS KENT AND MEDWAY ICB - 91Q,51.0
recovery,2026-02-01,92A,NHS SURREY HEARTLANDS ICB - 92A,52.0
recovery,2026-02-01,92G,"NHS BATH AND NORTH EAST SOMERSET, SWINDON AND WILTSHIRE ICB - 92G",49.0
recovery,2026-02-01,93C,NHS NORTH CENTRAL LONDON ICB - 93C,49.0
recovery,2026-02-01,97R,NHS SUSSEX ICB - 97R,44.0
recovery,2026-02-01,99A,NHS CHESHIRE AND MERSEYSIDE ICB - 99A,49.0
recovery,2026-02-01,99C,NHS NORTH EAST AND NORTH CUMBRIA ICB - 99C,53.0
recovery,2026-02-01,99E,NHS MID AND SOUTH ESSEX ICB - 99E,60.0
recovery,2026-02-01,99F,NHS MID AND SOUTH ESSEX ICB - 99F,54.0
recovery,2026-02-01,99G,NHS MID AND SOUTH ESSEX ICB - 99G,53.0
recovery,2026-02-01,A3A8R,NHS NORTH EAST LONDON ICB - A3A8R,52.0
recovery,2026-02-01,B2M3M,NHS COVENTRY AND WARWICKSHIRE ICB - B2M3M,49.0
recovery,2026-02-01,D2P2L,NHS BLACK COUNTRY ICB - D2P2L,46.0
recovery,2026-02-01,D4U1Y,NHS FRIMLEY ICB - D4U1Y,48.0
recovery,2026-02-01,D9Y0V,NHS HAMPSHIRE AND ISLE OF WIGHT ICB - D9Y0V,48.0
recovery,2026-02-01,InvalidCode,Unknown,61.0
recovery,2026-02-01,M1J4Y,"NHS BEDFORDSHIRE, LUTON AND MILTON KEYNES ICB - M1J4Y",50.0
recovery,2026-02-01,M2L0M,"NHS SHROPSHIRE, TELFORD AND WREKIN ICB - M2L0M",53.0
recovery,2026-02-01,W2U3Z,NHS NORTH WEST LONDON ICB - W2U3Z,48.0
recovery,2026-02-01,X2C4Y,NHS WEST YORKSHIRE ICB - X2C4Y,52.0
recovery,2026-03-01,00L,NHS NORTH EAST AND NORTH CUMBRIA ICB - 00L,56.0
recovery,2026-03-01,00N,NHS NORTH EAST AND NORTH CUMBRIA ICB - 00N,51.0
recovery,2026-03-01,00P,NHS NORTH EAST AND NORTH CUMBRIA ICB - 00P,50.0
recovery,2026-03-01,00Q,NHS LANCASHIRE AND SOUTH CUMBRIA ICB - 00Q,53.0
recovery,2026-03-01,00R,NHS LANCASHIRE AND SOUTH CUMBRIA ICB - 00R,46.0
recovery,2026-03-01,00T,NHS GREATER MANCHESTER ICB - 00T,47.0
recovery,2026-03-01,00V,NHS GREATER MANCHESTER ICB - 00V,59.0
recovery,2026-03-01,00X,NHS LANCASHIRE AND SOUTH CUMBRIA ICB - 00X,40.0
recovery,2026-03-01,00Y,NHS GREATER MANCHESTER ICB - 00Y,41.0
recovery,2026-03-01,01A,NHS LANCASHIRE AND SOUTH CUMBRIA ICB - 01A,47.0
recovery,2026-03-01,01D,NHS GREATER MANCHESTER ICB - 01D,46.0
recovery,2026-03-01,01E,NHS LANCASHIRE AND SOUTH CUMBRIA ICB - 01E,50.0
recovery,2026-03-01,01F,NHS CHESHIRE AND MERSEYSIDE ICB - 01F,52.0
recovery,2026-03-01,01G,NHS GREATER MANCHESTER ICB - 01G,40.0
recovery,2026-03-01,01H,NHS NORTH EAST AND NORTH CUMBRIA ICB - 01H,48.0
recovery,2026-03-01,01J,NHS CHESHIRE AND MERSEYSIDE ICB - 01J,53.0
recovery,2026-03-01,01K,NHS LANCASHIRE AND SOUTH CUMBRIA ICB - 01K,40.0
recovery,2026-03-01,01T,NHS CHESHIRE AND MERSEYSIDE ICB - 01T,45.0
recovery,2026-03-01,01V,NHS CHESHIRE AND MERSEYSIDE ICB - 01V,51.0
recovery,2026-03-01,01W,NHS GREATER MANCHESTER ICB - 01W,49.0
recovery,2026-03-01,01X,NHS CHESHIRE AND MERSEYSIDE ICB - 01X,47.0
recovery,2026-03-01,01Y,NHS GREATER MANCHESTER ICB - 01Y,51.0
recovery,2026-03-01,02A,NHS GREATER MANCHESTER ICB - 02A,54.0
recovery,2026-03-01,02E,NHS CHESHIRE AND MERSEYSIDE ICB - 02E,51.0
recovery,2026-03-01,02G,NHS LANCASHIRE AND SOUTH CUMBRIA ICB - 02G,51.0
recovery,2026-03-01,02H,NHS GREATER MANCHESTER ICB - 02H,44.0
recovery,2026-03-01,02M,NHS LANCASHIRE AND SOUTH CUMBRIA ICB - 02M,47.0
recovery,2026-03-01,02P,NHS SOUTH YORKSHIRE ICB - 02P,51.0
recovery,2026-03-01,02Q,NHS NOTTINGHAM AND NOTTINGHAMSHIRE ICB - 02Q,65.0
recovery,2026-03-01,02T,NHS WEST YORKSHIRE ICB - 02T,52.0
recovery,2026-03-01,02X,NHS SOUTH YORKSHIRE ICB - 02X,45.0
recovery,2026-03-01,02Y,NHS HUMBER AND NORTH YORKSHIRE ICB - 02Y,65.0
recovery,2026-03-01,03F,NHS HUMBER AND NORTH YORKSHIRE ICB - 03F,54.0
recovery,2026-03-01,03H,NHS HUMBER AND NORTH YORKSHIRE ICB - 03H,42.0
recovery,2026-03-01,03K,NHS HUMBER AND NORTH YORKSHIRE ICB - 03K,50.0
recovery,2026-03-01,03L,NHS SOUTH YORKSHIRE ICB - 03L,49.0
recovery,2026-03-01,03N,NHS SOUTH YORKSHIRE ICB - 03N,52.0
recovery,2026-03-01,03Q,NHS HUMBER AND NORTH YORKSHIRE ICB - 03Q,51.0
recovery,2026-03-01,03R,NHS WEST YORKSHIRE ICB - 03R,45.0
recovery,2026-03-01,03W,"NHS LEICESTER, LEICESTERSHIRE AND RUTLAND ICB - 03W",57.0
recovery,2026-03-01,04C,"NHS LEICESTER, LEICESTERSHIRE AND RUTLAND ICB - 04C",43.0
recovery,2026-03-01,04V,"NHS LEICESTER, LEICESTERSHIRE AND RUTLAND ICB - 04V",52.0
recovery,2026-03-01,04Y,NHS STAFFORDSHIRE AND STOKE-ON-TRENT ICB - 04Y,44.0
recovery,2026-03-01,05D,NHS STAFFORDSHIRE AND STOKE-ON-TRENT ICB - 05D,55.0
recovery,2026-03-01,05G,NHS STAFFORDSHIRE AND STOKE-ON-TRENT ICB - 05G,50.0
recovery,2026-03-01,05Q,NHS STAFFORDSHIRE AND STOKE-ON-TRENT ICB - 05Q,53.0
recovery,2026-03-01,05V,NHS STAFFORDSHIRE AND STOKE-ON-TRENT ICB - 05V,54.0
recovery,2026-03-01,05W,NHS STAFFORDSHIRE AND STOKE-ON-TRENT ICB - 05W,55.0
recovery,2026-03-01,06H,NHS CAMBRIDGESHIRE AND PETERBOROUGH ICB - 06H,38.0
recovery,2026-03-01,06K,NHS HERTFORDSHIRE AND WEST ESSEX ICB - 06K,53.0
recovery,2026-03-01,06L,NHS SUFFOLK AND NORTH EAST ESSEX ICB - 06L,52.0
recovery,2026-03-01,06N,NHS HERTFORDSHIRE AND WEST ESSEX ICB - 06N,52.0
recovery,2026-03-01,06Q,NHS MID AND SOUTH ESSEX ICB - 06Q,56.0
recovery,2026-03-01,06T,NHS SUFFOLK AND NORTH EAST ESSEX ICB - 06T,55.0
recovery,2026-03-01,07G,NHS MID AND SOUTH ESSEX ICB - 07G,50.0
recovery,2026-03-01,07H,NHS HERTFORDSHIRE AND WEST ESSEX ICB - 07H,59.0
recovery,2026-03-01,07K,NHS SUFFOLK AND NORTH EAST ESSEX ICB - 07K,55.0
recovery,2026-03-01,09D,NHS SUSSEX ICB - 09D,49.0
recovery,2026-03-01,10Q,"NHS BUCKINGHAMSHIRE, OXFORDSHIRE AND BERKSHIRE WEST ICB - 10Q",55.0
recovery,2026-03-01,10R,NHS HAMPSHIRE AND ISLE OF WIGHT ICB - 10R,45.0
recovery,2026-03-01,11J,NHS DORSET ICB - 11J,47.0
recovery,2026-03-01,11M,NHS GLOUCESTERSHIRE ICB - 11M,55.0
recovery,2026-03-01,11N,NHS CORNWALL AND THE ISLES OF SCILLY ICB - 11N,55.0
recovery,2026-03-01,11X,NHS SOMERSET ICB - 11X,51.0
recovery,2026-03-01,12F,NHS CHESHIRE AND MERSEYSIDE ICB - 12F,45.0
recovery,2026-03-01,13Q,NATIONAL COMMISSIONING HUB 1,73.0
recovery,2026-03-01,13T,NHS NORTH EAST AND NORTH CUMBRIA ICB - 13T,50.0
recovery,2026-03-01,14L,NHS GREATER MANCHESTER ICB - 14L,43.0
recovery,2026-03-01,14R,EAST OF ENGLAND - H&J COMMISSIONING HUB,41.0
recovery,2026-03-01,14Y,"NHS BUCKINGHAMSHIRE, OXFORDSHIRE AND BERKSHIRE WEST ICB - 14Y",53.0
recovery,2026-03-01,15A,"NHS BUCKINGHAMSHIRE, OXFORDSHIRE AND BERKSHIRE WEST ICB - 15A",52.0
recovery,2026-03-01,15C,"NHS BRISTOL, NORTH SOMERSET AND SOUTH GLOUCESTERSHIRE ICB - 15C",59.0
recovery,2026-03-01,15E,NHS BIRMINGHAM AND SOLIHULL ICB - 15E,52.0
recovery,2026-03-01,15F,NHS WEST YORKSHIRE ICB - 15F,51.0
recovery,2026-03-01,15M,NHS DERBY AND DERBYSHIRE ICB - 15M,55.0
recovery,2026-03-01,15N,NHS DEVON ICB - 15N,53.0
recovery,2026-03-01,16C,NHS NORTH EAST AND NORTH CUMBRIA ICB - 16C,47.0
recovery,2026-03-01,18C,NHS HEREFORDSHIRE AND WORCESTERSHIRE ICB - 18C,51.0
recovery,2026-03-01,26A,NHS NORFOLK AND WAVENEY ICB - 26A,51.0
recovery,2026-03-01,27D,NHS CHESHIRE AND MERSEYSIDE ICB - 27D,51.0
recovery,2026-03-01,36J,NHS WEST YORKSHIRE ICB - 36J,51.0
recovery,2026-03-01,36L,NHS SOUTH WEST LONDON ICB - 36L,54.0
recovery,2026-03-01,42D,NHS HUMBER AND NORTH YORKSHIRE ICB - 42D,52.0
recovery,2026-03-01,52R,NHS NOTTINGHAM AND NOTTINGHAMSHIRE ICB - 52R,55.0
recovery,2026-03-01,70F,NHS SUSSEX ICB - 70F,48.0
recovery,2026-03-01,71E,NHS LINCOLNSHIRE ICB - 71E,53.0
recovery,2026-03-01,72Q,NHS SOUTH EAST LONDON ICB - 72Q,54.0
recovery,2026-03-01,78H,NHS NORTHAMPTONSHIRE ICB - 78H,54.0
recovery,2026-03-01,84H,NHS NORTH EAST AND NORTH CUMBRIA ICB - 84H,50.0
recovery,2026-03-01,91Q,NHS KENT AND MEDWAY ICB - 91Q,52.0
recovery,2026-03-01,92A,NHS SURREY HEARTLANDS ICB - 92A,51.0
recovery,2026-03-01,92G,"NHS BATH AND NORTH EAST SOMERSET, SWINDON AND WILTSHIRE ICB - 92G",53.0
recovery,2026-03-01,93C,NHS NORTH CENTRAL LONDON ICB - 93C,49.0
recovery,2026-03-01,97R,NHS SUSSEX ICB - 97R,51.0
recovery,2026-03-01,99A,NHS CHESHIRE AND MERSEYSIDE ICB - 99A,50.0
recovery,2026-03-01,99C,NHS NORTH EAST AND NORTH CUMBRIA ICB - 99C,52.0
recovery,2026-03-01,99E,NHS MID AND SOUTH ESSEX ICB - 99E,56.0
recovery,2026-03-01,99F,NHS MID AND SOUTH ESSEX ICB - 99F,54.0
recovery,2026-03-01,99G,NHS MID AND SOUTH ESSEX ICB - 99G,58.0
recovery,2026-03-01,A3A8R,NHS NORTH EAST LONDON ICB - A3A8R,52.0
recovery,2026-03-01,B2M3M,NHS COVENTRY AND WARWICKSHIRE ICB - B2M3M,52.0
recovery,2026-03-01,D2P2L,NHS BLACK COUNTRY ICB - D2P2L,44.0
recovery,2026-03-01,D4U1Y,NHS FRIMLEY ICB - D4U1Y,53.0
recovery,2026-03-01,D9Y0V,NHS HAMPSHIRE AND ISLE OF WIGHT ICB - D9Y0V,48.0
recovery,2026-03-01,InvalidCode,Unknown,49.0
recovery,2026-03-01,M1J4Y,"NHS BEDFORDSHIRE, LUTON AND MILTON KEYNES ICB - M1J4Y",49.0
recovery,2026-03-01,M2L0M,"NHS SHROPSHIRE, TELFORD AND WREKIN ICB - M2L0M",54.0
recovery,2026-03-01,W2U3Z,NHS NORTH WEST LONDON ICB - W2U3Z,50.0
recovery,2026-03-01,X2C4Y,NHS WEST YORKSHIRE ICB - X2C4Y,58.0
recovery,2026-04-01,00L,NHS NORTH EAST AND NORTH CUMBRIA ICB - 00L,54.0
recovery,2026-04-01,00N,NHS NORTH EAST AND NORTH CUMBRIA ICB - 00N,50.0
recovery,2026-04-01,00P,NHS NORTH EAST AND NORTH CUMBRIA ICB - 00P,48.0
recovery,2026-04-01,00Q,NHS LANCASHIRE AND SOUTH CUMBRIA ICB - 00Q,42.0
recovery,2026-04-01,00R,NHS LANCASHIRE AND SOUTH CUMBRIA ICB - 00R,46.0
recovery,2026-04-01,00T,NHS GREATER MANCHESTER ICB - 00T,50.0
recovery,2026-04-01,00V,NHS GREATER MANCHESTER ICB - 00V,52.0
recovery,2026-04-01,00X,NHS LANCASHIRE AND SOUTH CUMBRIA ICB - 00X,39.0
recovery,2026-04-01,00Y,NHS GREATER MANCHESTER ICB - 00Y,42.0
recovery,2026-04-01,01A,NHS LANCASHIRE AND SOUTH CUMBRIA ICB - 01A,43.0
recovery,2026-04-01,01D,NHS GREATER MANCHESTER ICB - 01D,46.0
recovery,2026-04-01,01E,NHS LANCASHIRE AND SOUTH CUMBRIA ICB - 01E,40.0
recovery,2026-04-01,01F,NHS CHESHIRE AND MERSEYSIDE ICB - 01F,54.0
recovery,2026-04-01,01G,NHS GREATER MANCHESTER ICB - 01G,39.0
recovery,2026-04-01,01H,NHS NORTH EAST AND NORTH CUMBRIA ICB - 01H,53.0
recovery,2026-04-01,01J,NHS CHESHIRE AND MERSEYSIDE ICB - 01J,54.0
recovery,2026-04-01,01K,NHS LANCASHIRE AND SOUTH CUMBRIA ICB - 01K,49.0
recovery,2026-04-01,01T,NHS CHESHIRE AND MERSEYSIDE ICB - 01T,42.0
recovery,2026-04-01,01V,NHS CHESHIRE AND MERSEYSIDE ICB - 01V,52.0
recovery,2026-04-01,01W,NHS GREATER MANCHESTER ICB - 01W,50.0
recovery,2026-04-01,01X,NHS CHESHIRE AND MERSEYSIDE ICB - 01X,56.0
recovery,2026-04-01,01Y,NHS GREATER MANCHESTER ICB - 01Y,53.0
recovery,2026-04-01,02A,NHS GREATER MANCHESTER ICB - 02A,61.0
recovery,2026-04-01,02E,NHS CHESHIRE AND MERSEYSIDE ICB - 02E,50.0
recovery,2026-04-01,02G,NHS LANCASHIRE AND SOUTH CUMBRIA ICB - 02G,44.0
recovery,2026-04-01,02H,NHS GREATER MANCHESTER ICB - 02H,51.0
recovery,2026-04-01,02M,NHS LANCASHIRE AND SOUTH CUMBRIA ICB - 02M,49.0
recovery,2026-04-01,02P,NHS SOUTH YORKSHIRE ICB - 02P,59.0
recovery,2026-04-01,02Q,NHS NOTTINGHAM AND NOTTINGHAMSHIRE ICB - 02Q,52.0
recovery,2026-04-01,02T,NHS WEST YORKSHIRE ICB - 02T,59.0
recovery,2026-04-01,02X,NHS SOUTH YORKSHIRE ICB - 02X,54.0
recovery,2026-04-01,02Y,NHS HUMBER AND NORTH YORKSHIRE ICB - 02Y,65.0
recovery,2026-04-01,03F,NHS HUMBER AND NORTH YORKSHIRE ICB - 03F,56.0
recovery,2026-04-01,03H,NHS HUMBER AND NORTH YORKSHIRE ICB - 03H,50.0
recovery,2026-04-01,03K,NHS HUMBER AND NORTH YORKSHIRE ICB - 03K,49.0
recovery,2026-04-01,03L,NHS SOUTH YORKSHIRE ICB - 03L,48.0
recovery,2026-04-01,03N,NHS SOUTH YORKSHIRE ICB - 03N,52.0
recovery,2026-04-01,03Q,NHS HUMBER AND NORTH YORKSHIRE ICB - 03Q,51.0
recovery,2026-04-01,03R,NHS WEST YORKSHIRE ICB - 03R,43.0
recovery,2026-04-01,03W,"NHS LEICESTER, LEICESTERSHIRE AND RUTLAND ICB - 03W",50.0
recovery,2026-04-01,04C,"NHS LEICESTER, LEICESTERSHIRE AND RUTLAND ICB - 04C",46.0
recovery,2026-04-01,04V,"NHS LEICESTER, LEICESTERSHIRE AND RUTLAND ICB - 04V",57.0
recovery,2026-04-01,04Y,NHS STAFFORDSHIRE AND STOKE-ON-TRENT ICB - 04Y,54.0
recovery,2026-04-01,05D,NHS STAFFORDSHIRE AND STOKE-ON-TRENT ICB - 05D,51.0
recovery,2026-04-01,05G,NHS STAFFORDSHIRE AND STOKE-ON-TRENT ICB - 05G,51.0
recovery,2026-04-01,05Q,NHS STAFFORDSHIRE AND STOKE-ON-TRENT ICB - 05Q,57.0
recovery,2026-04-01,05V,NHS STAFFORDSHIRE AND STOKE-ON-TRENT ICB - 05V,59.0
recovery,2026-04-01,05W,NHS STAFFORDSHIRE AND STOKE-ON-TRENT ICB - 05W,60.0
recovery,2026-04-01,06H,NHS CENTRAL EAST ICB - 06H,49.0
recovery,2026-04-01,06K,NHS CENTRAL EAST ICB - 06K,49.0
recovery,2026-04-01,06L,NHS NORFOLK AND SUFFOLK ICB - 06L,53.0
recovery,2026-04-01,06N,NHS CENTRAL EAST ICB - 06N,55.0
recovery,2026-04-01,06Q,NHS ESSEX ICB - 06Q,51.0
recovery,2026-04-01,06T,NHS ESSEX ICB - 06T,56.0
recovery,2026-04-01,07G,NHS ESSEX ICB - 07G,54.0
recovery,2026-04-01,07H,NHS ESSEX ICB - 07H,59.0
recovery,2026-04-01,07K,NHS NORFOLK AND SUFFOLK ICB - 07K,63.0
recovery,2026-04-01,09D,NHS SURREY AND SUSSEX ICB - 09D,40.0
recovery,2026-04-01,10Q,NHS THAMES VALLEY ICB - 10Q,50.0
recovery,2026-04-01,10R,NHS HAMPSHIRE AND ISLE OF WIGHT ICB - 10R,47.0
recovery,2026-04-01,11J,NHS DORSET ICB - 11J,45.0
recovery,2026-04-01,11M,NHS GLOUCESTERSHIRE ICB - 11M,47.0
recovery,2026-04-01,11N,NHS CORNWALL AND THE ISLES OF SCILLY ICB - 11N,55.0
recovery,2026-04-01,11X,NHS SOMERSET ICB - 11X,34.0
recovery,2026-04-01,12F,NHS CHESHIRE AND MERSEYSIDE ICB - 12F,43.0
recovery,2026-04-01,13Q,NATIONAL COMMISSIONING HUB 1,55.0
recovery,2026-04-01,13T,NHS NORTH EAST AND NORTH CUMBRIA ICB - 13T,54.0
recovery,2026-04-01,14L,NHS GREATER MANCHESTER ICB - 14L,42.0
recovery,2026-04-01,14R,EAST OF ENGLAND - H&J COMMISSIONING HUB,30.0
recovery,2026-04-01,14Y,NHS THAMES VALLEY ICB - 14Y,51.0
recovery,2026-04-01,15A,NHS THAMES VALLEY ICB - 15A,49.0
recovery,2026-04-01,15C,"NHS BRISTOL, NORTH SOMERSET AND SOUTH GLOUCESTERSHIRE ICB - 15C",58.0
recovery,2026-04-01,15E,NHS BIRMINGHAM AND SOLIHULL ICB - 15E,51.0
recovery,2026-04-01,15F,NHS WEST YORKSHIRE ICB - 15F,50.0
recovery,2026-04-01,15M,NHS DERBY AND DERBYSHIRE ICB - 15M,55.0
recovery,2026-04-01,15N,NHS DEVON ICB - 15N,51.0
recovery,2026-04-01,16C,NHS NORTH EAST AND NORTH CUMBRIA ICB - 16C,50.0
recovery,2026-04-01,18C,NHS HEREFORDSHIRE AND WORCESTERSHIRE ICB - 18C,48.0
recovery,2026-04-01,26A,NHS NORFOLK AND SUFFOLK ICB - 26A,53.0
recovery,2026-04-01,27D,NHS CHESHIRE AND MERSEYSIDE ICB - 27D,49.0
recovery,2026-04-01,36J,NHS WEST YORKSHIRE ICB - 36J,53.0
recovery,2026-04-01,36L,NHS SOUTH WEST LONDON ICB - 36L,51.0
recovery,2026-04-01,42D,NHS HUMBER AND NORTH YORKSHIRE ICB - 42D,52.0
recovery,2026-04-01,52R,NHS NOTTINGHAM AND NOTTINGHAMSHIRE ICB - 52R,55.0
recovery,2026-04-01,70F,NHS SURREY AND SUSSEX ICB - 70F,53.0
recovery,2026-04-01,71E,NHS LINCOLNSHIRE ICB - 71E,48.0
recovery,2026-04-01,72Q,NHS SOUTH EAST LONDON ICB - 72Q,52.0
recovery,2026-04-01,78H,NHS NORTHAMPTONSHIRE ICB - 78H,53.0
recovery,2026-04-01,84H,NHS NORTH EAST AND NORTH CUMBRIA ICB - 84H,49.0
recovery,2026-04-01,91Q,NHS KENT AND MEDWAY ICB - 91Q,51.0
recovery,2026-04-01,92A,NHS SURREY AND SUSSEX ICB - 92A,52.0
recovery,2026-04-01,92G,"NHS BATH AND NORTH EAST SOMERSET, SWINDON AND WILTSHIRE ICB - 92G",54.0
recovery,2026-04-01,93C,NHS WEST AND NORTH LONDON ICB - 93C,47.0
recovery,2026-04-01,97R,NHS SURREY AND SUSSEX ICB - 97R,49.0
recovery,2026-04-01,99A,NHS CHESHIRE AND MERSEYSIDE ICB - 99A,51.0
recovery,2026-04-01,99C,NHS NORTH EAST AND NORTH CUMBRIA ICB - 99C,53.0
recovery,2026-04-01,99E,NHS ESSEX ICB - 99E,59.0
recovery,2026-04-01,99F,NHS ESSEX ICB - 99F,54.0
recovery,2026-04-01,99G,NHS ESSEX ICB - 99G,57.0
recovery,2026-04-01,A3A8R,NHS NORTH EAST LONDON ICB - A3A8R,50.0
recovery,2026-04-01,B2M3M,NHS COVENTRY AND WARWICKSHIRE ICB - B2M3M,54.0
recovery,2026-04-01,D2P2L,NHS BLACK COUNTRY ICB - D2P2L,49.0
recovery,2026-04-01,D9Y0V,NHS HAMPSHIRE AND ISLE OF WIGHT ICB - D9Y0V,52.0
recovery,2026-04-01,InvalidCode,Unknown,46.0
recovery,2026-04-01,M1J4Y,NHS CENTRAL EAST ICB - M1J4Y,53.0
recovery,2026-04-01,M2L0M,"NHS SHROPSHIRE, TELFORD AND WREKIN ICB - M2L0M",52.0
recovery,2026-04-01,U2G6B,NHS THAMES VALLEY ICB - U2G6B,51.0
recovery,2026-04-01,W2U3Z,NHS WEST AND NORTH LONDON ICB - W2U3Z,50.0
recovery,2026-04-01,X2C4Y,NHS WEST YORKSHIRE ICB - X2C4Y,59.0
